<?xml version="1.0" encoding="UTF-8"?>
<kml xmlns="http://www.opengis.net/kml/2.2" xmlns:gx="http://www.google.com/kml/ext/2.2" xmlns:kml="http://www.opengis.net/kml/2.2" xmlns:atom="http://www.w3.org/2005/Atom">
<Document>
	<name>Almadinah Almunawwarah 2009.kml</name>
	<Style id="s_ylw-pushpin_hl1">
		<IconStyle>
			<scale>1.3</scale>
			<Icon>
				<href>https://maps.google.com/mapfiles/kml/pushpin/ylw-pushpin.png</href>
			</Icon>
			<hotSpot x="20" y="2" xunits="pixels" yunits="pixels"/>
		</IconStyle>
	</Style>
	<StyleMap id="m_ylw-pushpin0">
		<Pair>
			<key>normal</key>
			<styleUrl>#s_ylw-pushpin</styleUrl>
		</Pair>
		<Pair>
			<key>highlight</key>
			<styleUrl>#s_ylw-pushpin_hl1</styleUrl>
		</Pair>
	</StyleMap>
	<gx:CascadingStyle kml:id="__managed_style_1B5ADE6DDE3E7E31EFA0">
		<Style>
			<IconStyle>
				<scale>1.1</scale>
				<Icon>
					<href>https://maps.google.com/mapfiles/kml/pushpin/ylw-pushpin.png</href>
				</Icon>
			</IconStyle>
			<LabelStyle>
			</LabelStyle>
			<LineStyle>
				<color>ff2dc0fb</color>
			</LineStyle>
			<PolyStyle>
				<color>00eeeeee</color>
			</PolyStyle>
			<BalloonStyle>
			</BalloonStyle>
		</Style>
	</gx:CascadingStyle>
	<StyleMap id="__managed_style_0BC49F75993E7E31EFA0">
		<Pair>
			<key>normal</key>
			<styleUrl>#__managed_style_1B5ADE6DDE3E7E31EFA0</styleUrl>
		</Pair>
		<Pair>
			<key>highlight</key>
			<styleUrl>#__managed_style_2B75834C8B3E7E31EFA0</styleUrl>
		</Pair>
	</StyleMap>
	<gx:CascadingStyle kml:id="__managed_style_22332051463E7E003478">
		<styleUrl>https://earth.google.com/balloon_components/base/1.1.0.0/card_template.kml#main</styleUrl>
		<Style>
			<IconStyle>
				<scale>1.2</scale>
				<Icon>
					<href>https://earth.google.com/earth/document/icon?color=1976d2&amp;id=2000&amp;scale=4</href>
				</Icon>
				<hotSpot x="64" y="128" xunits="pixels" yunits="insetPixels"/>
			</IconStyle>
			<LabelStyle>
			</LabelStyle>
			<LineStyle>
				<color>ff2dc0fb</color>
				<width>6</width>
			</LineStyle>
			<PolyStyle>
				<color>40ffffff</color>
			</PolyStyle>
			<BalloonStyle>
			</BalloonStyle>
		</Style>
	</gx:CascadingStyle>
	<StyleMap id="__managed_style_0301E46B093E7E003478">
		<Pair>
			<key>normal</key>
			<styleUrl>#__managed_style_14309A2E033E7E003478</styleUrl>
		</Pair>
		<Pair>
			<key>highlight</key>
			<styleUrl>#__managed_style_22332051463E7E003478</styleUrl>
		</Pair>
	</StyleMap>
	<gx:CascadingStyle kml:id="__managed_style_2B75834C8B3E7E31EFA0">
		<Style>
			<IconStyle>
				<scale>1.32</scale>
				<Icon>
					<href>https://maps.google.com/mapfiles/kml/pushpin/ylw-pushpin.png</href>
				</Icon>
			</IconStyle>
			<LabelStyle>
			</LabelStyle>
			<LineStyle>
				<color>ff2dc0fb</color>
				<width>1.5</width>
			</LineStyle>
			<PolyStyle>
				<color>00eeeeee</color>
			</PolyStyle>
			<BalloonStyle>
			</BalloonStyle>
		</Style>
	</gx:CascadingStyle>
	<gx:CascadingStyle kml:id="__managed_style_14309A2E033E7E003478">
		<styleUrl>https://earth.google.com/balloon_components/base/1.1.0.0/card_template.kml#main</styleUrl>
		<Style>
			<IconStyle>
				<Icon>
					<href>https://earth.google.com/earth/document/icon?color=1976d2&amp;id=2000&amp;scale=4</href>
				</Icon>
				<hotSpot x="64" y="128" xunits="pixels" yunits="insetPixels"/>
			</IconStyle>
			<LabelStyle>
			</LabelStyle>
			<LineStyle>
				<color>ff2dc0fb</color>
				<width>4</width>
			</LineStyle>
			<PolyStyle>
				<color>40ffffff</color>
			</PolyStyle>
			<BalloonStyle>
			</BalloonStyle>
		</Style>
	</gx:CascadingStyle>
	<Style id="s_ylw-pushpin_hl0">
		<IconStyle>
			<scale>1.3</scale>
			<Icon>
				<href>https://maps.google.com/mapfiles/kml/pushpin/ylw-pushpin.png</href>
			</Icon>
			<hotSpot x="20" y="2" xunits="pixels" yunits="pixels"/>
		</IconStyle>
	</Style>
	<StyleMap id="m_ylw-pushpin00">
		<Pair>
			<key>normal</key>
			<styleUrl>#s_ylw-pushpin1</styleUrl>
		</Pair>
		<Pair>
			<key>highlight</key>
			<styleUrl>#s_ylw-pushpin_hl</styleUrl>
		</Pair>
	</StyleMap>
	<Style id="s_ylw-pushpin0">
		<IconStyle>
			<scale>1.1</scale>
			<Icon>
				<href>https://maps.google.com/mapfiles/kml/pushpin/ylw-pushpin.png</href>
			</Icon>
			<hotSpot x="20" y="2" xunits="pixels" yunits="pixels"/>
		</IconStyle>
	</Style>
	<StyleMap id="m_ylw-pushpin">
		<Pair>
			<key>normal</key>
			<styleUrl>#s_ylw-pushpin0</styleUrl>
		</Pair>
		<Pair>
			<key>highlight</key>
			<styleUrl>#s_ylw-pushpin_hl0</styleUrl>
		</Pair>
	</StyleMap>
	<Style id="s_ylw-pushpin1">
		<IconStyle>
			<scale>1.1</scale>
			<Icon>
				<href>https://maps.google.com/mapfiles/kml/pushpin/ylw-pushpin.png</href>
			</Icon>
			<hotSpot x="20" y="2" xunits="pixels" yunits="pixels"/>
		</IconStyle>
	</Style>
	<gx:CascadingStyle kml:id="__managed_style_2F8F3DBBEA3E7E01E0EC">
		<Style>
			<IconStyle>
				<scale>1.56</scale>
				<Icon>
					<href>https://maps.google.com/mapfiles/kml/pushpin/ylw-pushpin.png</href>
				</Icon>
			</IconStyle>
			<LabelStyle>
			</LabelStyle>
			<LineStyle>
				<color>ff2f2fd3</color>
				<width>4.5</width>
			</LineStyle>
			<PolyStyle>
				<color>40bdbdbd</color>
			</PolyStyle>
			<BalloonStyle>
			</BalloonStyle>
		</Style>
	</gx:CascadingStyle>
	<gx:CascadingStyle kml:id="__managed_style_14B9B778E63E7E01E0EC">
		<Style>
			<IconStyle>
				<scale>1.3</scale>
				<Icon>
					<href>https://maps.google.com/mapfiles/kml/pushpin/ylw-pushpin.png</href>
				</Icon>
			</IconStyle>
			<LabelStyle>
			</LabelStyle>
			<LineStyle>
				<color>ff2f2fd3</color>
				<width>3</width>
			</LineStyle>
			<PolyStyle>
				<color>40bdbdbd</color>
			</PolyStyle>
			<BalloonStyle>
			</BalloonStyle>
		</Style>
	</gx:CascadingStyle>
	<Style id="s_ylw-pushpin">
		<IconStyle>
			<scale>1.1</scale>
			<Icon>
				<href>https://maps.google.com/mapfiles/kml/pushpin/ylw-pushpin.png</href>
			</Icon>
			<hotSpot x="20" y="2" xunits="pixels" yunits="pixels"/>
		</IconStyle>
	</Style>
	<Style id="s_ylw-pushpin_hl">
		<IconStyle>
			<scale>1.3</scale>
			<Icon>
				<href>https://maps.google.com/mapfiles/kml/pushpin/ylw-pushpin.png</href>
			</Icon>
			<hotSpot x="20" y="2" xunits="pixels" yunits="pixels"/>
		</IconStyle>
	</Style>
	<StyleMap id="__managed_style_0AC7693EAA3E7E01E0EC">
		<Pair>
			<key>normal</key>
			<styleUrl>#__managed_style_14B9B778E63E7E01E0EC</styleUrl>
		</Pair>
		<Pair>
			<key>highlight</key>
			<styleUrl>#__managed_style_2F8F3DBBEA3E7E01E0EC</styleUrl>
		</Pair>
	</StyleMap>
	<Folder id="0D714427393E7DEE6624">
		<name>Almadinah Almunawwarah 2009.kml</name>
		<Placemark id="1EF88DB79B3E7DEE6624">
			<name>Vegetion 1</name>
			<styleUrl>#__managed_style_0AC7693EAA3E7E01E0EC</styleUrl>
			<Polygon>
				<tessellate>1</tessellate>
				<outerBoundaryIs>
					<LinearRing>
						<coordinates>
							39.63185009370515,24.41708940222204,0 39.6316728109415,24.41707580724547,0 39.63156753902427,24.41702454088226,0 39.63152889528471,24.41695275360428,0 39.63127206534739,24.41666401756102,0 39.63129312946977,24.41633204387435,0 39.63119432820739,24.41609834892877,0 39.63126384909811,24.41591263910644,0 39.63144042392297,24.41593061020948,0 39.63148654685836,24.41580613193575,0 39.6318624789501,24.41585783325686,0 39.63193914749389,24.41570342436377,0 39.63251447732534,24.41579565412928,0 39.63188558096664,24.41708901269593,0 39.63185009370515,24.41708940222204,0 
						</coordinates>
					</LinearRing>
				</outerBoundaryIs>
			</Polygon>
		</Placemark>
		<Placemark id="24231006903E7DEE6624">
			<name>Vegetion 2</name>
			<styleUrl>#m_ylw-pushpin</styleUrl>
			<Polygon>
				<tessellate>1</tessellate>
				<outerBoundaryIs>
					<LinearRing>
						<coordinates>
							39.63344393496772,24.41894668557222,0 39.63403368779387,24.41901906251095,0 39.63416647792616,24.41938166193695,0 39.63411437090792,24.41976731246618,0 39.63367501850898,24.41982959299996,0 39.63344393496772,24.41894668557222,0 
						</coordinates>
					</LinearRing>
				</outerBoundaryIs>
			</Polygon>
		</Placemark>
		<Placemark id="38466C5A6D3E7DEE6624">
			<name>Vegetion 3</name>
			<styleUrl>#m_ylw-pushpin</styleUrl>
			<Polygon>
				<tessellate>1</tessellate>
				<outerBoundaryIs>
					<LinearRing>
						<coordinates>
							39.63429393992088,24.41665359906615,0 39.63465391406104,24.41625202759784,0 39.6351222385058,24.4163052556118,0 39.63517907007695,24.41660016493946,0 39.63487940438957,24.41666623911139,0 39.63430364423522,24.41675882913571,0 39.63429393992088,24.41665359906615,0 
						</coordinates>
					</LinearRing>
				</outerBoundaryIs>
			</Polygon>
		</Placemark>
		<Placemark id="4CAB5D9E513E7DEE6624">
			<name>4</name>
			<styleUrl>#m_ylw-pushpin</styleUrl>
			<Polygon>
				<tessellate>1</tessellate>
				<outerBoundaryIs>
					<LinearRing>
						<coordinates>
							39.63388688076302,24.41778769659228,0 39.63382785825354,24.41723836965011,0 39.6341657385986,24.41683376006148,0 39.63465889637914,24.41678881833989,0 39.63526055254292,24.41728023397635,0 39.63524478312707,24.41739856998728,0 39.63477757301903,24.41769743928241,0 39.63476270732814,24.4178431672117,0 39.63456085022262,24.41814475625439,0 39.63439435513071,24.41809650457733,0 39.63388688076302,24.41778769659228,0 
						</coordinates>
					</LinearRing>
				</outerBoundaryIs>
			</Polygon>
		</Placemark>
		<Placemark id="5F5D17EAAB3E7DEE6624">
			<name>5</name>
			<styleUrl>#m_ylw-pushpin</styleUrl>
			<Polygon>
				<tessellate>1</tessellate>
				<outerBoundaryIs>
					<LinearRing>
						<coordinates>
							39.6337114239515,24.41721950532948,0 39.63371110330515,24.41721449365467,0 39.63371557316412,24.41720778312734,0 39.63371861940375,24.41720442682977,0 39.63387697243666,24.41777509682988,0 39.63286640392903,24.41711052308577,0 39.63286165765809,24.41711037166545,0 39.63285375023467,24.41711011946252,0 39.63284584641851,24.41710986734676,0 39.63283967758023,24.41710807220892,0 39.63283365011019,24.41710472612095,0 39.63282774239353,24.41709988936885,0 39.63282359501563,24.41709348795008,0 39.63282740355817,24.41708717341078,0 39.63283453280474,24.4170793220353,0 39.63284131108824,24.41707470224896,0 39.63284513545607,24.41706832622546,0 39.63284066752664,24.41706518122714,0 39.63283446816487,24.41706359795203,0 39.63282828755817,24.41706198472445,0 39.63281896773629,24.41706030676239,0 39.63281672170373,24.41705095732018,0 39.63282092869163,24.41704016780101,0 39.63282215673494,24.41702779170684,0 39.63282276877917,24.41702162486418,0 39.63282382707312,24.4170108836169,0 39.63282427569211,24.4170063005497,0 39.63282345680679,24.41699866768857,0 39.6328226405306,24.41699105629196,0 39.63282323161243,24.416985002499,0 39.63282375753579,24.41697908072554,0 39.63282752850818,24.41697171591647,0 39.63282973448553,24.41696435829746,0 39.63283348921058,24.41695702882068,0 39.63283736919279,24.41694823834548,0 39.6328412378996,24.41693947535979,0 39.63284188102715,24.41693216349423,0 39.63284561972699,24.41692487695677,0 39.63284767889494,24.41691905259025,0 39.63284806516889,24.41691468167522,0 39.63284883585531,24.41690595954622,0 39.63285088544341,24.41690017260782,0 39.63285300728266,24.41689425889847,0 39.63285513125551,24.41688834577567,0 39.63285739689173,24.41688097017866,0 39.63285956305882,24.41687499256844,0 39.63286174383899,24.41686899461026,0 39.63286237323693,24.41686303628052,0 39.63286452973043,24.41685709603732,0 39.63286683530576,24.41684969247389,0 39.63287066196958,24.41684230890529,0 39.63287279874742,24.41683642057172,0 39.6328764543011,24.41683054372524,0 39.63287855375157,24.4168247288417,0 39.63288062695944,24.41681896465108,0 39.63288421063118,24.4168132168718,0 39.63288792205847,24.41680604903482,0 39.63289024730076,24.41679747024316,0 39.63289544698787,24.41679035034953,0 39.63290049971494,24.41678467102149,0 39.63290842194505,24.41678042804318,0 39.63291306624386,24.41677901937111,0 39.63291933912011,24.41677619828641,0 39.63292535960926,24.41677620445738,0 39.63293138980856,24.41677619194228,0 39.63293892723377,24.41677617632575,0 39.63294646433148,24.41677616067885,0 39.63295400138833,24.4167761450101,0 39.63295991449342,24.41677755196722,0 39.63296879093086,24.41677906588493,0 39.63297475362103,24.41677919993703,0 39.63298071835515,24.41677933417374,0 39.63298668510573,24.41677946833423,0 39.63299414599655,24.41677963610479,0 39.63299862435262,24.41677973680297,0 39.63300468992907,24.41677847209696,0 39.63301361034734,24.41677876467013,0 39.63302106566496,24.41677897002623,0 39.63302852500897,24.41677917545086,0 39.6330359879654,24.41677938103864,0 39.63304056524154,24.4167780698362,0 39.63304653821093,24.41677823403501,0 39.63305262614527,24.41677691854836,0 39.63305873460549,24.41677554134558,0 39.63306502184384,24.41677129848719,0 39.63306996515094,24.41676422288766,0 39.63307480714043,24.41675858692566,0 39.63307947332245,24.41675578593703,0 39.6330857282399,24.41675154868834,0 39.63309039164022,24.41674873033342,0 39.63309371472881,24.41674307542503,0 39.63309711057104,24.41673602241377,0 39.63309884443662,24.41673179944692,0 39.6331021455937,24.41672618512272,0 39.63311117035094,24.41672482112887,0 39.63311713494172,24.41672484841111,0 39.63312317229034,24.41672347142824,0 39.63312771596723,24.41672208841041,0 39.63313665936364,24.41672212912357,0 39.63314248965159,24.41672496430547,0 39.63314806847661,24.41673343657395,0 39.63315080161049,24.41673909748283,0 39.63315353343653,24.41674478919847,0 39.63315772328615,24.41675189556375,0 39.63316351903403,24.4167574855242,0 39.63316636545309,24.41676169747165,0 39.63317072634693,24.41676590482819,0 39.63317353072206,24.41677154104213,0 39.63317484300757,24.41677714049066,0 39.63317615814826,24.4167827518853,0 39.63318216611926,24.41678411422654,0 39.63318973652922,24.41678406159418,0 39.63319730579787,24.41678400895089,0 39.6332048749865,24.41678395692597,0 39.63321096631859,24.41678252426424,0 39.63321701627836,24.416782493559,0 39.63322457841829,24.41678245529461,0 39.63323213937873,24.41678241687065,0 39.63324120399691,24.41678241678872,0 39.63324721870056,24.41678381442369,0 39.6332547480789,24.41678521372983,0 39.63326525630465,24.41678941750376,0 39.63327127620935,24.41679089156192,0 39.633278791801,24.41679378441829,0 39.63328783039399,24.41679670053354,0 39.63329686468309,24.41680100531279,0 39.63330141278171,24.41680103100444,0 39.63330744902053,24.41680389352305,0 39.63331349364532,24.41680553999283,0 39.63332107185516,24.41680582902035,0 39.63332561204432,24.41680741990083,0 39.63333168782975,24.4168074909198,0 39.63333775805715,24.41680899747192,0 39.633346869713,24.41681197912315,0 39.63335447219821,24.41681494364454,0 39.63336056163398,24.41681789299251,0 39.63336665740667,24.41681940141988,0 39.63337734636357,24.41682529997413,0 39.63338040410954,24.4168267650998,0 39.63338805275419,24.41682969969147,0 39.63339417270099,24.41683117236417,0 39.63340183529755,24.41683407614003,0 39.63340796400145,24.41683553190793,0 39.63341409634365,24.41683699399358,0 39.63342023238881,24.41683845692256,0 39.63342484168447,24.41683992049221,0 39.63343098463483,24.41684138524968,0 39.63343710873322,24.41684138614624,0 39.63344476145751,24.41684137009612,0 39.63345088332205,24.4168413511239,0 39.63345853548034,24.41684132737611,0 39.63346618698517,24.4168413036425,0 39.63347077785387,24.41684128940266,0 39.63347842868732,24.41684126565961,0 39.63348607922812,24.41684124193604,0 39.63349223630443,24.41684267296289,0 39.63349835781107,24.41684265394674,0 39.63350451945117,24.41684408566976,0 39.63351068419151,24.41684551809099,0 39.63351689597295,24.41684840444048,0 39.63352315710599,24.41685274089377,0 39.63353081113809,24.41685266009382,0 39.63353708178468,24.41685696507602,0 39.63354325971891,24.41685835821922,0 39.63355102560941,24.41686119512157,0 39.63355726587869,24.41686405115084,0 39.63356356905735,24.41686837321539,0 39.63356982338907,24.41687123637966,0 39.63357448813072,24.4168726523923,0 39.63358075198705,24.41687551965465,0 39.63358696729682,24.41687695480851,0 39.63359319887601,24.41687844297499,0 39.6335994340596,24.41687993201437,0 39.63360573554515,24.41688286806922,0 39.63361056151768,24.41688724441703,0 39.63361700990558,24.41689309512367,0 39.63362185902633,24.41689750615906,0 39.63362678516359,24.41690338436321,0 39.63363165169256,24.41690781230855,0 39.63363652627314,24.41691224767398,0 39.63364459522582,24.41691818884654,0 39.63365105145546,24.41692266695267,0 39.63365751867658,24.41692715276382,0 39.63366391415487,24.41693015892256,0 39.63367031718399,24.41693316871068,0 39.63367672769759,24.41693618194588,0 39.63368305772597,24.4169377073341,0 39.63369087202628,24.41693777968172,0 39.63369875317164,24.41693926599818,0 39.6337066225388,24.41694071015039,0 39.63371311688745,24.41694510753924,0 39.63371806186604,24.41694951886724,0 39.63372292390802,24.41695246068964,0 39.63372925251657,24.41695390704268,0 39.63373704984976,24.41695386998235,0 39.63374494469385,24.41695531420173,0 39.63375430231314,24.41695526967225,0 39.63376054024705,24.41695523991607,0 39.6337657349476,24.41696263468265,0 39.63377097142865,24.41697011668453,0 39.63377447089233,24.41697470593781,0 39.63377810766377,24.41698085693762,0 39.6337814883023,24.41698390884945,0 39.63378514006472,24.4169900818696,0 39.63379022714769,24.4169946770765,0 39.63379559790345,24.41700241306973,0 39.63379928014602,24.41700863067682,0 39.63380126416629,24.41701331873838,0 39.63380182350113,24.4170196238271,0 39.63380077418651,24.41702588206257,0 39.63379967005518,24.41703202968328,0 39.63380027434828,24.41703974126515,0 39.63380075883643,24.4170459258506,0 39.63380148793621,24.41705522836454,0 39.63380209708069,24.41706300402309,0 39.63380270811421,24.41707080129699,0 39.63380344340082,24.41708018651622,0 39.63381057888485,24.41706927364746,0 39.63370961515731,24.41719122686339,0 39.63370442030821,24.4171863086296,0 39.63370735680474,24.41718132967864,0 39.63371191056817,24.41717634620254,0 39.63371667097404,24.4171746594308,0 39.6337155854058,24.41718290942555,0 39.63371276276884,24.41718954472291,0 39.63371156166478,24.41719618199755,0 39.63371046392898,24.41720449794673,0 39.63371110330515,24.41721449365467,0 39.63371163805052,24.41722285153607,0 39.63371840261708,24.41722614376305,0 39.63372658963186,24.41722607101396,0 39.63373313847498,24.4172260130002,0 39.63373968685959,24.41722595483687,0 39.63374623448088,24.41722589675289,0 39.63375441838313,24.41722582407336,0 39.633760964804,24.41722576610033,0 39.63376763460361,24.41722738381954,0 39.63377583640703,24.41722736522589,0 39.63378241225064,24.41722739365635,0 39.63379064145292,24.41722745486051,0 39.63379887122608,24.41722751617622,0 39.63380558873234,24.41722923425508,0 39.6338122801351,24.41723086765932,0 39.63381896943947,24.41723248731406,0 39.63388490183324,24.41778624703131,0 39.6337114239515,24.41721950532948,0 
						</coordinates>
					</LinearRing>
				</outerBoundaryIs>
			</Polygon>
		</Placemark>
		<Placemark id="6AF572671B3E7DEE6624">
			<name>6</name>
			<styleUrl>#m_ylw-pushpin</styleUrl>
			<Polygon>
				<tessellate>1</tessellate>
				<outerBoundaryIs>
					<LinearRing>
						<coordinates>
							39.63293530094973,24.41858775176057,0 39.63321782875541,24.41862634881423,0 39.6331856928123,24.41887035843427,0 39.63288750230659,24.41879224454124,0 39.63293530094973,24.41858775176057,0 
						</coordinates>
					</LinearRing>
				</outerBoundaryIs>
			</Polygon>
		</Placemark>
		<Placemark id="7B3E2F86403E7DEE6624">
			<name>7</name>
			<styleUrl>#m_ylw-pushpin</styleUrl>
			<Polygon>
				<tessellate>1</tessellate>
				<outerBoundaryIs>
					<LinearRing>
						<coordinates>
							39.63251601473331,24.41851088381541,0 39.63251089486144,24.41851086684158,0 39.63250918835944,24.41851086129478,0 39.63251601473331,24.41851088381541,0 39.63288980477795,24.41857909934298,0 39.63283768678404,24.41880009032329,0 39.63249333381201,24.41877172756027,0 39.63251601473331,24.41851088381541,0 
						</coordinates>
					</LinearRing>
				</outerBoundaryIs>
			</Polygon>
		</Placemark>
		<Placemark id="8B9047A06C3E7DEE6624">
			<name>8</name>
			<styleUrl>#m_ylw-pushpin</styleUrl>
			<Polygon>
				<tessellate>1</tessellate>
				<outerBoundaryIs>
					<LinearRing>
						<coordinates>
							39.63212317774813,24.41901831135051,0 39.63213651309619,24.41875857959704,0 39.63317274073421,24.4188915457418,0 39.63316463472434,24.41914764774765,0 39.63212317774813,24.41901831135051,0 
						</coordinates>
					</LinearRing>
				</outerBoundaryIs>
			</Polygon>
		</Placemark>
		<Placemark id="989F5CF72A3E7DEE6624">
			<name>9</name>
			<styleUrl>#m_ylw-pushpin</styleUrl>
			<Polygon>
				<tessellate>1</tessellate>
				<outerBoundaryIs>
					<LinearRing>
						<coordinates>
							39.63256013287109,24.41983626790091,0 39.63223550728834,24.41931650425338,0 39.63210996938317,24.41904188121585,0 39.63341309897002,24.41914210836095,0 39.63356418243301,24.41969375727445,0 39.63256013287109,24.41983626790091,0 
						</coordinates>
					</LinearRing>
				</outerBoundaryIs>
			</Polygon>
		</Placemark>
		<Placemark id="A59743F6213E7DEE6624">
			<name>10</name>
			<styleUrl>#m_ylw-pushpin</styleUrl>
			<Polygon>
				<tessellate>1</tessellate>
				<outerBoundaryIs>
					<LinearRing>
						<coordinates>
							39.63294040601266,24.42024729613696,0 39.63294478941609,24.42024707548545,0 39.63295333187663,24.42024132399066,0 39.6325891594402,24.41990965416042,0 39.63313010936385,24.41977697227484,0 39.63323801700925,24.42018209906789,0 39.63294040601266,24.42024729613696,0 
						</coordinates>
					</LinearRing>
				</outerBoundaryIs>
			</Polygon>
		</Placemark>
		<Placemark id="B8450D7B003E7DEE6624">
			<name>11</name>
			<styleUrl>#m_ylw-pushpin</styleUrl>
			<Polygon>
				<tessellate>1</tessellate>
				<outerBoundaryIs>
					<LinearRing>
						<coordinates>
							39.63321805438444,24.41858001235833,0 39.6332218593747,24.4185777832368,0 39.63322955128346,24.41857521147756,0 39.63323913118073,24.4185707167831,0 39.63324293243799,24.41856851858684,0 39.6332330299574,24.41856871095023,0 39.63226496341234,24.41851111789327,0 39.63225698833912,24.41851137547643,0 39.63224902620397,24.41851156219047,0 39.63224106227197,24.41851174900263,0 39.63223309703069,24.41851193570675,0 39.63222525291746,24.41850994655467,0 39.63221728716643,24.41851013323581,0 39.63220945948297,24.41850808554292,0 39.63220377073123,24.41850374890929,0 39.63220628946963,24.41849494511735,0 39.63220899090773,24.41848370029427,0 39.6322099958469,24.41846960458169,0 39.63221249010935,24.41846245600745,0 39.63221711534301,24.41845295648185,0 39.63221975527473,24.41844356458967,0 39.63222615006624,24.41843489079542,0 39.63223046424689,24.41842832304298,0 39.63223854458113,24.41842397626845,0 39.63224479106684,24.41841743926847,0 39.63224932958418,24.41840654536527,0 39.63225554902039,24.41840004246141,0 39.6322598123288,24.41839354336524,0 39.63226785832153,24.41838909735283,0 39.63227600847917,24.41838250958716,0 39.6322821582663,24.41837769542915,0 39.63229032134931,24.41837089155522,0 39.63229646935907,24.41836290695255,0 39.63230253954856,24.41835683772273,0 39.6323068832876,24.41834648266921,0 39.63230911541653,24.41833864462508,0 39.63231141126008,24.41832891754934,0 39.63231355227663,24.41832312147201,0 39.63231586277498,24.41831329375233,0 39.63231812012867,24.41830529573382,0 39.63232218296429,24.41829946734035,0 39.6323300444909,24.41829386426783,0 39.63233773631978,24.41829228649454,0 39.63234733997498,24.41829075770844,0 39.63235697422722,24.41828902631049,0 39.63236469836657,24.41828721695896,0 39.63237244316498,24.41828524180411,0 39.63238012433873,24.41828522355092,0 39.63238786119867,24.41828326570133,0 39.63239756896628,24.41827936409386,0 39.63240524231389,24.41827934953358,0 39.6324129956556,24.41827716626224,0 39.63242074365662,24.4182749761533,0 39.63243036131521,24.4182746571509,0 39.63243997574081,24.41827433828074,0 39.63244958669176,24.41827401949573,0 39.63245734895773,24.41827150021779,0 39.63246697811678,24.41827087197839,0 39.63247852449,24.41827011854434,0 39.63248813894731,24.4182694912799,0 39.63249963192781,24.41826920544044,0 39.63250728940189,24.41826906393,0 39.63251689209507,24.41826687028964,0 39.63252645766009,24.41826669367439,0 39.63253602097176,24.4182665170868,0 39.63254560745632,24.41826432573335,0 39.63255518632518,24.41826213599192,0 39.63256284815591,24.41826005976779,0 39.63257239495494,24.41825995241911,0 39.63258002980741,24.41825992868879,0 39.63258956761335,24.41826010176335,0 39.63259911624304,24.41825829182391,0 39.63260674747856,24.4182584300484,0 39.63261629223253,24.41825662052599,0 39.63262774168758,24.41825484671635,0 39.63263918975681,24.41825507684998,0 39.63264682009123,24.4182532574433,0 39.63265444722447,24.41825143859151,0 39.6326620559811,24.41824568091427,0 39.63266966334982,24.41824036350239,0 39.63267344889518,24.41823481591511,0 39.63267720987646,24.41822696799407,0 39.63268094827006,24.41821710861873,0 39.63268280578947,24.41821117658766,0 39.63268464439482,24.41820323459461,0 39.63268647891422,24.41819531043496,0 39.63268641329677,24.41818726186716,0 39.63268633095955,24.41817719716717,0 39.63268621946963,24.41816477941441,0 39.6326861455823,24.4181565292767,0 39.63268607174354,24.41814830163435,0 39.63268598604891,24.41813824958189,0 39.63268592155766,24.41813033879666,0 39.63268583684057,24.418120325658,0 39.63268760631801,24.41810994208033,0 39.6326875083224,24.41809972054719,0 39.63268926684388,24.41808790146278,0 39.63268915023171,24.41807581618405,0 39.63269091816598,24.41806752722549,0 39.63269268040793,24.41805926358575,0 39.63269628666135,24.41805103517548,0 39.63270176912616,24.41804668783715,0 39.63270724302553,24.4180423549396,0 39.63271643623664,24.41804171911343,0 39.63272375567752,24.4180392394928,0 39.63273106974511,24.41803683310884,0 39.63273841695896,24.41803649805686,0 39.63274567899925,24.41803213097111,0 39.63275304265851,24.41803216237056,0 39.63276034702594,24.41802856471326,0 39.6327676653365,24.41802666241794,0 39.63277490927831,24.41802254184316,0 39.63278220551095,24.41802053317853,0 39.63278942960393,24.41801642208972,0 39.63279848568096,24.41801242225698,0 39.63280577141418,24.41801052088134,0 39.63281297560776,24.41800651931846,0 39.63282024929353,24.41800462154193,0 39.6328274353497,24.41800062837288,0 39.63283469759201,24.41799873440121,0 39.63284197021036,24.41799695371794,0 39.6328492397572,24.41799517560909,0 39.63285844194809,24.41799555691143,0 39.63286580692184,24.41799586214905,0 39.63287501722151,24.41799624380031,0 39.63288238914784,24.41799654925374,0 39.63288987437166,24.41799895441115,0 39.63289725531239,24.41799926068905,0 39.63290648555678,24.41799964366257,0 39.63291382033005,24.41799966390187,0 39.63292298349948,24.41799965975725,0 39.63293033843048,24.41799978336169,0 39.63293953398368,24.41799993757695,0 39.63294689169328,24.41800006119656,0 39.63295432921488,24.41800200275814,0 39.63296343873927,24.41800172840353,0 39.63297084805544,24.41800206838685,0 39.63297840185569,24.41800447870529,0 39.63298622721911,24.4180109248989,0 39.63299372427959,24.41801300105784,0 39.63299961377702,24.41801892494918,0 39.6330072346143,24.41802290213528,0 39.63301478111253,24.41802508699207,0 39.63302259845156,24.41803123147892,0 39.63303016500121,24.41803342427363,0 39.63303801265624,24.41803958808483,0 39.63304564063496,24.41804194870671,0 39.63305352965222,24.41804817092686,0 39.6330630947549,24.41805222727206,0 39.63306880493212,24.41805425104129,0 39.63307637986203,24.41805629629298,0 39.63308368932776,24.41805446902442,0 39.63309285556397,24.41805266981316,0 39.6331021588677,24.41805280593256,0 39.63310945978175,24.41805098012295,0 39.63311675697734,24.41804915517656,0 39.63312405089037,24.41804733105584,0 39.63313521177911,24.41804749368855,0 39.63355179272263,24.41823067679459,0 39.633373182846,24.41849867814689,0 39.63321805438444,24.41858001235833,0 
						</coordinates>
					</LinearRing>
				</outerBoundaryIs>
			</Polygon>
		</Placemark>
		<Placemark id="C69E29F6F13E7DEE6624">
			<name>12</name>
			<styleUrl>#m_ylw-pushpin</styleUrl>
			<Polygon>
				<tessellate>1</tessellate>
				<outerBoundaryIs>
					<LinearRing>
						<coordinates>
							39.63159100412577,24.41806810114875,0 39.63159132841078,24.4180649568028,0 39.6315954655085,24.41805260070855,0 39.63160504348725,24.41804357196571,0 39.63161198780933,24.4180314813971,0 39.63162682815162,24.41802847947551,0 39.63163847804943,24.41802849736018,0 39.63164544320099,24.41801625566955,0 39.63165210978153,24.41800709319504,0 39.6316672223354,24.41800095194056,0 39.63167596574893,24.4180008817658,0 39.63168814145354,24.41799475573509,0 39.63170000008139,24.41799178415689,0 39.63170150459853,24.41797382094488,0 39.63170300399124,24.41795592009105,0 39.6317013623752,24.41794104297739,0 39.63170318112487,24.41792009024212,0 39.63170422453189,24.41790813613706,0 39.63170789681129,24.41789914935854,0 39.63170948295023,24.4178812150529,0 39.63171626910562,24.41786930456328,0 39.63172017502146,24.41785742258674,0 39.63172717340917,24.41784265366378,0 39.63173649104105,24.41783385402544,0 39.63174839037403,24.41782804034447,0 39.63176027835445,24.41782222670448,0 39.63177191379532,24.4178193630602,0 39.63178353523192,24.41781650565931,0 39.63179801109573,24.41781363483042,0 39.63180655371627,24.41781367395836,0 39.63181819382653,24.41781072600732,0 39.63183245024098,24.41781072607215,0 39.63184673688649,24.41781063418737,0 39.63186104302092,24.41781047008155,0 39.63187248732513,24.41781033834467,0 39.63188352883501,24.41781604142906,0 39.63189480744566,24.417818735243,0 39.63190575807356,24.41782708027637,0 39.63191691717167,24.41783250287354,0 39.63192826466791,24.4178350323237,0 39.63193973508994,24.41783487176045,0 39.63195681883598,24.41783507280517,0 39.63197104492005,24.41783528905287,0 39.63198527389637,24.41783550531089,0 39.63199950519243,24.41783572165403,0 39.63201089252119,24.41783589473867,0 39.63202514986276,24.41783602271062,0 39.63203660273541,24.41783593001632,0 39.63204821138517,24.41783289077553,0 39.63205995675916,24.41782694713075,0 39.63206625411348,24.41781527387559,0 39.63206966857462,24.41780371880354,0 39.63206464864196,24.41778945463604,0 39.6320596402963,24.41777524379519,0 39.63205734591682,24.4177639027043,0 39.63205222362615,24.41775257822585,0 39.63205290847375,24.41773847507309,0 39.63206449292778,24.41773286869436,0 39.63207580302746,24.41773290358709,0 39.63208721240898,24.41773024492524,0 39.63209813835335,24.41773875992532,0 39.63210614037229,24.41775004564873,0 39.63211415923885,24.41776135519051,0 39.63212230896332,24.41776988282921,0 39.632130359651,24.41778123515486,0 39.63213853861458,24.41778979528817,0 39.63214662099569,24.41780120424146,0 39.6321547096217,24.41781269062743,0 39.63216281827133,24.41782419387427,0 39.63217095495961,24.41783566670133,0 39.63217921131385,24.41784430164294,0 39.6321872603359,24.4178565500795,0 39.63219533215683,24.41786883289049,0 39.63220057016058,24.41788105443862,0 39.63220871859225,24.41789317080828,0 39.6322111516359,24.41790518385126,0 39.63221922291856,24.41792041632657,0 39.63222752787669,24.41792966345696,0 39.63224142487567,24.41794500361182,0 39.63224700896105,24.41795106122803,0 39.63225819805694,24.41796319907207,0 39.63225485340209,24.41797812695479,0 39.63225149421352,24.41799312866648,0 39.6322510221805,24.41800825656334,0 39.63225064880604,24.41802035606117,0 39.63225003843896,24.41803898295014,0 39.63225233736951,24.4180577485883,0 39.63225494937453,24.41806718994767,0 39.63226662816012,24.41806744076797,0 39.63227812051218,24.41807395810359,0 39.63229273419187,24.41807428309634,0 39.63230434292627,24.41807767817666,0 39.63231587975334,24.41808421569513,0 39.63232426824933,24.41810014127596,0 39.63232966983014,24.41811921780221,0 39.63234098766974,24.41813844860161,0 39.63234952865663,24.41815149608484,0 39.63236118336232,24.41815826232319,0 39.63215176161478,24.41837368131836,0 39.63159100412577,24.41806810114875,0 
						</coordinates>
					</LinearRing>
				</outerBoundaryIs>
			</Polygon>
		</Placemark>
		<Placemark id="DC208ECD5F3E7DEE6624">
			<name>13</name>
			<styleUrl>#m_ylw-pushpin</styleUrl>
			<Polygon>
				<tessellate>1</tessellate>
				<outerBoundaryIs>
					<LinearRing>
						<coordinates>
							39.6327144981656,24.41797362157758,0 39.63236528587395,24.41788981195721,0 39.63216439030923,24.417595096291,0 39.6321754594678,24.41759526328917,0 39.63218431651364,24.4175953970053,0 39.63203850934772,24.41707225411798,0 39.63204498516654,24.41706992488223,0 39.63205766238149,24.41706761901046,0 39.63205989829957,24.41706552369762,0 39.63205193550053,24.41706136452387,0 39.63204431658696,24.41705304335453,0 39.63204548212405,24.41703849857421,0 39.63204458250429,24.41702402104632,0 39.63204318849367,24.41701577838196,0 39.63204352083822,24.41701166223508,0 39.63204418419649,24.417003445403,0 39.6320507972947,24.41699738984182,0 39.63205942984117,24.41699139086402,0 39.63206790060104,24.41698741652506,0 39.63207256876608,24.41697940470687,0 39.63207722557794,24.41697141189279,0 39.63207997289649,24.41696143808873,0 39.63208053587518,24.4169534803205,0 39.63208326851341,24.41694356914102,0 39.63208571981617,24.41693763537192,0 39.63208655479947,24.41692577447508,0 39.63208752562649,24.41691198705394,0 39.63209009821451,24.4169041445552,0 39.63209062967187,24.41689635477129,0 39.63209113699276,24.41688864359711,0 39.6320936562912,24.41688095967697,0 39.6320942848815,24.41687136268767,0 39.63209691972365,24.41686180159143,0 39.63209754239085,24.41685225378845,0 39.63209803928385,24.41684463321728,0 39.6320986591438,24.4168351292368,0 39.63209940092447,24.41682375646315,0 39.63210014047148,24.4168124186042,0 39.63210262509095,24.41680488995156,0 39.63210335750028,24.41679360996061,0 39.63210583266579,24.41678611916101,0 39.63210655831278,24.41677489599073,0 39.63210724198957,24.41676537668335,0 39.63211150170791,24.41676153287123,0 39.6321190623525,24.41676718519303,0 39.6321246700119,24.41677278897388,0 39.63213230498725,24.41677832440638,0 39.63213983341633,24.416785752884,0 39.6321473764643,24.41679319575919,0 39.6321511451488,24.41679695467918,0 39.63216089733236,24.41680072742223,0 39.63216655484348,24.41680639989574,0 39.63217423849886,24.4168120300147,0 39.63218204410489,24.41681575683594,0 39.63218774039746,24.41682142445806,0 39.63219143510345,24.41682712466065,0 39.63219914232863,24.41683283769589,0 39.63220484782612,24.41683858630469,0 39.63221246134416,24.41684629998013,0 39.63222008712273,24.41685404373726,0 39.63222581743182,24.41685986289292,0 39.63223155743066,24.41686569185106,0 39.63223912969165,24.41687542890461,0 39.6322429714017,24.41687933145012,0 39.63224672302842,24.41688519326309,0 39.63225452269189,24.41689106522422,0 39.63225829041208,24.41689694691923,0 39.63226813782229,24.41690283881816,0 39.63227386226553,24.41691071011586,0 39.63228171392561,24.41691662538722,0 39.63228551815669,24.41692254865776,0 39.63229339303471,24.41692848370194,0 39.63229924801096,24.41693442826489,0 39.63230707026394,24.41694237011877,0 39.63231492091757,24.41695027796305,0 39.63232082756222,24.41695618125218,0 39.63232874398761,24.41696392095653,0 39.63233667584615,24.41697167689873,0 39.63234269980478,24.4169755164144,0 39.63235084560919,24.41697732471538,0 39.63236104596461,24.41697908864461,0 39.63236925398702,24.41697891265588,0 39.63237739548934,24.41698078128764,0 39.63238763785658,24.41698066503654,0 39.63239583089369,24.41698057226735,0 39.63240810896654,24.41698049882804,0 39.63241629394976,24.41698045211795,0 39.63242652456901,24.41698039370419,0 39.63243470802534,24.41698034701598,0 39.63244289125913,24.4169803002877,0 39.63245107414476,24.41698025362597,0 39.63246130169922,24.41698019527982,0 39.63246945669194,24.41698208809945,0 39.63247758992479,24.4169859228195,0 39.63248570749874,24.41699170485634,0 39.63248975960681,24.41699557180647,0 39.63248151624274,24.4169995134118,0 39.63247331599664,24.41699956084502,0 39.63246508767372,24.41700155699807,0 39.63245884752798,24.41700744439103,0 39.63245667136445,24.41701532362103,0 39.63245648011466,24.41702721146336,0 39.63245632018722,24.4170371458204,0 39.63245412620972,24.41704516902089,0 39.6324540201498,24.41705124367567,0 39.6324517733534,24.41706143869041,0 39.63244959367675,24.41706758882124,0 39.63244944697015,24.41707574037597,0 39.63244722345102,24.41708395913131,0 39.63244495709885,24.41709424648531,0 39.63244904314473,24.41709824318183,0 39.63245944474122,24.417097988055,0 39.63246779437011,24.41709573655745,0 39.63247613471827,24.41709352871309,0 39.63248446855847,24.41709132266268,0 39.6324969121171,24.41709125553039,0 39.63250934312173,24.41709142603661,0 39.63251763535782,24.41709146534018,0 39.63253007644551,24.41709146593643,0 39.63253837055176,24.41709146640366,0 39.6325487382728,24.41709146696551,0 39.63256117795939,24.41709153882687,0 39.63257154440663,24.41709175589114,0 39.63257983970044,24.41709195028713,0 39.63258813950712,24.41709434742024,0 39.63259851927398,24.41709467805553,0 39.63260682655541,24.4170949413867,0 39.63261514738849,24.41709734038076,0 39.63262347681842,24.41709974193445,0 39.63263181462732,24.41710214585709,0 39.63264014145579,24.41710241048469,0 39.63265264129254,24.41710288967479,0 39.6326630639689,24.41710328922784,0 39.63267140218963,24.41710353953481,0 39.63267974288181,24.41710378369919,0 39.63269017218435,24.41710408899566,0 39.63270061067225,24.41710445733476,0 39.63271106328855,24.4171049302063,0 39.63272150436042,24.4171052099132,0 39.63273194901598,24.41710548505191,0 39.63274030771368,24.41710570523242,0 39.63275075869721,24.41710597512144,0 39.63276329860155,24.41710624958215,0 39.6327695705823,24.41710638683074,0 39.63278211769771,24.4171066613809,0 39.63278839274437,24.41710679872451,0 39.63279676732958,24.41710702130452,0 39.6328052054224,24.41710930606263,0 39.63281155463092,24.41711153651661,0 39.63282420110543,24.41711393784232,0 39.63283055700352,24.41711613633746,0 39.63284106392331,24.41711648587127,0 39.63284751528904,24.41712082592758,0 39.63285405051136,24.41712724375911,0 39.63286059813376,24.41713367401661,0 39.63286006253965,24.417119168924,0 39.63343937450433,24.41751777233577,0 39.63316547082899,24.41800169615371,0 39.6327144981656,24.41797362157758,0 
						</coordinates>
					</LinearRing>
				</outerBoundaryIs>
			</Polygon>
		</Placemark>
		<Placemark id="EC57FF68D13E7DEE6624">
			<name>14</name>
			<styleUrl>#m_ylw-pushpin</styleUrl>
			<Polygon>
				<tessellate>1</tessellate>
				<outerBoundaryIs>
					<LinearRing>
						<coordinates>
							39.63338028255398,24.41759275521484,0 39.63350655879904,24.41758292461184,0 39.63337350769814,24.41759249548398,0 39.63325731058645,24.4178693898615,0 39.63326814767729,24.41786165639503,0 39.63327667034628,24.41785396598217,0 39.63328246407644,24.41784133759234,0 39.63328414240635,24.41783392937355,0 39.63328561393175,24.41782408102592,0 39.63328687812896,24.41781181459862,0 39.63328791437203,24.41779707107886,0 39.63328909072187,24.4177846313728,0 39.63329643947328,24.41776483830895,0 39.63330031994477,24.41775743488211,0 39.63330827436321,24.41774509571328,0 39.63331636672397,24.41773505784039,0 39.63332397592598,24.41772016294284,0 39.63332798079492,24.41771511408379,0 39.63333749865847,24.4176994317632,0 39.63334772530426,24.41768943854454,0 39.63335395134363,24.41768444568681,0 39.63336663977229,24.41767694879418,0 39.63337929177638,24.4176694460077,0 39.63339226199783,24.41766460485938,0 39.63340034764281,24.41765528415608,0 39.63340387812593,24.41764582929421,0 39.63340288799921,24.41763630251033,0 39.63340389979125,24.41762444533473,0 39.63340515430411,24.41761499597882,0 39.63340338332559,24.41759836141519,0 39.63340237492076,24.41758888773439,0 39.63339484959729,24.41758153972519,0 39.63338155887083,24.41758338407509,0 39.63336826822069,24.41758522994491,0 39.63336176468018,24.41758739240473,0 39.63335057046205,24.41758717468386,0 39.63334675024457,24.41759406143563,0 39.63335449600742,24.4176038692417,0 39.6333624473303,24.41761594077943,0 39.63337267657771,24.41762809644955,0 39.63338244629445,24.41763550842612,0 39.63339405504109,24.41763834808812,0 39.63340036848626,24.41763382731967,0 39.63340616328799,24.41762451209131,0 39.63340742133384,24.41761508407431,0 39.63340816200041,24.41760090752009,0 39.63340915362407,24.41758914722596,0 39.63340813899435,24.41757969550445,0 39.63340061592262,24.41757236520799,0 39.63339310862636,24.41756505015131,0 39.6333861085283,24.41756244501108,0 39.63355083722712,24.41758080596928,0 39.63359404853497,24.41760996562153,0 39.6336736479749,24.41771019669001,0 39.6337009071466,24.4178039864298,0 39.63360537498703,24.41789109475941,0 39.63359689507606,24.41789641144768,0 39.63359037835389,24.41789915427605,0 39.63357989779769,24.41790706753119,0 39.63357138414947,24.41791241362166,0 39.63356258122937,24.41791529112503,0 39.63355435606237,24.4179232231204,0 39.63354553194944,24.41792610983719,0 39.63353441896833,24.41792908892231,0 39.63352360586386,24.41793466973587,0 39.63351014197632,24.41793764739056,0 39.63349924610079,24.4179431204907,0 39.63349264251146,24.41794589187115,0 39.63348344536449,24.41794614482258,0 39.6334722306725,24.41794904547771,0 39.63346128648694,24.41795453691705,0 39.63345437711207,24.41795472764391,0 39.63344774339046,24.4179575086496,0 39.63343215327494,24.41796314126814,0 39.63341626985198,24.41796618503867,0 39.63340934426407,24.41796637700527,0 39.63340010864151,24.41796663302257,0 39.63338881908472,24.41796955250328,0 39.63338188683177,24.41796974487156,0 39.63337289224597,24.41797260301645,0 39.63335209237049,24.41797318632261,0 39.63334539433558,24.41797600971602,0 39.63332690591377,24.41797662014447,0 39.63331072072322,24.41797715456801,0 39.63329699528098,24.4179799689451,0 39.63328067651864,24.41798011062599,0 39.63326668767132,24.41798023230158,0 39.63325269707929,24.41798035386643,0 39.63323639762031,24.41798058145215,0 39.63322476795796,24.41798078558646,0 39.63321541495554,24.41798078726632,0 39.63320370168108,24.41798068292567,0 39.63319438529971,24.41798083024562,0 39.63318230904693,24.41797561924773,0 39.63317703933416,24.4179677232029,0 39.6331811098097,24.41795983786972,0 39.63319196353642,24.41794937800775,0 39.63320299706035,24.4179415676115,0 39.63321189264972,24.41793637784057,0 39.63322289182353,24.41792858530383,0 39.63323405771153,24.4179233249677,0 39.63325171965603,24.4179128646809,0 39.63326053269153,24.41790764509093,0 39.63326889310883,24.41789730459625,0 39.63327767712962,24.41789210600039,0 39.63328622371884,24.41788435968446,0 39.63329290670318,24.41788174891811,0 39.63329636929593,24.41786897001363,0 39.63329752544107,24.41785625126067,0 39.63330120425551,24.41784609761968,0 39.63330014486068,24.41783373921635,0 39.63330139259271,24.41782144973802,0 39.63330035636813,24.41780922099641,0 39.63329907322527,24.41779445813079,0 39.63329819374277,24.41778455814572,0 39.63329276947328,24.41777472005111,0 39.63338028255398,24.41759275521484,0 
						</coordinates>
					</LinearRing>
				</outerBoundaryIs>
			</Polygon>
		</Placemark>
		<Placemark id="F759FE7FFF3E7DEE6624">
			<name>15</name>
			<styleUrl>#m_ylw-pushpin</styleUrl>
			<Polygon>
				<tessellate>1</tessellate>
				<outerBoundaryIs>
					<LinearRing>
						<coordinates>
							39.63729906043157,24.41538050133478,0 39.63729065384327,24.41537849057131,0 39.63728226464893,24.41537423898673,0 39.6372717821878,24.41536995976914,0 39.63727396282918,24.41536091213867,0 39.63728450026355,24.41535614199478,0 39.63710036503085,24.41514448891604,0 39.63766378760144,24.41461191082943,0 39.63785845479617,24.41481614061786,0 39.63729906043157,24.41538050133478,0 
						</coordinates>
					</LinearRing>
				</outerBoundaryIs>
			</Polygon>
		</Placemark>
		<Placemark id="10A3C7BFCC83E7DEE6624">
			<name>16</name>
			<styleUrl>#m_ylw-pushpin</styleUrl>
			<Polygon>
				<tessellate>1</tessellate>
				<outerBoundaryIs>
					<LinearRing>
						<coordinates>
							39.63760856012831,24.41527101335041,0 39.63820936100164,24.41576145940608,0 39.63792651004792,24.41616109444615,0 39.63722640947061,24.41606014423308,0 39.63689021331741,24.41569652764158,0 39.63743297999591,24.41532182028269,0 39.63743927227995,24.41532404447128,0 39.63760856012831,24.41527101335041,0 
						</coordinates>
					</LinearRing>
				</outerBoundaryIs>
			</Polygon>
		</Placemark>
		<Placemark id="116F34917DD3E7DEE6624">
			<name>17</name>
			<styleUrl>#m_ylw-pushpin</styleUrl>
			<Polygon>
				<tessellate>1</tessellate>
				<outerBoundaryIs>
					<LinearRing>
						<coordinates>
							39.63868527903932,24.4148957687166,0 39.63868260400774,24.41489187739792,0 39.63867726181771,24.41488410714205,0 39.63867226203131,24.41487826753664,0 39.6384274313983,24.41449456515125,0 39.63897479641169,24.41431204493806,0 39.63907239686036,24.41477454704488,0 39.63868527903932,24.4148957687166,0 
						</coordinates>
					</LinearRing>
				</outerBoundaryIs>
			</Polygon>
		</Placemark>
		<Placemark id="12165E0F2603E7DEE6624">
			<name>18</name>
			<styleUrl>#m_ylw-pushpin</styleUrl>
			<Polygon>
				<tessellate>1</tessellate>
				<outerBoundaryIs>
					<LinearRing>
						<coordinates>
							39.63576532357821,24.42842257242747,0 39.63841805939091,24.42814161105491,0 39.63822157804852,24.4297709405194,0 39.63798210489523,24.42990263503257,0 39.63777016166828,24.43002763154961,0 39.63717036041174,24.43023758685342,0 39.63615388023636,24.43081514444745,0 39.63576532357821,24.42842257242747,0 
						</coordinates>
					</LinearRing>
				</outerBoundaryIs>
			</Polygon>
		</Placemark>
		<Placemark id="13F140EEF103E7DEE6624">
			<name>19</name>
			<styleUrl>#m_ylw-pushpin</styleUrl>
			<Polygon>
				<tessellate>1</tessellate>
				<outerBoundaryIs>
					<LinearRing>
						<coordinates>
							39.63503781910679,24.42971894827329,0 39.63312199065201,24.42860591794119,0 39.63417698677569,24.42699358605186,0 39.6348723292931,24.42676462713703,0 39.63492550057062,24.42676383108113,0 39.63496981798892,24.42676322077472,0 39.63500529445566,24.42676308775281,0 39.63504961875055,24.42676267438065,0 39.63508509590101,24.42676256185208,0 39.63512949241694,24.42676282963396,0 39.63512092880057,24.42677974501218,0 39.63507708432697,24.42681359606557,0 39.63503305072224,24.42683912546219,0 39.6350150228082,24.42682223301053,0 39.6350321565541,24.42677989084296,0 39.63506734352468,24.42676245791609,0 39.63509367112482,24.4267456049853,0 39.63584008839867,24.42939949171697,0 39.63518862322672,24.42706086899758,0 39.6357477946294,24.42923990225133,0 39.63527571928047,24.42736913975085,0 39.63619517388356,24.42940477524015,0 39.63503781910679,24.42971894827329,0 
						</coordinates>
					</LinearRing>
				</outerBoundaryIs>
			</Polygon>
		</Placemark>
		<Placemark id="14756B27EC53E7DEE6624">
			<name>20</name>
			<styleUrl>#m_ylw-pushpin</styleUrl>
			<Polygon>
				<tessellate>1</tessellate>
				<outerBoundaryIs>
					<LinearRing>
						<coordinates>
							39.6361549720255,24.43083739205998,0 39.63488260775966,24.43079774259792,0 39.63488217236931,24.42967218837,0 39.63490203975513,24.4297218583382,0 39.63602086562378,24.42958726031519,0 39.6361549720255,24.43083739205998,0 
						</coordinates>
					</LinearRing>
				</outerBoundaryIs>
			</Polygon>
		</Placemark>
		<Placemark id="15B1F7727D53E7DEE6624">
			<name>21</name>
			<styleUrl>#m_ylw-pushpin</styleUrl>
			<Polygon>
				<tessellate>1</tessellate>
				<outerBoundaryIs>
					<LinearRing>
						<coordinates>
							39.63240203953503,24.43063245579719,0 39.63282161702838,24.42908018642327,0 39.6335094771046,24.42880965942212,0 39.63488421012703,24.42982914469573,0 39.63487711353802,24.43012086033025,0 39.63487089732665,24.43010040067869,0 39.63437401787111,24.42998715042314,0 39.63438343069513,24.42999045321525,0 39.63327241664376,24.43072578230595,0 39.63240203953503,24.43063245579719,0 
						</coordinates>
					</LinearRing>
				</outerBoundaryIs>
			</Polygon>
		</Placemark>
		<Placemark id="169317EDA313E7DEE6624">
			<name>22</name>
			<styleUrl>#m_ylw-pushpin</styleUrl>
			<Polygon>
				<tessellate>1</tessellate>
				<outerBoundaryIs>
					<LinearRing>
						<coordinates>
							39.63103004044285,24.42799808271167,0 39.63102761036551,24.42799813692732,0 39.63101761044526,24.42799324600955,0 39.63100774474644,24.42799085335689,0 39.63099775099102,24.42798591822287,0 39.63098789048647,24.42798349660051,0 39.63097557298415,24.42798096167569,0 39.63096557601474,24.42797588697114,0 39.63095327576976,24.42797335647714,0 39.63094327988004,24.42796819045449,0 39.63093085832129,24.42796298987187,0 39.63092100628667,24.42796039449721,0 39.63091116055444,24.4279578008313,0 39.63090120500215,24.42795261199807,0 39.63088894683226,24.42795002487088,0 39.63087187229499,24.42794763080587,0 39.63085965850293,24.4279452380362,0 39.63084987404811,24.42794282159786,0 39.6308376709659,24.42794043109522,0 39.63082313239396,24.42794057937008,0 39.63081336033012,24.42793816501557,0 39.63080367643101,24.42793830805396,0 39.6307914904954,24.42793592727389,0 39.63078179429671,24.42793600154739,0 39.63076960473745,24.42793354183837,0 39.63075990530799,24.42793354954236,0 39.63074772340563,24.42793106400261,0 39.63074045106104,24.42793106973842,0 39.63072822730285,24.42792610233673,0 39.63071848713296,24.42792362694353,0 39.63070628528127,24.42791867450434,0 39.63069409669731,24.42791372753945,0 39.63068433948693,24.42790878410176,0 39.63067221244376,24.42790632012025,0 39.63065519553792,24.42789892098653,0 39.63064305340804,24.42789384421312,0 39.63063333752842,24.42788872537632,0 39.63062365868101,24.4278861165038,0 39.63061396506416,24.42788100765297,0 39.63060189350265,24.42787840247029,0 39.630587437569,24.42787840829012,0 39.63058019744692,24.42787588139565,0 39.63056573806765,24.42787332419304,0 39.630556102154,24.42787078994942,0 39.63054887875975,24.42786826804403,0 39.63053684788254,24.42786821451467,0 39.6305248266418,24.42786318622498,0 39.63051281217164,24.4278606476751,0 39.63050320718084,24.42785814646285,0 39.63048880367877,24.42785564569842,0 39.63047681059488,24.42785314742342,0 39.63046482492116,24.42785065049186,0 39.63045284617825,24.42784815511193,0 39.63044567403629,24.4278456629173,0 39.63043370851931,24.42784317061048,0 39.63042176489027,24.42784045539343,0 39.63041222622594,24.4278377601076,0 39.63040030329115,24.42783501433054,0 39.63038839090821,24.42783227405182,0 39.63037653108934,24.42782712892107,0 39.630369463007,24.42782207618339,0 39.63036001826931,24.42781698758638,0 39.63035302469049,24.42780949451113,0 39.63034604399037,24.42780201542906,0 39.63033913524188,24.42779210695576,0 39.63033229821477,24.42777983218081,0 39.63032783783115,24.42776776198528,0 39.63032339104466,24.42775571644522,0 39.63031640317897,24.42775088104613,0 39.63030725374162,24.42773882449193,0 39.63030508742909,24.42773160991919,0 39.63029819904699,24.4277244034728,0 39.63028924681313,24.4277076461093,0 39.63028246365488,24.42769810259994,0 39.63027334230099,24.4276885818539,0 39.63026424182488,24.42767908210132,0 39.63025742834439,24.4276719813877,0 39.63026244252512,24.42766250436627,0 39.63026744423749,24.42765305928548,0 39.63027243434675,24.42764363509932,0 39.63027989653662,24.4276295474357,0 39.6302873296581,24.42761554006931,0 39.63029466869326,24.42760391111405,0 39.63030199437182,24.42759226098628,0 39.63030922461241,24.42758304055889,0 39.63031868607862,24.42757624587339,0 39.63032808036399,24.42757172664461,0 39.63032834775254,24.42756041130021,0 39.63031931450953,24.42755125297271,0 39.63030792453636,24.42754440077321,0 39.63029886591806,24.42753755273664,0 39.63028975213354,24.42753300282162,0 39.6302829594586,24.42752845084505,0 39.63027393695759,24.4275216400255,0 39.63026484950816,24.42751713696548,0 39.63025338956051,24.42751489998956,0 39.63024424174542,24.42751265995797,0 39.63023509840346,24.42751042100932,0 39.63022135039069,24.4275081917566,0 39.63020530483918,24.42750596788889,0 39.63019848207043,24.42750372807476,0 39.63018705678044,24.42750149798665,0 39.630177936529,24.42749927548621,0 39.63016668589236,24.42749269521955,0 39.63015987182703,24.42749050939013,0 39.63014864384045,24.4274839412369,0 39.63013743129318,24.4274773821886,0 39.63012855946804,24.427470716883,0 39.63012189208552,24.4274662571035,0 39.63011076989309,24.42745953801316,0 39.63010185422019,24.42745500608489,0 39.63009304805252,24.42744831723283,0 39.63008419217694,24.42744186322158,0 39.63007521769403,24.42743766290105,0 39.63006395271542,24.42743350321643,0 39.63005488112098,24.42743147470734,0 39.63004581180376,24.42742944674292,0 39.63003444945736,24.42742745581927,0 39.63002538614943,24.42742542803663,0 39.63001186061328,24.42742129522015,0 39.6300007614202,24.42741497229821,0 39.62999172734655,24.42741290634198,0 39.62998057218911,24.42740860476437,0 39.62997156072096,24.42740650518645,0 39.62996287378277,24.42739994724689,0 39.6299540369631,24.42739562456244,0 39.62994522669914,24.427391259679,0 39.62993660260837,24.42738465341439,0 39.62992571904552,24.42737806017151,0 39.62991241082236,24.4273736846895,0 39.62990155244015,24.42736712802339,0 39.62989298078394,24.42736057535831,0 39.62988422812858,24.42735626782948,0 39.62987317042457,24.42735207335086,0 39.62986229290153,24.42734571780806,0 39.62985598032702,24.42733931462053,0 39.6298426791303,24.42733516260445,0 39.62983620992189,24.42733093027555,0 39.62982768761507,24.4273245056214,0 39.62982147515065,24.42731800700009,0 39.62981506900343,24.42731370833883,0 39.62980640064212,24.42730944184117,0 39.62979790959307,24.42730307062088,0 39.62979161247424,24.42729684231912,0 39.62978073363946,24.42729079010599,0 39.62977425206615,24.42728673059986,0 39.62976339261339,24.42728068514249,0 39.62975484304548,24.42727455418529,0 39.62974609487912,24.42727057376205,0 39.62973513986051,24.42726654095629,0 39.62972646931775,24.42726245335002,0 39.62971781183412,24.42725836360648,0 39.62970691499956,24.42725427040352,0 39.62969827991915,24.42725016822946,0 39.62968997576235,24.42724376977777,0 39.62968169560331,24.4272373642966,0 39.62967343101523,24.42723096386556,0 39.62966741300814,24.42722457699372,0 39.62966117430527,24.42722032144419,0 39.62965340753662,24.42720971363187,0 39.62964788716121,24.42719913683809,0 39.62963992380308,24.42719069032954,0 39.6296339623068,24.42718436724619,0 39.6296304669829,24.42717595798408,0 39.62962499924645,24.42716547058371,0 39.62962096704405,24.42716139076686,0 39.62963059911517,24.42715504706836,0 39.62963596343064,24.4271467145761,0 39.62964354563962,24.42713837282388,0 39.62965109477482,24.42713007380971,0 39.62966037774457,24.4271259383912,0 39.62966978464441,24.42712160629076,0 39.6296812891732,24.42711917951575,0 39.62969076843184,24.42711471819566,0 39.62970242227491,24.42711028062184,0 39.62971444437679,24.42710179451302,0 39.6297217630889,24.42709548996422,0 39.62973185002347,24.42708310102816,0 39.62974170359065,24.42707279222622,0 39.62974652380374,24.42706866047683,0 39.62975410669657,24.42705846068052,0 39.62976353185519,24.42705223373723,0 39.62976865622146,24.42704416712635,0 39.6297756182908,24.42704007769521,0 39.62978273870335,24.427034012075,0 39.62978989953535,24.42702787601072,0 39.62979724482766,24.42702144041886,0 39.62980897535635,24.42701493566635,0 39.62981809582213,24.42701081854226,0 39.62983201917618,24.42700079923772,0 39.6298387726252,24.42699868511195,0 39.62985031636704,24.42699067999611,0 39.62985950953569,24.42698466822768,0 39.62986885515541,24.42697668936612,0 39.62987802990727,24.42696897478784,0 39.62988701893958,24.42696326632614,0 39.62989385409833,24.42695754193246,0 39.62990069941615,24.42695179327568,0 39.6299096955517,24.42694604586858,0 39.6299209759098,24.42693836019689,0 39.62993213346656,24.42693257075107,0 39.62993884591863,24.42692871692707,0 39.62994974039334,24.42692677238101,0 39.62996505359974,24.42692290135799,0 39.62997593936895,24.42692095212043,0 39.62998455323796,24.42692092643183,0 39.62999327881626,24.42691898452283,0 39.63000200032112,24.42691704347148,0 39.63000856614183,24.42691510970799,0 39.63001943190829,24.42691316411016,0 39.63003254734757,24.42690930095306,0 39.63004114827976,24.42690927547554,0 39.63004769929805,24.42690734516422,0 39.63005629800615,24.42690731975647,0 39.63006919541597,24.42690728175907,0 39.63008428069703,24.42690714377002,0 39.63009506885888,24.42690700996983,0 39.63010575903774,24.4269071129016,0 39.63011642415972,24.42690897365289,0 39.63012717233725,24.42690893546212,0 39.63013577067269,24.42690890483526,0 39.63014866722357,24.4269088590212,0 39.63015511513199,24.42690883601643,0 39.63017015912005,24.42690878257323,0 39.63018520205842,24.42690872899223,0 39.63020024353111,24.42690867552115,0 39.63021313531111,24.42690862973389,0 39.63022387750345,24.42690859153408,0 39.63023676720951,24.42690854562607,0 39.63024959998773,24.42691039863373,0 39.63026034208668,24.42691036038557,0 39.63026890481964,24.42691044719346,0 39.63027960983916,24.4269105579674,0 39.63029246881274,24.42691064969578,0 39.63030099579088,24.42691261595113,0 39.63031386483759,24.42691268805096,0 39.63032244934004,24.42691271366008,0 39.63033318297482,24.42691273973719,0 39.63034601909976,24.42691471539983,0 39.63035886199389,24.42691669223598,0 39.6303738996894,24.42691672896271,0 39.63038464161791,24.42691675513047,0 39.6303910519354,24.42691871738883,0 39.63040394645611,24.42691874893918,0 39.63041466282631,24.42692072280828,0 39.63042541238977,24.42692074918587,0 39.63043186244286,24.42692076493968,0 39.63044043967896,24.42692270499426,0 39.63045119575347,24.42692269383758,0 39.63046410330796,24.42692268047049,0 39.63047269198133,24.42692462119686,0 39.63048128504673,24.4269265626869,0 39.63049419680941,24.42692656040472,0 39.6305049569546,24.42692656743222,0 39.63051141294707,24.42692657146573,0 39.63052217019947,24.42692848896289,0 39.63053293031143,24.42693230060082,0 39.6305415426872,24.42693612728321,0 39.63055662493574,24.42693795483024,0 39.63056740858305,24.42694176588864,0 39.63057604155395,24.4269454513874,0 39.63058467041969,24.4269472595008,0 39.63059545699161,24.42694905140463,0 39.63060194384964,24.42695275276551,0 39.63061273562373,24.42695454543106,0 39.63062352919109,24.42695633878,0 39.6306321534918,24.42695627177795,0 39.63064510478518,24.42695804849556,0 39.6306559024371,24.42695984232287,0 39.63066452450849,24.42695977478019,0 39.63067961256748,24.4269596573112,0 39.63069254249167,24.42695955657356,0 39.63070116150295,24.42695948948465,0 39.63071408792133,24.42695938878859,0 39.63072485828784,24.42695930491899,0 39.6307334733327,24.42695923778786,0 39.63073990231163,24.42695731110111,0 39.6307528201886,24.42695721059996,0 39.63076570759734,24.42695527415176,0 39.63077865007889,24.42695532090182,0 39.63079154769832,24.42695346044319,0 39.63080232021256,24.42695343842191,0 39.63081519477404,24.42695150342073,0 39.63082810361787,24.42694972647047,0 39.63083891835441,24.42694988151617,0 39.63084750715915,24.42694807141316,0 39.63085830715112,24.42694816464971,0 39.63086903365495,24.42694630420846,0 39.63087983528744,24.42694639733337,0 39.63089279989213,24.4269465090936,0 39.63090784359833,24.42694468583241,0 39.63091864972322,24.42694477880591,0 39.63093810542841,24.42694494620775,0 39.63095108104324,24.42694505627843,0 39.63096189585372,24.42694514936796,0 39.63097044967833,24.42694326977361,0 39.63097910228268,24.42694334410317,0 39.63098559247091,24.42694339983747,0 39.63099630137671,24.42694153650859,0 39.63100700483079,24.4269396614905,0 39.63101770457317,24.4269377869529,0 39.63102851610919,24.4269378749591,0 39.63103702627808,24.42693593360718,0 39.63104767719355,24.42693396978376,0 39.6310561659855,24.42693199420459,0 39.63106477348617,24.42693197875278,0 39.63107983582853,24.42693195175893,0 39.6310905940527,24.42693193251326,0 39.63110148821169,24.42693387456393,0 39.63111224872321,24.42693385521684,0 39.63111884391303,24.4269358060281,0 39.63113169463929,24.42693566416801,0 39.63114468798429,24.42693748417919,0 39.63116201750169,24.42693934469488,0 39.63117060998782,24.42693929686497,0 39.63118134985088,24.42693923729341,0 39.63119009366297,24.42694114601845,0 39.63120512964395,24.42694106219645,0 39.63134087352844,24.42694271472826,0 39.63173849814225,24.42732665066503,0 39.63146963208094,24.42800002970099,0 39.63103004044285,24.42799808271167,0 
						</coordinates>
					</LinearRing>
				</outerBoundaryIs>
			</Polygon>
		</Placemark>
		<Placemark id="17103F0BA353E7DEE6624">
			<name>23</name>
			<styleUrl>#m_ylw-pushpin</styleUrl>
			<Polygon>
				<tessellate>1</tessellate>
				<outerBoundaryIs>
					<LinearRing>
						<coordinates>
							39.63183016840448,24.42886431352997,0 39.63176615567552,24.42894433493971,0 39.63160496035105,24.42877814042551,0 39.63136372984932,24.42836057795222,0 39.63160345279189,24.42769374225287,0 39.63192428165817,24.42773979103829,0 39.63227298403492,24.4282633822275,0 39.63183016840448,24.42886431352997,0 
						</coordinates>
					</LinearRing>
				</outerBoundaryIs>
			</Polygon>
		</Placemark>
		<Placemark id="181814DB3CB3E7DEE6624">
			<name>24</name>
			<styleUrl>#m_ylw-pushpin</styleUrl>
			<Polygon>
				<tessellate>1</tessellate>
				<outerBoundaryIs>
					<LinearRing>
						<coordinates>
							39.63208622624742,24.43077594630171,0 39.63159204696107,24.43063720644346,0 39.63159716006192,24.43064985935967,0 39.63160224546886,24.43066575119808,0 39.63160473317066,24.43067850220716,0 39.63160723346371,24.43069117297583,0 39.63161232768867,24.43071021289381,0 39.6316148103913,24.43072617472508,0 39.63162003967264,24.43073571775409,0 39.63026901260334,24.42979235419462,0 39.63100940493723,24.42869754332762,0 39.63198641695462,24.42905212485832,0 39.6324682915794,24.42901504262619,0 39.63250673916761,24.42902701686575,0 39.63254819910288,24.4290240935411,0 39.63256626290116,24.42902888283872,0 39.63257582777619,24.42905707351474,0 39.63208622624742,24.43077594630171,0 
						</coordinates>
					</LinearRing>
				</outerBoundaryIs>
			</Polygon>
		</Placemark>
		<Placemark id="19FF949F7BA3E7DEE6624">
			<name>25</name>
			<styleUrl>#m_ylw-pushpin</styleUrl>
			<Polygon>
				<tessellate>1</tessellate>
				<outerBoundaryIs>
					<LinearRing>
						<coordinates>
							39.628589524972,24.42883914887236,0 39.62858629357363,24.42883288234451,0 39.6285798400664,24.42882036829427,0 39.62857023584872,24.42880482583862,0 39.6285638629839,24.42879554417365,0 39.62856056180469,24.42878298144335,0 39.62855416134633,24.42877055725865,0 39.62854777491051,24.42875815944825,0 39.62854445950242,24.42874251774563,0 39.62854123314804,24.42873314274873,0 39.62853793027113,24.4287174956221,0 39.62853150605197,24.42869881726841,0 39.62852822652584,24.42868326731054,0 39.62852496301124,24.42866787616038,0 39.62851859971663,24.4286495766712,0 39.62851539334351,24.42863738890662,0 39.62851209966999,24.42861607200055,0 39.62850894160062,24.42860702424406,0 39.62850572697004,24.42859186102977,0 39.62850251696889,24.42857665893139,0 39.62849626018061,24.4285615074794,0 39.62849306580031,24.42854623355181,0 39.62848683791476,24.42853112583215,0 39.62848369238666,24.42851899735443,0 39.62848052867771,24.42850384505195,0 39.6284773742335,24.42848873696366,0 39.62847420600962,24.42847064080773,0 39.62847106604709,24.42845544995399,0 39.62846795501667,24.42844333891861,0 39.62846786973478,24.42843124017618,0 39.62846477707568,24.42841938562691,0 39.62846469353669,24.42840733949119,0 39.62846463481834,24.42839834229579,0 39.62846456062349,24.42838656016613,0 39.62846147348712,24.42837209043018,0 39.62846138504731,24.42835743827861,0 39.62845827613672,24.42833720963331,0 39.62845523879056,24.42832853306792,0 39.6284521753964,24.42831404493602,0 39.62844912035253,24.42829959554533,0 39.62844904943869,24.42828513687614,0 39.62844902281595,24.4282793651778,0 39.62844893839696,24.42826211895497,0 39.62845479704412,24.42824768927846,0 39.62845474960727,24.42823910534766,0 39.62846060271391,24.42822749939254,0 39.628460517039,24.42821326002537,0 39.62846043155105,24.42819905944566,0 39.62846032962548,24.42818206922045,0 39.62846026172389,24.42817077292027,0 39.6284601599075,24.42815387436961,0 39.6284630424102,24.4281453278569,0 39.62847175954431,24.42813376238828,0 39.62847757299589,24.42812793235376,0 39.62848040605535,24.4281165667766,0 39.62847739296496,24.42810543714775,0 39.62847435124068,24.42808887272118,0 39.62847426990596,24.42807780315146,0 39.62847126069587,24.42806414190798,0 39.62847118298769,24.42805312376717,0 39.62847110508135,24.42804212853387,0 39.62847102719894,24.42803115603501,0 39.62847962789666,24.42801963506679,0 39.62848821907107,24.42801070771863,0 39.62849676241439,24.42799905712807,0 39.62849955726855,24.42799061265896,0 39.6285080158862,24.42797375398884,0 39.62851651494169,24.42796255826859,0 39.6285192924228,24.42795436601725,0 39.62852490591212,24.42794347026028,0 39.62853047903488,24.42792999924016,0 39.62853313656651,24.4279139026868,0 39.62853587930217,24.42790346410139,0 39.62854141595933,24.4278878423574,0 39.6285412973222,24.42787754958679,0 39.62854405818972,24.42786977585663,0 39.6285496416455,24.42785947595346,0 39.62855524775461,24.42785175360488,0 39.62856364245972,24.42784127392867,0 39.62857206997884,24.42783350473102,0 39.62858332589241,24.42782570050066,0 39.62859460525043,24.42782044396008,0 39.62860587254266,24.42781519270271,0 39.62861706962578,24.4278073041111,0 39.62862826586024,24.42780177022867,0 39.62863941272744,24.42779381173269,0 39.62865330233315,24.42778544165177,0 39.62866157190746,24.42777970970655,0 39.62867255379573,24.42777122017561,0 39.62868075232145,24.42776306451939,0 39.62869178602362,24.42775734763936,0 39.62869996250394,24.42774931675618,0 39.62871093551,24.4277412939872,0 39.62872196299742,24.42773582678917,0 39.62872999920774,24.42772301425822,0 39.62873525214483,24.42771042792657,0 39.62873493743227,24.4276980818037,0 39.62873740675516,24.42768568324964,0 39.62874271562562,24.42767569190805,0 39.62874234252383,24.42766100879233,0 39.6287419447687,24.42764405283767,0 39.62874161774266,24.42762959860385,0 39.62874123861587,24.4276171534819,0 39.6287410024956,24.42760967486342,0 39.62874068862057,24.42759971915674,0 39.62874031537608,24.42758737924287,0 39.62874834393666,24.42757748869436,0 39.62875657801823,24.42757494863407,0 39.62876749817321,24.42756993501464,0 39.62877856340801,24.42756981077909,0 39.62879239205445,24.42756965564208,0 39.62880948681062,24.42758414284071,0 39.62881804557424,24.42759139813573,0 39.62882661629755,24.4275986612598,0 39.62882705586313,24.42761094457353,0 39.62882482734558,24.42762579880144,0 39.62882241823082,24.42763797036306,0 39.62882012209571,24.4276527099305,0 39.62882036929737,24.42766010017088,0 39.62881520310442,24.42767249137707,0 39.62881297831315,24.42768761068284,0 39.62881055778651,24.42769771551514,0 39.6288025118229,24.42771002645443,0 39.62879437697906,24.42771988199505,0 39.62879200871305,24.42773474525693,0 39.6287866739967,24.42774469152361,0 39.62878703495091,24.4277548929222,0 39.62878746740368,24.42776757303047,0 39.6287937296563,24.42778543657014,0 39.62879691077944,24.42779566201803,0 39.62879759675222,24.42781382355073,0 39.6287979730932,24.4278241666282,0 39.62879825621489,24.42783193666651,0 39.62879875766639,24.42784501072715,0 39.62879941834634,24.4278587369724,0 39.62879698972748,24.42786708866233,0 39.62879767196848,24.4278809778983,0 39.62879817600125,24.42789196624517,0 39.62879877109638,24.42790557730972,0 39.62879370286395,24.42791948153835,0 39.6287886073203,24.42793339202612,0 39.62878341927769,24.42794703149882,0 39.62878107901241,24.42796061738235,0 39.6287787354792,24.42797428007879,0 39.62877942323611,24.4279909212962,0 39.6287769748489,24.42800197075936,0 39.62877760806366,24.42801847129073,0 39.62877792538577,24.42802674244471,0 39.62877877402865,24.42804886645005,0 39.62877952028304,24.42806830604547,0 39.62878026900766,24.42808782168789,0 39.62877778217502,24.42809902257723,0 39.62877264454512,24.42811847129747,0 39.62876437837557,24.42813249304887,0 39.62876767758694,24.42814355622077,0 39.62877975408648,24.42815449684155,0 39.62879477019752,24.42816536688775,0 39.62881567466473,24.42817618532115,0 39.62882456947164,24.42817884798082,0 39.62883628057259,24.42817865912771,0 39.62884783891685,24.42817551488647,0 39.62885913094505,24.42816672752915,0 39.62887027066455,24.42815515108731,0 39.62888151492582,24.42814641312016,0 39.62888969792309,24.42813496450362,0 39.62889786134959,24.42812354059741,0 39.6289031078239,24.42811221783726,0 39.62890544886225,24.42810099446056,0 39.62889906231786,24.42808754425851,0 39.62889267163297,24.42807405553551,0 39.62888641386125,24.42806331022222,0 39.62887996279811,24.42804957036883,0 39.62887649670513,24.4280383941959,0 39.62887879292153,24.42802712510878,0 39.62889015283384,24.4280240953779,0 39.62890412751733,24.42801560205115,0 39.62891838271764,24.42801269594106,0 39.62893247827653,24.42800703929782,0 39.62894655579429,24.42800139008298,0 39.62895502530138,24.42799855460678,0 39.6289660663941,24.42799026735743,0 39.62897438472037,24.42798477997928,0 39.62898220762883,24.42797111263034,0 39.62898709545345,24.42795737177511,0 39.62899483094007,24.42794366295478,0 39.62899988375685,24.42793279037496,0 39.6290047545201,24.42791921810744,0 39.62900708269717,24.42791108956171,0 39.62901495038899,24.42790026887944,0 39.62902300802611,24.4278922402501,0 39.62903106768519,24.42788426474275,0 39.62903911508474,24.42787630159444,0 39.62904414388707,24.42786572775641,0 39.629046149083,24.42785252898086,0 39.62904832596977,24.42784201590622,0 39.629047563831,24.42782905801223,0 39.62904657662574,24.4278133745093,0 39.62904591991142,24.42780294503994,0 39.62905683799042,24.42779759881289,0 39.62907681651767,24.42780025469977,0 39.62909133653488,24.42780553337246,0 39.62910870910358,24.42781083038811,0 39.62911739787705,24.42781347499242,0 39.62913177498765,24.42781614776991,0 39.62914642174853,24.42782159760132,0 39.62915551509569,24.42782947442202,0 39.6291733202378,24.42783996203663,0 39.62918813341473,24.42784787846035,0 39.62919972862232,24.42785055606076,0 39.62921091919254,24.42784797904523,0 39.62922801067003,24.42784805438577,0 39.62924219757676,24.42784801292651,0 39.62925349268219,24.42784788531899,0 39.62927043228487,24.42784769405107,0 39.62928736759011,24.42784750279023,0 39.62929870680941,24.42784746250152,0 39.62931169857843,24.42786364923487,0 39.62932133735337,24.42787447871552,0 39.62933128152036,24.4278880517805,0 39.6293381151109,24.42789894232748,0 39.62934783284847,24.42790986930437,0 39.62935470738327,24.42792081606308,0 39.62936504882957,24.42793728611879,0 39.62937570949292,24.42795655178838,0 39.62938551359685,24.42796758276634,0 39.62939238908089,24.42797851974625,0 39.6293926495499,24.4279812260673,0 39.62940603276684,24.42800022798974,0 39.62941622353365,24.42801642621854,0 39.62942614636548,24.42802989787178,0 39.6294331941757,24.4280434023396,0 39.62944652197846,24.42806227429707,0 39.62945591660771,24.42807027131811,0 39.62946267669634,24.42808100239392,0 39.62946920160788,24.42808905367457,0 39.62947866766407,24.4280971450309,0 39.62948235551875,24.42810531157674,0 39.62949242074986,24.4281189637957,0 39.62950250150465,24.42813264717003,0 39.62951294922352,24.42814922244009,0 39.62952199614261,24.42815196755822,0 39.62953484382312,24.42816304509708,0 39.62955123655647,24.42817971382004,0 39.62956151539746,24.42819365554829,0 39.62957505594986,24.42821042245579,0 39.62958536982798,24.42822440355283,0 39.6295892157266,24.42823281827615,0 39.62959947200508,24.42824670047698,0 39.6296032868069,24.42825506604205,0 39.62961093248147,24.42827183323266,0 39.62962146606933,24.42828615899271,0 39.62962581813029,24.42829773713886,0 39.62963310907179,24.42830927723879,0 39.62963746398724,24.42832087458413,0 39.62964498356954,24.42833513414707,0 39.62964655239177,24.42834941260836,0 39.62964812592847,24.42836372759387,0 39.62964671080771,24.42837806991046,0 39.62965125271728,24.42839241360745,0 39.62965791249756,24.4283982476757,0 39.62967482114171,24.42841559423803,0 39.62968479530067,24.42842428907461,0 39.62969510977715,24.42843589433719,0 39.62970576918508,24.42845041911107,0 39.62971250486903,24.42845633391604,0 39.62972293713652,24.42846810172335,0 39.62973645663356,24.4284799762473,0 39.62975011923621,24.42849205980119,0 39.62976132194359,24.4285074010199,0 39.62977559770768,24.42852280684445,0 39.62978296853525,24.42853206742601,0 39.62979078906665,24.42854443174998,0 39.62979950667807,24.42856302073217,0 39.62980476043378,24.4285785547895,0 39.62981003087754,24.42859413768233,0 39.62981572598684,24.42861283779904,0 39.62982052675938,24.42862529917954,0 39.62982214151012,24.42863757087705,0 39.62982597842269,24.42864365936607,0 39.62983714545342,24.42865894472265,0 39.62984174033126,24.42867110491336,0 39.62985258181561,24.42868343224027,0 39.62986619137913,24.42869282015284,0 39.62987725961626,24.4287079127412,0 39.62989093083549,24.42871979112405,0 39.62989777555027,24.42872573833714,0 39.62990522019409,24.4287375106597,0 39.62990670624185,24.42875207932972,0 39.62990815519409,24.42876661022166,0 39.62990930933757,24.42877824448042,0 39.62990770234092,24.42879533774851,0 39.62990916179245,24.42881485171426,0 39.6299102024401,24.42882880857902,0 39.62991497294943,24.42884136716061,0 39.62991984253659,24.42885409994431,0 39.62993683974658,24.42886383487339,0 39.62995303773048,24.42886731271066,0 39.62996293314059,24.42887066173135,0 39.62997874200259,24.42887102180842,0 39.6299926047998,24.42887816579561,0 39.6300022551948,24.42889593770008,0 39.63000809835867,24.42891016451837,0 39.63001077164605,24.42892435374133,0 39.63001659326913,24.42893858643242,0 39.63001921475831,24.42895275090474,0 39.63002866678218,24.42897028314148,0 39.63003477352663,24.42898752361927,0 39.63004031739381,24.42900137668097,0 39.63004473419178,24.42901090929488,0 39.63005222910785,24.42902029435761,0 39.63006011484374,24.42903281240346,0 39.63007123398662,24.42904542411926,0 39.63007970171282,24.42905888279089,0 39.63008871616039,24.42907574080453,0 39.63009669057498,24.42908588344973,0 39.63010604414553,24.42910329748583,0 39.63010953394349,24.42912411462648,0 39.63011182398291,24.42913796663366,0 39.63011197437417,24.42915866915738,0 39.63011367225348,24.42916907745742,0 39.63011651122944,24.42918647478786,0 39.63011881254989,24.42920047265572,0 39.63012101658872,24.42921433443389,0 39.63012285909335,24.4292276208956,0 39.63012414449521,24.4292374191007,0 39.63012668396383,24.42925702133741,0 39.63012469856496,24.42926681277893,0 39.63012398226832,24.42928646947045,0 39.63012653079773,24.42930621574284,0 39.63012780788509,24.42931611118615,0 39.63013321166551,24.4293326554315,0 39.63014147286862,24.42934596847525,0 39.63015271214478,24.4293562102642,0 39.63016739353478,24.42936672611506,0 39.63018460993515,24.42937340758333,0 39.63020839266598,24.4293801136132,0 39.63022203592867,24.42938365130083,0 39.63023864290175,24.42938666639912,0 39.63026214706365,24.42939284329801,0 39.6302792792228,24.42939927677095,0 39.63029315619505,24.42940572159506,0 39.63029860812541,24.42942217666101,0 39.63030105193246,24.4294391056201,0 39.63030369184342,24.42945636986873,0 39.63030637978028,24.42947375989814,0 39.63030663184373,24.42949522257272,0 39.63030629677485,24.42951317004438,0 39.6303059433288,24.42953113273417,0 39.63030439920967,24.42954192903451,0 39.63030463111637,24.42956360493328,0 39.63030559231363,24.42958923231352,0 39.63030745884524,24.42960029667763,0 39.63029202382883,24.42960761823596,0 39.63027990757723,24.42961496239023,0 39.63026716515707,24.42961861112036,0 39.6302550402981,24.4296260039272,0 39.63024685707821,24.42963714875694,0 39.63023870815687,24.42964840001758,0 39.63023134237493,24.42966377379084,0 39.63022461352297,24.42968304680666,0 39.63022459454567,24.4297024239422,0 39.63022457525197,24.4297218719267,0 39.63022791840812,24.42974137842977,0 39.6302272343869,24.42975704806259,0 39.63022992082337,24.42977275080007,0 39.63023329015616,24.42979244384963,0 39.63023599422601,24.42980825055749,0 39.63023993712508,24.42983180148386,0 39.63024249113131,24.42984739662345,0 39.63023816937309,24.42986289787332,0 39.630234243962,24.42988194216097,0 39.63023028513283,24.42990099441038,0 39.6302337435361,24.42992394812011,0 39.63023262491175,24.42993929376154,0 39.63023323964243,24.42996624560346,0 39.63023208419877,24.42998163732988,0 39.63023474554683,24.43000053075222,0 39.63023394660606,24.43001944358164,0 39.63023554880193,24.43003083889809,0 39.6302383224366,24.43005006016937,0 39.63024114627818,24.43006943672495,0 39.63024450600901,24.43009269969617,0 39.63024700511458,24.43011149685223,0 39.6302455425479,24.43012659716995,0 39.63024108573209,24.43014549718185,0 39.63024260703172,24.43015689800496,0 39.63023508943171,24.43017957352139,0 39.63022415101054,24.43017584490492,0 39.63021162585969,24.43016049600675,0 39.63019623462528,24.43014917843847,0 39.63018117780273,24.43014128444445,0 39.6301622270277,24.43012972090481,0 39.6301503518761,24.43011837771925,0 39.63014141720374,24.43010311511726,0 39.63012958187004,24.43009181515395,0 39.6301109497268,24.43008078610981,0 39.63009626840706,24.43007351845377,0 39.63008162284321,24.43006631091869,0 39.63006311529528,24.4300554496468,0 39.63004901502599,24.43005214152581,0 39.63003441759896,24.43004499243062,0 39.63001983601826,24.43003783055228,0 39.63000181628642,24.43003067449287,0 39.62998251199673,24.43001505594566,0 39.62996720766181,24.43000337798303,0 39.62994859506242,24.42999196770907,0 39.62993296480619,24.42997669673438,0 39.62992176865597,24.42996918838387,0 39.6299101097582,24.42995782769383,0 39.62989896125776,24.4299503784038,0 39.62988056998675,24.42993927563194,0 39.62986993368177,24.4299357280655,0 39.62984905556788,24.42993228662492,0 39.62983837649921,24.42992860308599,0 39.62981790821372,24.42992886062058,0 39.6298042610084,24.42992903215313,0 39.6297910402607,24.42993301694007,0 39.6297675662863,24.42993713337889,0 39.62975390619977,24.42993730576663,0 39.62974054536889,24.42994100512355,0 39.62971961188838,24.42994005379147,0 39.62969943550875,24.42994660679044,0 39.62968208278722,24.42994879334286,0 39.62967181093027,24.4299515800148,0 39.62965836186459,24.4299578075753,0 39.62964193287714,24.42996808357081,0 39.62962203944666,24.42997834784229,0 39.62961194209164,24.42998170602715,0 39.6295889587956,24.42999585620433,0 39.62957920032423,24.43000303901049,0 39.62955912611695,24.43001031069257,0 39.62955289280546,24.43001783816179,0 39.62953974468445,24.4300253355221,0 39.62952315717319,24.43003292214573,0 39.62951315937674,24.43003681364242,0 39.62949696659682,24.43004858058697,0 39.62948082718315,24.43006071439809,0 39.62946781031797,24.43006901211633,0 39.62945143487301,24.43007765837404,0 39.62943857366509,24.43008671943139,0 39.62942612320329,24.43010013397465,0 39.62940976052038,24.4301093428574,0 39.62939756393478,24.43012679132185,0 39.62938828283623,24.43013951227227,0 39.62937897986492,24.43015226293179,0 39.62936963044889,24.43016495822571,0 39.62936018453682,24.43017735402659,0 39.62935116110216,24.43019709958454,0 39.62934495194957,24.43020865574839,0 39.62933577334991,24.43022804429554,0 39.62932984129684,24.43024369176031,0 39.62931632618515,24.43025155034642,0 39.62930280433723,24.43025945819747,0 39.62928957782631,24.43027153154421,0 39.62926832015404,24.43027095231511,0 39.62925445134316,24.4302747232039,0 39.62924028267892,24.43027437229401,0 39.62922267351589,24.43027435662002,0 39.62920812085188,24.43026652971817,0 39.62919304252473,24.43025048722031,0 39.62918228716484,24.4302466739222,0 39.62917100718781,24.43023463423935,0 39.62916130884884,24.43024723112642,0 39.62917609123122,24.43025920269003,0 39.62919063007599,24.43026707107715,0 39.62920518318411,24.43027492729309,0 39.62920924067419,24.43028309682431,0 39.62919522181318,24.43028349505909,0 39.62918066027992,24.43027560560634,0 39.62916611639976,24.43026772633861,0 39.62914834490633,24.43026407031262,0 39.62913406837467,24.4302603076158,0 39.62911653183363,24.43026062222899,0 39.62910249963139,24.43026087327692,0 39.62908846553844,24.4302611243255,0 39.62907092091517,24.43026140931434,0 39.62905687780855,24.43026161962313,0 39.62903950671546,24.43026577372206,0 39.62902539564673,24.43026560978048,0 39.62901147860719,24.43026946174867,0 39.62899774255829,24.43027733667991,0 39.62898380608733,24.4302811952001,0 39.62897357491467,24.43028912493415,0 39.62897768959852,24.43030149015205,0 39.62898554882867,24.43031804792684,0 39.62899717686864,24.43033883006562,0 39.6290015343645,24.43035544647771,0 39.62900586758446,24.43037187317224,0 39.6290067069486,24.43039146414489,0 39.62900759184912,24.43041141001484,0 39.62900469418309,24.43042712362668,0 39.62900179038625,24.43044287162062,0 39.62899887967827,24.43045865414532,0 39.62899234485535,24.4304741821435,0 39.62898586785981,24.43049026132283,0 39.62897579437442,24.4305062861022,0 39.6289615585569,24.43051012305367,0 39.62894732769735,24.4305137095191,0 39.62895183692412,24.43053209517593,0 39.62895305445753,24.43055540292777,0 39.62895034652639,24.43057366379724,0 39.62893685692022,24.43058960408252,0 39.62891920557261,24.43059871327154,0 39.62890526373783,24.43061158260398,0 39.62889090559154,24.43061269965607,0 39.62887321012781,24.43062176328757,0 39.62886258035053,24.4306268500225,0 39.62885225932737,24.43064060132965,0 39.62885292105978,24.43065834453488,0 39.62885383961667,24.43068452673966,0 39.62885454939121,24.43070573727614,0 39.62885498222801,24.43071852706268,0 39.6288629575177,24.43073931359409,0 39.62886340030345,24.43075216664655,0 39.62884915087973,24.43076167213454,0 39.62883472305597,24.43076681214172,0 39.62882028032932,24.43077195687862,0 39.62880570537907,24.43077301693287,0 39.62878377933587,24.43077389004787,0 39.62876925923545,24.43077855543839,0 39.62875485039876,24.43078762844116,0 39.62874405280085,24.43079632125005,0 39.62873344991374,24.43081362000043,0 39.62872653896979,24.43083109027953,0 39.6287232745649,24.43084858777124,0 39.62871633789266,24.43086627779765,0 39.6287057042409,24.43088486675394,0 39.62869864525658,24.43089884767286,0 39.62868054524953,24.43091415497014,0 39.62867344679485,24.43092824381625,0 39.62866643279548,24.43094701875538,0 39.62865938905062,24.43096577606838,0 39.62865598654576,24.43098331220685,0 39.62865258895329,24.43100109939055,0 39.62864543240618,24.43101959114819,0 39.62863833122601,24.43103801461201,0 39.62863123461182,24.43106069482429,0 39.628624042162,24.43107897037383,0 39.62861683011226,24.43109729624904,0 39.62860959828112,24.43111567107844,0 39.62859093442509,24.43112565694021,0 39.62857594642975,24.43113094878271,0 39.62856089149629,24.4311317292236,0 39.62854205382866,24.43113242120642,0 39.62852699302995,24.43113341785484,0 39.62850817747636,24.43113498985169,0 39.62849310901286,24.43113653925976,0 39.6284780301017,24.43113808956995,0 39.62846294066882,24.43113964418113,0 39.62844784282894,24.43114069456228,0 39.62842896365086,24.431141682151,0 39.62840629459293,24.43114283813984,0 39.62839117854993,24.43113868073065,0 39.62837604534822,24.43113936566472,0 39.62836097363382,24.43112488469616,0 39.628345930552,24.43111037815637,0 39.62833090801385,24.43110085506315,0 39.62831594907254,24.43108556126835,0 39.62829723238584,24.43107511989876,0 39.62828610523276,24.43105985177202,0 39.62829009981373,24.43103459364089,0 39.62829410062322,24.43100582745243,0 39.62830176446622,24.43097891081409,0 39.62830186246618,24.4309653265995,0 39.62830199987858,24.43094682818891,0 39.62830218678679,24.43091974256162,0 39.62830602188357,24.43090188160043,0 39.62831725076272,24.43088413416541,0 39.62832842769841,24.43087087898403,0 39.62834327652062,24.43085767358006,0 39.62835814753457,24.43083074816419,0 39.62836556256769,24.43081274337698,0 39.62836559620325,24.43079927255258,0 39.6283656479197,24.43078124065108,0 39.62836570656323,24.43075863082505,0 39.62835473303237,24.43074957934313,0 39.6283364181368,24.43074939748912,0 39.62832176108503,24.4307494652316,0 39.62830706710758,24.43075433856852,0 39.62829235017531,24.43075935139954,0 39.6282776661136,24.43075992810203,0 39.62826311904871,24.43074719091068,0 39.62824487942158,24.43073904644057,0 39.62822311497054,24.43072221410468,0 39.62820493734183,24.43071392647823,0 39.6281867262467,24.4307096567154,0 39.6281722566216,24.43070097193776,0 39.62815773801992,24.43069645655404,0 39.62813949171996,24.4306963324643,0 39.62812489557328,24.43069623345188,0 39.62810310647875,24.43069167197259,0 39.6280812228642,24.43069152343415,0 39.6280703988928,24.43068699637051,0 39.6280448589505,24.43068707154729,0 39.6280265891968,24.43068733704916,0 39.62799346271655,24.4306964218622,0 39.62806650124875,24.43027457316557,0 39.62759354795578,24.43010797359964,0 39.62772976059343,24.42938692336597,0 39.62828662862646,24.42876117994737,0 39.62863254400224,24.42895633362559,0 39.628589524972,24.42883914887236,0 
						</coordinates>
					</LinearRing>
				</outerBoundaryIs>
			</Polygon>
		</Placemark>
		<Placemark id="1A5AE3475013E7DEE6624">
			<name>26</name>
			<styleUrl>#m_ylw-pushpin</styleUrl>
			<Polygon>
				<tessellate>1</tessellate>
				<outerBoundaryIs>
					<LinearRing>
						<coordinates>
							39.62992446854696,24.42884180836851,0 39.62993647232285,24.42883901476913,0 39.62995144792382,24.42883625418107,0 39.62996055167461,24.42883051265585,0 39.62996669612749,24.42881986245578,0 39.62997282697332,24.42880926957217,0 39.62997898181644,24.42879847364813,0 39.62998810714857,24.42879001285392,0 39.62999726969663,24.42877884687331,0 39.6300034199938,24.42876792611004,0 39.63001257854715,24.42875661921841,0 39.63002167734465,24.42874800825841,0 39.63003076133693,24.42873941130159,0 39.63003981641028,24.42873093974353,0 39.63005185769587,24.42872211828003,0 39.63006385783369,24.42871819329095,0 39.63007583932207,24.42871190033845,0 39.63008780026667,24.42870561789004,0 39.63009968609168,24.4287022503196,0 39.63011153771591,24.42870150384757,0 39.63012634222665,24.42870051213209,0 39.63013816050435,24.42869995164673,0 39.63014993732253,24.42870223258374,0 39.63016467863017,24.42870177301241,0 39.63018234506256,24.42870151068344,0 39.63019410900754,24.42870158464191,0 39.63020587428631,24.42870165861025,0 39.63022058111497,24.42870179923055,0 39.6302323427833,24.42870209977133,0 39.63024410824211,24.42870240044707,0 39.63025881987772,24.4287027763372,0 39.63027059797522,24.42869987014714,0 39.63028531171069,24.42869942618641,0 39.63030001850633,24.42869898246459,0 39.63031471887329,24.42869853894545,0 39.63032942661849,24.42870092489379,0 39.63034119918178,24.42870575631177,0 39.63035297967304,24.42870843561413,0 39.63036479084604,24.42871401294244,0 39.63037952714153,24.42871438731602,0 39.63039135799377,24.42871995102328,0 39.63040317413709,24.42872280259383,0 39.63041794641789,24.42872568960814,0 39.63042679488662,24.42872579102985,0 39.63043862343444,24.4287285954183,0 39.63045046530885,24.42873146017552,0 39.63046528453939,24.42873457650764,0 39.63047716281785,24.42873766827385,0 39.6304890229026,24.42873818456535,0 39.63050387460238,24.42874130966308,0 39.63051576218496,24.42874425421117,0 39.63053350884397,24.42874442761519,0 39.63054536510499,24.42874471529315,0 39.63055732561529,24.42874804441083,0 39.63056930145915,24.42875139914474,0 39.63058426959834,24.42875488820979,0 39.63059636744786,24.42876117310197,0 39.63060840991052,24.42876468306827,0 39.63062336270055,24.42876546170724,0 39.63063550219592,24.42877169846684,0 39.63064755927112,24.42877505542167,0 39.63065966127973,24.42878092542725,0 39.63067177697761,24.4287868024716,0 39.63068389723819,24.42879263731825,0 39.63069589448343,24.42879546642891,0 39.63071074734431,24.42879537670852,0 39.63072262683055,24.42879528847892,0 39.63073461631869,24.42879803534159,0 39.6307466123457,24.42880078325552,0 39.63075848085457,24.42880063462532,0 39.63077047089919,24.42880333710472,0 39.63078271286398,24.42881173510406,0 39.63079187617279,24.4288173604686,0 39.63080123059848,24.42882602607321,0 39.63081345036254,24.42883185029534,0 39.63082553088864,24.42883475583423,0 39.63083761800483,24.42883766276859,0 39.63084987071737,24.42884349973346,0 39.63085365514986,24.42885816188781,0 39.63085459734956,24.42887574475197,0 39.63085506629069,24.42888454559384,0 39.63084970447198,24.42889635660162,0 39.63086104771626,24.4288844914212,0 39.63042695280259,24.42935139537702,0 39.63017931485564,24.42935629443172,0 39.62992446854696,24.42884180836851,0 
						</coordinates>
					</LinearRing>
				</outerBoundaryIs>
			</Polygon>
		</Placemark>
		<Placemark id="1BA5B3334A13E7DEE6624">
			<name>27</name>
			<styleUrl>#m_ylw-pushpin</styleUrl>
			<Polygon>
				<tessellate>1</tessellate>
				<outerBoundaryIs>
					<LinearRing>
						<coordinates>
							39.62958935636875,24.43072119018122,0 39.62958473094219,24.43072110630883,0 39.62957863451874,24.43072253508667,0 39.62957246792553,24.43072242285086,0 39.62956636913034,24.43072385186245,0 39.62956026867316,24.43072528140424,0 39.62955744418593,24.43073139889183,0 39.62955139877376,24.43073437718227,0 39.62954528653982,24.43073581054951,0 39.6295392333754,24.43073879262315,0 39.62953311577913,24.4307402275452,0 39.62952699604209,24.43074166292528,0 39.6295208744275,24.4307430987716,0 39.6295147507657,24.43074453506739,0 39.62950862517071,24.43074597182564,0 39.62950254876841,24.43074896143127,0 39.62949651714207,24.43075350792654,0 39.62949362117302,24.43075967580153,0 39.62948752507627,24.43076266826402,0 39.62948136376513,24.43076399693263,0 39.62947360532676,24.43076370696129,0 39.62946744390409,24.43076503549547,0 39.62946128144854,24.43076636433598,0 39.62945515748869,24.43076925512726,0 39.62944900694335,24.43077072356374,0 39.62944607916875,24.43077710200271,0 39.62944624637348,24.43078353255965,0 39.62944170992184,24.43078824052187,0 39.62943712903324,24.43079135606049,0 39.62942936514364,24.43079122140768,0 39.6294231892129,24.43079271269966,0 39.6294170107907,24.43079420454767,0 39.62941083029779,24.43079569700713,0 39.62940464740728,24.43079719002307,0 39.62939843474746,24.43079710233788,0 39.62939385572758,24.43080185445875,0 39.62939706305682,24.43080818100377,0 39.62939873546006,24.43081596910933,0 39.62940197114915,24.43082378868088,0 39.62940206910198,24.43083003189851,0 39.62940060578281,24.43083627065307,0 39.62939438239651,24.43083777172314,0 39.62938657383317,24.43083769126468,0 39.6293787662921,24.43083761074253,0 39.62937095954965,24.43083753028422,0 39.62936466713917,24.43083275860089,0 39.62935841237796,24.4308311195669,0 39.62935213509054,24.43082635494697,0 39.62934589049397,24.43082471947181,0 39.62934117529678,24.4308184238618,0 39.62933647873714,24.43081369652491,0 39.6293333342873,24.43080744041051,0 39.62932864929087,24.43080267772303,0 39.62932397058462,24.4307978154325,0 39.62931929997207,24.43079296127748,0 39.62931308866386,24.43078806939904,0 39.62930843792299,24.43078478004318,0 39.6293037916297,24.43077988156233,0 39.62929915314922,24.43077498620335,0 39.62929452287995,24.43077009969243,0 39.62928990295029,24.43076362234126,0 39.62928837168521,24.43075720887899,0 39.62929145448781,24.43075247493488,0 39.62929146373879,24.43074293379908,0 39.62929147113661,24.43073500721772,0 39.62928994591388,24.43072865819766,0 39.62928995548867,24.43072077140734,0 39.62928996524414,24.43071290653039,0 39.62928997493307,24.43070506348721,0 39.62928998255036,24.43069880466393,0 39.62929151199653,24.4306925826094,0 39.62929607754209,24.4306879498468,0 39.6293021557775,24.43068333280652,0 39.62930974997717,24.43068186973126,0 39.62931125321892,24.43067564036468,0 39.62930669287978,24.43067091445343,0 39.62930516535569,24.43066313660847,0 39.62930515848125,24.43065849228985,0 39.62930514665001,24.43065078896004,0 39.62930362873388,24.4306446276038,0 39.62929759316989,24.43064148638978,0 39.62929156500856,24.43063832310737,0 39.62928705042084,24.43063518545247,0 39.62928405336715,24.43062900714034,0 39.62927955600193,24.43062435092732,0 39.62927507268572,24.4306181765939,0 39.62926908528996,24.43061506373132,0 39.62926311460897,24.43061044111985,0 39.6292586412789,24.43060732702367,0 39.62925267764737,24.43060419113981,0 39.62924672100383,24.43060107102577,0 39.62924078679567,24.43059646211162,0 39.62923633861886,24.43059338795332,0 39.62923042218538,24.4305887922546,0 39.62922451478111,24.43058423214249,0 39.62922010676778,24.43057969087269,0 39.62921572857507,24.43057365702215,0 39.62921284638738,24.43056764649897,0 39.62920994668207,24.4305631422958,0 39.62920559327267,24.43055714557476,0 39.6291997156592,24.43055412715078,0 39.62919384604608,24.43055109740313,0 39.62918795376254,24.43054955526649,0 39.62918055386314,24.43054948424766,0 39.62917463463126,24.4305494271232,0 39.62916723645131,24.43054935636375,0 39.62916131400634,24.43054933813951,0 39.62915542636045,24.4305478699744,0 39.62914958090801,24.430544927938,0 39.62914674050727,24.43054051305388,0 39.62914246668704,24.4305346469584,0 39.62914263102358,24.43052877735516,0 39.62914131981088,24.43052292841941,0 39.62914001133515,24.43051709178057,0 39.62913870570671,24.43051126744973,0 39.62913740266593,24.43050545533038,0 39.62913466358199,24.43049829677842,0 39.62913625210022,24.43049399527175,0 39.62914074057672,24.43049105799233,0 39.62914526270431,24.43048668881213,0 39.62914981505511,24.43048089452524,0 39.62915142936202,24.43047515269988,0 39.62914861452321,24.43047090910211,0 39.62914284034396,24.43046813646553,0 39.62913707117563,24.4304653663906,0 39.62913134935486,24.43046117615022,0 39.62912713886237,24.43045555240195,0 39.62912585304912,24.43044990059204,0 39.62912457001053,24.43044426003522,0 39.62912183391886,24.43043864997661,0 39.62911910320922,24.43043305094042,0 39.62911492517454,24.43042748187786,0 39.62911510936505,24.43042186665905,0 39.62911674286936,24.43041624415165,0 39.62911982159713,24.43041061447677,0 39.62912293745966,24.43040360316829,0 39.62912744719774,24.4303979815128,0 39.6291305042873,24.43039239006996,0 39.62913211319891,24.43038682832174,0 39.62913519960238,24.43037987869174,0 39.62913971699228,24.4303729249715,0 39.62914274735031,24.43036738221952,0 39.62914577174852,24.43036185089876,0 39.6291487896615,24.43035633111691,0 39.62915180302367,24.43035080811156,0 39.62915481859739,24.4303452439114,0 39.62915786545653,24.43033831186885,0 39.62916086667909,24.43033277526311,0 39.62916525240171,24.43032859606203,0 39.62916824359384,24.43032305451246,0 39.62917264919069,24.43031751400817,0 39.62917701113895,24.43031336049627,0 39.62917997934041,24.43030785610307,0 39.62918574351805,24.43030369642691,0 39.62919150142078,24.43029952504709,0 39.62919580757604,24.43029672356601,0 39.62920152251117,24.43029390734646,0 39.62920723003334,24.43029109482019,0 39.62921432018914,24.43028961744922,0 39.62921999357019,24.4302881570685,0 39.62922568162546,24.43028534609733,0 39.62923273077028,24.43028530313869,0 39.6292369898084,24.43028261499758,0 39.62924263564416,24.43028130785478,0 39.62924827828358,24.4302800109265,0 39.6292539307894,24.43027735315698,0 39.62925956733167,24.43027605995191,0 39.62926520125441,24.43027476729741,0 39.62927083287971,24.43027347514641,0 39.62927506314502,24.43027080634763,0 39.62928208925426,24.43027089241091,0 39.62928771683724,24.43026824320963,0 39.62929333757607,24.4302669537975,0 39.62929895620906,24.43026566493849,0 39.62930456824079,24.4302616653621,0 39.6293101790109,24.43026037886219,0 39.62931578752847,24.43025909296203,0 39.62932138670534,24.43025645500294,0 39.62932699747179,24.43025652251725,0 39.62933258897241,24.43025388691175,0 39.62934100818687,24.43025408759637,0 39.62934520794849,24.43025288286819,0 39.62935082529038,24.43025305547312,0 39.62935644498209,24.43025322806653,0 39.62936347296161,24.43025344388667,0 39.62937050409757,24.43025365978244,0 39.62937611096042,24.43025249747952,0 39.62938314683095,24.43025271322743,0 39.62938875368053,24.43025155063851,0 39.62939295197039,24.43025034513066,0 39.62939998831176,24.43025052630707,0 39.62940557999475,24.43024924580935,0 39.62941119405001,24.43024925807421,0 39.62941680843311,24.4302492703782,0 39.62942242313414,24.43024928262877,0 39.62942944166763,24.4302492979871,0 39.62943505677805,24.43024931028154,0 39.62944204156002,24.43024801712134,0 39.62944905917217,24.43024803240597,0 39.62945319254222,24.43024540500857,0 39.6294601629705,24.43024408386319,0 39.62946717602513,24.4302440994412,0 39.62947418932797,24.43024411502786,0 39.6294813446228,24.43024810292259,0 39.62948705000559,24.43025073324457,0 39.62949410993625,24.43025201645284,0 39.62950111813198,24.43025196173704,0 39.62950671237331,24.43025186999097,0 39.62951370360648,24.4302517551974,0 39.62951801703605,24.4302543659448,0 39.62951965637939,24.43025971043148,0 39.62951988168313,24.43026502567736,0 39.62952150018047,24.43027028758449,0 39.62952176660932,24.43027688741749,0 39.62952485414073,24.43028348917395,0 39.62952789404842,24.43028877903494,0 39.62953082830612,24.43029142066649,0 39.62953529151827,24.43029671833756,0 39.62954111968115,24.43030068577563,0 39.62954690008724,24.43030333878417,0 39.62955278910543,24.43030748251308,0 39.62955861659719,24.43031026228052,0 39.62956445099849,24.43031304538102,0 39.62957029247924,24.43031583182747,0 39.6295761481118,24.43031864584308,0 39.62958067049212,24.43032285421834,0 39.62958671328594,24.43032847723576,0 39.62959133616264,24.43033408837868,0 39.62959436955496,24.43033691185767,0 39.62959901035776,24.43034254328031,0 39.62960357138903,24.43034677741235,0 39.62960831220775,24.43035380653618,0 39.62961163244692,24.43036085567075,0 39.6296150547718,24.43036934141916,0 39.6296183019057,24.43037501479983,0 39.62962010826138,24.43038067708915,0 39.62962336124003,24.43038635437997,0 39.62963064777499,24.43038772097962,0 39.62963766900996,24.43038489524881,0 39.62964324196456,24.43038207216784,0 39.62965034716467,24.43038066322129,0 39.62965600851919,24.43037925458199,0 39.62966154029231,24.43037637028918,0 39.62966565456406,24.43037356356682,0 39.62966966493801,24.4303693637937,0 39.62967213348605,24.43036378329946,0 39.62967293606636,24.43035537297928,0 39.6296769189208,24.4303511860083,0 39.62968254708244,24.43034981109152,0 39.62968816199233,24.43034841124463,0 39.62969671468693,24.43034833040144,0 39.62970252184986,24.43034965525847,0 39.62970700930745,24.43035236492335,0 39.6297116901714,24.43035777587696,0 39.62971516165686,24.43036596254021,0 39.62971843359284,24.43037141975006,0 39.62972188376395,24.43037955381718,0 39.62972540590381,24.43038899048787,0 39.62972702814885,24.43039168298085,0 39.62973037269921,24.4303984346851,0 39.62972645118777,24.43040394321187,0 39.62972387918256,24.43040811276095,0 39.62972019242304,24.43041538046943,0 39.62971756627938,24.43041831992335,0 39.62971211103892,24.43042258653976,0 39.62970967977423,24.43042947570432,0 39.62971002285376,24.43043491638723,0 39.62971718317785,24.43043466068259,0 39.62972299735912,24.43043581708051,0 39.62972890156257,24.43043833525543,0 39.62973471747512,24.43043949195187,0 39.62974081012653,24.43044473885349,0 39.62974682449633,24.43044864469869,0 39.62975306245976,24.43045535590833,0 39.62975767611827,24.43045936893476,0 39.62976233697499,24.43046463058284,0 39.62976553634524,24.43046987804631,0 39.62976589695946,24.4304753061497,0 39.62976627032438,24.43048077163804,0 39.62976674234903,24.4304876261099,0 39.6297655876021,24.43049180272427,0 39.62976155114993,24.43049609791515,0 39.62975597447461,24.43049907843801,0 39.62974732357385,24.43049941883712,0 39.62974158993307,24.43049973731246,0 39.62973595756566,24.43050147617275,0 39.62972880087951,24.43050192904566,0 39.62972307120909,24.43050229158867,0 39.62971742354588,24.43050403704277,0 39.62971177886465,24.43050580863625,0 39.62970603772645,24.43050617870945,0 39.62970039024589,24.4305079774893,0 39.6296948513489,24.43051126092093,0 39.62968921942254,24.43051315139664,0 39.6296835805651,24.43051504435961,0 39.62967801505814,24.43051834098729,0 39.62967096503018,24.43052048554614,0 39.62966687065826,24.43052383667656,0 39.62967150347031,24.43052909952651,0 39.62967614108742,24.43053436797327,0 39.62968059936131,24.43053675969437,0 39.62968505812971,24.43053915180844,0 39.62969226912055,24.43053977601454,0 39.62969815128539,24.4305420115527,0 39.62970407397463,24.43054436405975,0 39.62970995116071,24.43054542577314,0 39.62971593129567,24.43054793981925,0 39.62972193043969,24.43055050067285,0 39.62972793197908,24.43055306251668,0 39.62973404835816,24.43055709090998,0 39.62974005626307,24.43055965581298,0 39.62974607743853,24.43056224915145,0 39.6297508472091,24.43056659970473,0 39.62975709697308,24.43057093219408,0 39.62976188984886,24.43057531740369,0 39.62976523956806,24.43057979585441,0 39.62976872565248,24.43058578432907,0 39.62977226720817,24.43059190593884,0 39.62977310380308,24.43059989754349,0 39.62977529710516,24.43060638374038,0 39.62977749659413,24.43061288905832,0 39.62977988269824,24.43062105226464,0 39.62977911010537,24.4306276375307,0 39.62977516529446,24.43063262850871,0 39.62977109952681,24.43063733764179,0 39.62976702552298,24.43064205518874,0 39.6297611693476,24.430643682084,0 39.62975550038202,24.43064702080999,0 39.62975018505068,24.43065375260028,0 39.62974618741938,24.43065881515922,0 39.62973941088992,24.43066581836131,0 39.62973540584792,24.43067095890438,0 39.62972989238198,24.43067616830376,0 39.62972450330766,24.43068300590703,0 39.62972045038283,24.430688148396,0 39.62971652380248,24.4306949265711,0 39.62971258505331,24.4307017253972,0 39.62971013164999,24.43070844594509,0 39.62970616935124,24.43071528312778,0 39.62970350098897,24.43072018314401,0 39.62969930614294,24.43072634207785,0 39.62969503543415,24.4307310763335,0 39.6296907574294,24.4307358183135,0 39.62968804753315,24.43074190883347,0 39.62968382848538,24.43074813332547,0 39.62968103502718,24.43075277915294,0 39.62967515090671,24.43075620590363,0 39.62967083635983,24.43076098089596,0 39.62966658340981,24.43076723693738,0 39.62966225357324,24.43077203012169,0 39.62965602502663,24.43076941614954,0 39.62965123232673,24.43076515573579,0 39.6296450459303,24.4307639059837,0 39.62963879507562,24.43076118106157,0 39.62963261037327,24.43075993167884,0 39.62962636371081,24.43075720821367,0 39.62962010492765,24.43075442181367,0 39.62961382558736,24.43075153592913,0 39.62960902107342,24.43074712424869,0 39.62960569165676,24.43074119276778,0 39.62960086574464,24.43073665133688,0 39.62959604456333,24.43073210533062,0 39.6295911905949,24.43072738640507,0 39.62958781441233,24.43072116226183,0 39.62958296641137,24.43071641296357,0 39.62957680478075,24.43071629889903,0 39.6295706444284,24.43071618471105,0 39.62958935636875,24.43072119018122,0 
						</coordinates>
					</LinearRing>
				</outerBoundaryIs>
			</Polygon>
		</Placemark>
		<Placemark id="1C031EBF1343E7DEE6624">
			<name>28</name>
			<styleUrl>#m_ylw-pushpin</styleUrl>
			<Polygon>
				<tessellate>1</tessellate>
				<outerBoundaryIs>
					<LinearRing>
						<coordinates>
							39.60443786751549,24.50107717265912,0 39.60500748792121,24.50134044544656,0 39.60463142159437,24.50360142491308,0 39.60418385941185,24.50339683835433,0 39.60443786751549,24.50107717265912,0 
						</coordinates>
					</LinearRing>
				</outerBoundaryIs>
			</Polygon>
		</Placemark>
		<Placemark id="1DE7AA78BD43E7DEE6624">
			<name>29</name>
			<styleUrl>#m_ylw-pushpin</styleUrl>
			<Polygon>
				<tessellate>1</tessellate>
				<outerBoundaryIs>
					<LinearRing>
						<coordinates>
							39.60731419440987,24.50424847713634,0 39.60845112499749,24.50459815676625,0 39.6070875868522,24.50528371404985,0 39.60731419440987,24.50424847713634,0 
						</coordinates>
					</LinearRing>
				</outerBoundaryIs>
			</Polygon>
		</Placemark>
		<Placemark id="1E02A58FE983E7DEE6624">
			<name>30</name>
			<styleUrl>#m_ylw-pushpin</styleUrl>
			<Polygon>
				<tessellate>1</tessellate>
				<outerBoundaryIs>
					<LinearRing>
						<coordinates>
							39.60625898298935,24.50479560435036,0 39.60514401925722,24.50477638247685,0 39.60528916202045,24.50378172692052,0 39.60636714301351,24.50403174274845,0 39.60625898298935,24.50479560435036,0 
						</coordinates>
					</LinearRing>
				</outerBoundaryIs>
			</Polygon>
		</Placemark>
		<Placemark id="1F7ACE1DB3D3E7DEE6624">
			<name>31</name>
			<styleUrl>#m_ylw-pushpin</styleUrl>
			<Polygon>
				<tessellate>1</tessellate>
				<outerBoundaryIs>
					<LinearRing>
						<coordinates>
							39.60619202903143,24.50480791305447,0 39.60619998054258,24.50482511453444,0 39.60620104591591,24.50483795288443,0 39.6062061881148,24.50486015420852,0 39.60620848961339,24.50488697516003,0 39.60621035018748,24.50490903972431,0 39.60621511588178,24.50492657921561,0 39.60621699917071,24.50494877768759,0 39.60621851396032,24.50496663065845,0 39.60621343625954,24.50498482580424,0 39.60621523188565,24.50500660815004,0 39.60621380308577,24.505029307145,0 39.60621572143145,24.50505220652855,0 39.60621726219595,24.50507058289882,0 39.6062187120071,24.50508837548725,0 39.60622018309261,24.50510644677314,0 39.60621864863215,24.50512900522797,0 39.60620981867045,24.50514608507893,0 39.60620439835586,24.50516365738102,0 39.60619127368403,24.50517091688094,0 39.60617765629503,24.50517244447143,0 39.60615358227973,24.50517376635552,0 39.60613978900387,24.50517387110384,0 39.60612259615904,24.50517579471085,0 39.60610941915609,24.50518490709749,0 39.60611495805102,24.50521303628914,0 39.60612414374948,24.50524301728013,0 39.60613623353706,24.5052640947281,0 39.60614739251067,24.50527313776894,0 39.60616279378664,24.50529230768235,0 39.60618464066655,24.50530338239894,0 39.60619905810302,24.5053098237772,0 39.60621666584924,24.50531213614385,0 39.60623174121703,24.50532695754968,0 39.60624644528259,24.50533682688278,0 39.60626083663988,24.50534232623243,0 39.6062783006179,24.50534322213371,0 39.60629227497418,24.50534366236852,0 39.60630625190235,24.50534410236986,0 39.60632713076583,24.5053443023403,0 39.6063415880776,24.50534955923496,0 39.60635603182342,24.50535471733663,0 39.60637111543827,24.50536571979329,0 39.6063862170728,24.50537669520908,0 39.60639672528112,24.50537691240367,0 39.60641478420238,24.50538222033029,0 39.60643572459632,24.50538214532208,0 39.6064537196394,24.50538708122571,0 39.60647459316385,24.50538646557685,0 39.60649195438467,24.50538580341737,0 39.60650517270496,24.50537986247454,0 39.60652596644609,24.50537898762899,0 39.60653915079103,24.50537305038604,0 39.60655574097252,24.50536691261456,0 39.60657570708698,24.50536038758876,0 39.60658887993976,24.5053550113573,0 39.60660193445317,24.50534898769141,0 39.60661841304131,24.50534275121149,0 39.60662877252295,24.50534234845576,0 39.6066460134803,24.50534176122254,0 39.60666245242507,24.50533576079537,0 39.60667892122218,24.50533003340985,0 39.60668933631234,24.50533015303017,0 39.60670677891994,24.5053305319215,0 39.60672412065269,24.50533044192914,0 39.60674126537562,24.50532965913287,0 39.60675557910429,24.50533343069783,0 39.60677141606486,24.50534716886748,0 39.6067829662308,24.50535548178266,0 39.6067994329194,24.50537334805251,0 39.60681952674622,24.50539166562341,0 39.60682862628212,24.50540574566811,0 39.60684211286128,24.50542513712818,0 39.60684797364981,24.50544008627373,0 39.60685577385092,24.50546644311565,0 39.60685214974866,24.50548763728976,0 39.60684235324791,24.50549277702742,0 39.60682552108617,24.50549813529342,0 39.60680869357494,24.50550363997003,0 39.60678741051125,24.50550352337905,0 39.60678386311557,24.5055035036743,0 39.6067590465339,24.50550337899527,0 39.6067415738059,24.50550431934982,0 39.60673102329487,24.50550465571645,0 39.60671695410029,24.5055051038559,0 39.60669164253072,24.50550086342558,0 39.60667078218066,24.505502622223,0 39.60665686660293,24.5055037968708,0 39.60663589123433,24.50550513613273,0 39.60662190185073,24.50550602911356,0 39.60660847124429,24.50551169076242,0 39.60659507096678,24.50551753414749,0 39.60657813449511,24.50552357391982,0 39.6065610478205,24.50552901499667,0 39.60654031589752,24.50553411583212,0 39.60652363162423,24.50554393040314,0 39.6065063007057,24.50554854244037,0 39.60648835923529,24.50554785538792,0 39.60647432853864,24.50555109721698,0 39.60646025430299,24.50555411197283,0 39.60644662291241,24.50556171383539,0 39.60643209544872,24.50556023303022,0 39.60641524606123,24.5055720714792,0 39.60639757460925,24.50557497962701,0 39.60638409485951,24.50558399858066,0 39.60637030394416,24.50558923442694,0 39.60635612266669,24.50559006083757,0 39.60634235959565,24.50559568792971,0 39.60632502557459,24.50560152966071,0 39.60630764135812,24.50560724649109,0 39.60629126353127,24.50562428598507,0 39.60628099449595,24.50562998095015,0 39.60626401242108,24.50564139660959,0 39.606246495605,24.50564711352092,0 39.60623302268375,24.50565853968707,0 39.6062158971899,24.50566985438263,0 39.60620186053624,24.50567532041874,0 39.60618416416352,24.50568058836036,0 39.60616276889869,24.50568524847796,0 39.60614195351048,24.50569732434664,0 39.60611691358936,24.50570288520944,0 39.60609617040815,24.50571730609951,0 39.60607490176075,24.50572519190766,0 39.60605725588997,24.5057329105586,0 39.6060394449774,24.50573942673979,0 39.60602521512886,24.50574565475555,0 39.60601062043555,24.50574572474161,0 39.60599602579767,24.50574579398305,0 39.60598540114119,24.50575201472327,0 39.60596352301726,24.50575215007912,0 39.6059489275303,24.50575224120065,0 39.60593793483417,24.50575189214042,0 39.6059235342279,24.50575705600633,0 39.60590178230527,24.50576186814151,0 39.60588344420396,24.50576096633828,0 39.60586532927231,24.50576593290262,0 39.60585066122005,24.50576517452184,0 39.60583618884579,24.50577033547556,0 39.60582518594918,24.50576976569639,0 39.60581069118147,24.50577493185936,0 39.60579235925226,24.50577422151142,0 39.6057741933157,24.50577986573283,0 39.6057595348973,24.50577963986043,0 39.6057376829185,24.5057855544667,0 39.6057230232734,24.50578580469985,0 39.60569738411748,24.50578653558285,0 39.60567908111687,24.50578706513133,0 39.60566075800584,24.50578757927703,0 39.60563876455561,24.50578819648436,0 39.60562410001587,24.50578860861485,0 39.60560576574925,24.50578912329338,0 39.60559109650309,24.50578953479695,0 39.60557642339128,24.50579579783103,0 39.60556171550591,24.5058079400215,0 39.6055469630323,24.50582011938019,0 39.60553216191952,24.5058327642672,0 39.6055173539941,24.50583980128264,0 39.6054987048509,24.50585901508038,0 39.60547989817197,24.50588374469557,0 39.60546487073319,24.50589643251431,0 39.60544979604666,24.50590916124519,0 39.60543467283829,24.50592193021785,0 39.60541961090767,24.50592891518829,0 39.60540077494446,24.50593620525741,0 39.60538188216346,24.50594317441414,0 39.60536677765094,24.50595004238425,0 39.60534787927989,24.50595642916397,0 39.60532519646702,24.50596295472389,0 39.60530999438137,24.50596923308904,0 39.60528748358051,24.50596998929706,0 39.60527222640496,24.50597630807253,0 39.60526072478251,24.50598238915271,0 39.60523795310834,24.50598820000647,0 39.60522293007897,24.50598787899548,0 39.60520766762912,24.50599310936677,0 39.60518112614253,24.50599776381086,0 39.60515460094519,24.50600222607735,0 39.60513585490391,24.50600125001415,0 39.60512055334252,24.50600662123256,0 39.60509796851629,24.50600652011092,0 39.60507872044212,24.50601267232968,0 39.60505600404327,24.50601383906846,0 39.60504423879116,24.50602096507261,0 39.60503242522329,24.50602801539528,0 39.60501298401705,24.50603550071914,0 39.60500155568139,24.50603624149896,0 39.60498631372462,24.50603723056741,0 39.60496734955022,24.50603767273492,0 39.60494082970052,24.50603811401765,0 39.60492900501934,24.50604429453549,0 39.60491381159883,24.50604471176448,0 39.6048986156722,24.50604512894416,0 39.60487576894952,24.50604616590523,0 39.60484911793994,24.50604732512141,0 39.60482584581198,24.50605353082676,0 39.6048068975534,24.506053451772,0 39.60479125565438,24.50605895653788,0 39.60477560016066,24.50606437584744,0 39.60475671552968,24.50606382036676,0 39.60473731320733,24.50606882636898,0 39.60471413846206,24.50607351696343,0 39.60469847396133,24.50607864883421,0 39.60468334045576,24.50607824819939,0 39.60466811572367,24.50607853375414,0 39.60464904659303,24.50607886371807,0 39.6046376068972,24.50607908271811,0 39.60461086569263,24.50607989357765,0 39.60460890349628,24.50606301770883,0 39.60460818752283,24.50603493484785,0 39.60460332432672,24.50601123494133,0 39.60460300908095,24.50598137258955,0 39.60459825220332,24.50595769025541,0 39.60459726706213,24.50593409371383,0 39.60460072519513,24.50590471046593,0 39.60459675408553,24.505875179137,0 39.60459619710143,24.50584988048126,0 39.60459588701953,24.50582340690614,0 39.60459568300488,24.5057944905235,0 39.60459471363278,24.50577188236326,0 39.60459374888616,24.50574939707643,0 39.60458616680444,24.50572155137367,0 39.60458523115556,24.50569934054421,0 39.6045812644945,24.50567219408912,0 39.60458383880238,24.50565079519352,0 39.6045876501835,24.50561908995163,0 39.60458659259784,24.50559807077126,0 39.60457839541193,24.5055771233929,0 39.60456896006571,24.5055666638557,0 39.60455468752859,24.50556659408369,0 39.6045361744285,24.50557170883339,0 39.60451825331801,24.50557199510403,0 39.60450387314347,24.50557241387529,0 39.604485866113,24.50557302386255,0 39.60446795257062,24.5055732029372,0 39.6044500474341,24.50557334434201,0 39.60444156442416,24.50555743368702,0 39.60444028708016,24.50554128007887,0 39.60445124411628,24.50551438710123,0 39.6044542912946,24.50549303499088,0 39.60445939113671,24.50545667110195,0 39.60446350098395,24.50542687372699,0 39.60446894347909,24.50538726559408,0 39.604477213515,24.50537767392323,0 39.60449452521912,24.50537826397177,0 39.60451250788951,24.50537385561401,0 39.60452649857999,24.50537367573879,0 39.60454048804942,24.50537349593629,0 39.60455860073079,24.50536833762564,0 39.6045732054902,24.50536319376488,0 39.60458717928218,24.50536299023432,0 39.6046086898773,24.50535790395394,0 39.60462670960046,24.5053528377623,0 39.6046406420614,24.50535274515774,0 39.60465516894558,24.50534769324267,0 39.6046702384986,24.50533765094906,0 39.60468414742527,24.50533757810583,0 39.60470208484326,24.50533247062026,0 39.60471996376149,24.5053273807871,0 39.60473437271346,24.50532236579669,0 39.60474876414531,24.50531735704686,0 39.6047661003544,24.50531719388507,0 39.60477453320923,24.50530241868644,0 39.6047765209825,24.50528289279216,0 39.6047760654071,24.5052537233046,0 39.60477954366378,24.50521982187303,0 39.60478303978373,24.5051859540087,0 39.60477723732492,24.50517629695308,0 39.60475685143282,24.50517622702445,0 39.60473986366094,24.50517616896082,0 39.60472627426515,24.50517612232955,0 39.60471767311554,24.50516181294288,0 39.60470910430534,24.50514755629213,0 39.60470056209662,24.50513336726614,0 39.60469258404076,24.50511457469731,0 39.60468410267745,24.50510053032281,0 39.60467951179799,24.50508202437839,0 39.60469398305812,24.50507290381011,0 39.60470454949103,24.50506840998108,0 39.60472235368503,24.50505931582196,0 39.60473624441002,24.5050547696143,0 39.60475061566395,24.50504564524265,0 39.60476444850448,24.50504126255359,0 39.60478250351143,24.50502795457847,0 39.60478767605066,24.50501006464746,0 39.60479322148048,24.504988102468,0 39.60479542905544,24.50496629021831,0 39.60479806433997,24.50494021914377,0 39.60480069147888,24.50491429724223,0 39.60480619078659,24.5048926220046,0 39.60480885909944,24.50486658239694,0 39.60480740345945,24.50484914676458,0 39.6047953295524,24.50484021748663,0 39.60478281119902,24.50483569374868,0 39.60476982729687,24.50483555903462,0 39.60475733376965,24.50483104126219,0 39.60474485582991,24.504826529585,0 39.60473613374108,24.50481768954561,0 39.6047214749573,24.50480445300486,0 39.60470958582458,24.50479563285532,0 39.604697722671,24.50478682824482,0 39.60469606949503,24.5047738205071,0 39.60469815412308,24.50475659101705,0 39.60470120851895,24.5047311731633,0 39.60470373455595,24.50471017787286,0 39.6047057301254,24.50469349528868,0 39.60470720307173,24.50468100079815,0 39.60471066604514,24.50465206922455,0 39.60471263846736,24.50463570602,0 39.60471507354624,24.50461532317081,0 39.60471701205142,24.50459909946919,0 39.60472472895599,24.50458706149194,0 39.60473820329931,24.50457917055674,0 39.60474805915944,24.50457527237213,0 39.60476415953303,24.5045714609681,0 39.60478024353988,24.50456765289865,0 39.60479318645903,24.50456380808207,0 39.60480880421186,24.50456400285157,0 39.60481818693215,24.50456409313425,0 39.60483382676366,24.50456420013127,0 39.60484989829497,24.50456019241136,0 39.6048655605486,24.50456015729275,0 39.60487809052747,24.50456012955076,0 39.60489138096337,24.50455213842166,0 39.60490389662993,24.50455211054601,0 39.60489801489567,24.50454814939093,0 39.60488237909815,24.50454818419924,0 39.60486987010968,24.5045482125235,0 39.60487338673172,24.50454423487822,0 39.60488627099424,24.50454024073981,0 39.6049022631662,24.50453624419619,0 39.60491787275594,24.50453620970852,0 39.60493036079728,24.50453618184191,0 39.60494320170878,24.50453224189503,0 39.60495566354142,24.50453234170676,0 39.60496812573772,24.50453244103113,0 39.60498058897456,24.50453254078971,0 39.60499244097013,24.50454038456558,0 39.6049977465489,24.50455210319045,0 39.60500620706491,24.50456387587059,0 39.60501780388973,24.50457579344117,0 39.60502691197797,24.50457980179759,0 39.60504231660357,24.50458376788386,0 39.60505803715967,24.50458367033938,0 39.60507061271832,24.50458359240717,0 39.60508661045795,24.50457944470574,0 39.60509944841107,24.50457532110442,0 39.60511253489591,24.50456716647605,0 39.60512271476158,24.50455502733372,0 39.60512998591906,24.50453894409607,0 39.6051343690746,24.50451901426539,0 39.60513820153724,24.50450727163344,0 39.60514554997162,24.50448774177894,0 39.60515276353157,24.50447189582184,0 39.60516536898795,24.50446774671907,0 39.60517795923346,24.50446377563186,0 39.60519032479921,24.50446368086252,0 39.60520289407075,24.50445971431779,0 39.60521834045257,24.50445959570932,0 39.60522451939754,24.50445954847356,0 39.60619202903143,24.50480791305447,0 
						</coordinates>
					</LinearRing>
				</outerBoundaryIs>
			</Polygon>
		</Placemark>
		<Placemark id="209720899FD3E7DEE6624">
			<name>32</name>
			<styleUrl>#m_ylw-pushpin</styleUrl>
			<Polygon>
				<tessellate>1</tessellate>
				<outerBoundaryIs>
					<LinearRing>
						<coordinates>
							39.60675681802934,24.50502953191192,0 39.60675215395138,24.5050423497001,0 39.60674749420603,24.50505536489179,0 39.60674331916847,24.50507194348977,0 39.60674481051826,24.50508216126872,0 39.60674638636349,24.50510756007988,0 39.60674471950384,24.50512613354217,0 39.60674529381572,24.50512995050191,0 39.60673192263487,24.5051462671845,0 39.60672846219862,24.50518558434056,0 39.60673076951691,24.50521831157443,0 39.60672846933321,24.50523524917736,0 39.60672153846991,24.50523478611634,0 39.60671274257661,24.5052375773153,0 39.60669931523164,24.50524006174362,0 39.60668831098111,24.50524336234838,0 39.60667683159423,24.50524301716609,0 39.60666581341663,24.50524636694555,0 39.60665434185326,24.50524608285675,0 39.60664062324051,24.50524598930576,0 39.60662919201009,24.50524591139287,0 39.60662008149441,24.50524607327355,0 39.60661101767509,24.50524652945453,0 39.60660421838338,24.50524687117897,0 39.60659015679754,24.50524346935139,0 39.60658109913786,24.50524392584291,0 39.60656932156436,24.50524041332316,0 39.60656253481712,24.5052407547056,0 39.60655035502115,24.505233179817,0 39.60653905634905,24.50523374862675,0 39.60652734381004,24.50523025344352,0 39.60651789096345,24.50522664614749,0 39.60650434690486,24.50522732476201,0 39.60649077323598,24.50522799546419,0 39.60647949804083,24.50522884556153,0 39.60646599758105,24.50523018933038,0 39.60645247572922,24.50523142677691,0 39.60644113460614,24.5052318804836,0 39.60643205949054,24.50523224370782,0 39.60642075669752,24.50523320458285,0 39.60640696910623,24.50523091489008,0 39.60639336626596,24.50523163612595,0 39.6063798287846,24.5052331715302,0 39.60637079643018,24.50523419567995,0 39.60635949772894,24.50523547697511,0 39.60634592710739,24.50523701578694,0 39.60633460827952,24.50523829939885,0 39.60632324039197,24.50523902981016,0 39.60631186601109,24.50523974432114,0 39.60630503894654,24.50524017334024,0 39.60628896016395,24.5052378026869,0 39.60628427263153,24.50523467153701,0 39.60628349531975,24.50521468258185,0 39.60628748222104,24.50520111867702,0 39.60628695226794,24.50518779639604,0 39.60628629682125,24.50517150773975,0 39.60628568214444,24.50515588349479,0 39.60628507112326,24.50514035975009,0 39.60628656630516,24.50512175183668,0 39.60628817286698,24.50510633933053,0 39.60628989358013,24.50509407738351,0 39.60628928139379,24.50507901443912,0 39.60629098961274,24.5050668924533,0 39.60629037737428,24.50505200030036,0 39.60629631272087,24.50503678864128,0 39.60630259588462,24.50503048480136,0 39.60631090388451,24.50502114625814,0 39.60631929711536,24.50501450382184,0 39.60632985304937,24.50500812845142,0 39.60634005106996,24.50499550284637,0 39.60635050872972,24.50498874407449,0 39.60635848295182,24.50497689651186,0 39.60636650233713,24.50496590684589,0 39.6063680277423,24.5049549276583,0 39.60637152611105,24.50494116409343,0 39.60637057366531,24.50492473878234,0 39.60636929700337,24.50490300430853,0 39.60636807613628,24.50488188820411,0 39.60636729306012,24.5048685795216,0 39.60636634735183,24.50485251796445,0 39.6063650906253,24.50483117153435,0 39.60636446110995,24.50482053502234,0 39.60636749754727,24.50480175142961,0 39.60637996226145,24.50480155285316,0 39.60639225811512,24.50479860125716,0 39.60640260466646,24.50479815933355,0 39.60641084721301,24.50479750884552,0 39.60641927265007,24.50479947462857,0 39.60643182032251,24.50480111943318,0 39.60644477772067,24.50480798675137,0 39.60645549883485,24.50481240938338,0 39.60646602399101,24.50481420795359,0 39.6064788390517,24.50481847410107,0 39.60649394040603,24.50482501503039,0 39.60650905639451,24.50483141951277,0 39.60652190214594,24.50483540802579,0 39.60653682502507,24.50483918426752,0 39.6065471223471,24.50483809631717,0 39.60655329675233,24.50483744366278,0 39.60656177824604,24.50483916463292,0 39.60656507501783,24.50485153748181,0 39.60656838862856,24.50486397396726,0 39.60656965349211,24.50487673577764,0 39.60657118026884,24.50489214013386,0 39.60657246001469,24.50490505146186,0 39.60657390527822,24.50492003463299,0 39.60657068044833,24.50493052986186,0 39.60656605568866,24.5049488899191,0 39.6065562324606,24.50495766797251,0 39.60654802418025,24.50496114734866,0 39.60654212355114,24.50496682949315,0 39.6065363990424,24.50497485237499,0 39.60653727188096,24.50498492970625,0 39.60654264416979,24.50499724954992,0 39.60654736796018,24.50500199381796,0 39.60655639859605,24.50500650963116,0 39.60656495339758,24.5050057985709,0 39.60657540527156,24.50500236764733,0 39.60658615683814,24.50500194970563,0 39.60659662162024,24.50499878614338,0 39.60660277804315,24.50499578933627,0 39.60661565886109,24.50499530074827,0 39.60662855139924,24.50499487155109,0 39.60663715702879,24.50499466502527,0 39.60664791267546,24.50499440681122,0 39.60665651615268,24.50499420004045,0 39.60666517008698,24.50499426157451,0 39.60667565070148,24.50499155689334,0 39.60668430376037,24.50499163463282,0 39.60669582450505,24.50499732420591,0 39.60670267514246,24.50500017214399,0 39.60671386680536,24.50500304246874,0 39.60672339649194,24.505009274505,0 39.60673254303801,24.50501254867449,0 39.60674170324496,24.50501582709586,0 39.60675047457532,24.50501623082185,0 39.60675971818326,24.50501982940243,0 39.60677111421882,24.50502323218559,0 39.60677328828644,24.50502322833243,0 39.60675681802934,24.50502953191192,0 
						</coordinates>
					</LinearRing>
				</outerBoundaryIs>
			</Polygon>
		</Placemark>
		<Placemark id="21BE6B588E63E7DEE6624">
			<name>33</name>
			<styleUrl>#m_ylw-pushpin</styleUrl>
			<Polygon>
				<tessellate>1</tessellate>
				<outerBoundaryIs>
					<LinearRing>
						<coordinates>
							39.60446519006285,24.50596494584868,0 39.60445297487467,24.50597164178834,0 39.60444386375595,24.50597836234208,0 39.60443839571883,24.50599868691828,0 39.60442974274493,24.50601912763535,0 39.60441446353725,24.50603276666521,0 39.60440205564614,24.50603921840326,0 39.60438942296798,24.50603915017327,0 39.60437360843263,24.50603910443439,0 39.60436413544937,24.50603908600556,0 39.60434519023975,24.5060390481947,0 39.60432613190706,24.50603251301747,0 39.60431339014334,24.50602568990406,0 39.60428809748455,24.50601929476895,0 39.60427225881505,24.50601332945651,0 39.60425961157548,24.50600730788292,0 39.60424704679708,24.50600775439618,0 39.60422818452673,24.50600831396897,0 39.60420931929336,24.50600882851678,0 39.60419045604072,24.50600799655995,0 39.60417473576965,24.50600742835052,0 39.60415899625123,24.50601398796572,0 39.60414012232738,24.50601361908751,0 39.60412439905162,24.50601330488442,0 39.60411181998697,24.50601330253902,0 39.60409915301006,24.50601997447012,0 39.60408655374324,24.50602007908294,0 39.60406766804287,24.50602069201626,0 39.60405179108924,24.50602714816283,0 39.60403268034018,24.50603370382154,0 39.60401375005507,24.50603417685794,0 39.60399483493509,24.50603467822696,0 39.60397587808945,24.5060350591855,0 39.60396007498399,24.50603537415729,0 39.60395058271698,24.5060355073882,0 39.60393503926934,24.50602927824298,0 39.60391927189524,24.5060294040803,0 39.60390348156899,24.50602935086576,0 39.60389402136263,24.50602927232768,0 39.60388173268442,24.50602281184446,0 39.6038628323287,24.50602284210883,0 39.6038505677037,24.50601625132284,0 39.6038285866773,24.50601562228318,0 39.60381605689358,24.50601526854688,0 39.60380071194193,24.50600860402082,0 39.6037881684277,24.50600822016429,0 39.60377562599714,24.50600783617579,0 39.60375997946237,24.50600726985627,0 39.60374432697779,24.50600664775573,0 39.60372905691516,24.50599996283626,0 39.6037165514924,24.50599938108435,0 39.60370135254495,24.50599269383542,0 39.60368929908518,24.50598617575074,0 39.60368038766782,24.50597984710312,0 39.60366526401847,24.50597334006276,0 39.6036501856028,24.50596700073674,0 39.60363770383245,24.50596689310042,0 39.6036252224182,24.50596678516128,0 39.60361223198031,24.50597269598619,0 39.60359296243079,24.50597853398523,0 39.60357733680268,24.50597839895408,0 39.60355803913526,24.5059843793477,0 39.6035386522467,24.50599046818203,0 39.60352609318395,24.50599065240653,0 39.60351290705469,24.50599703912807,0 39.60349967580275,24.50600361379027,0 39.60348706911586,24.50600396516659,0 39.60347123807324,24.50600491138834,0 39.60345149425068,24.50601264447746,0 39.60343562419365,24.50601367712408,0 39.60341586084134,24.5060210951315,0 39.60340241352236,24.50602815760803,0 39.6033857899947,24.50603516407606,0 39.60337628216234,24.50603542614721,0 39.6033636031713,24.50603577511326,0 39.60334773319605,24.50603617960322,0 39.60333506931751,24.50603644004774,0 39.60332321678236,24.50603036972704,0 39.60331138368659,24.5060243151744,0 39.60330273480785,24.50601814451077,0 39.60329094804141,24.50601203918623,0 39.60327921953131,24.50600582271496,0 39.60326348951606,24.506005971022,0 39.6032517816759,24.50599982050718,0 39.60323292078044,24.50599999798649,0 39.60322034655867,24.50600011701886,0 39.60320149081566,24.50600022776976,0 39.60319299168241,24.50599401001052,0 39.60317729892724,24.50599404538483,0 39.60315848712184,24.50599410755387,0 39.60314279663587,24.50599417306185,0 39.6031280910456,24.50598799570513,0 39.60311655557958,24.5059817901397,0 39.60310090193416,24.50598181068043,0 39.60308940255273,24.5059756154212,0 39.60307479948064,24.50596943673563,0 39.60306022366066,24.50596326917589,0 39.6030477361904,24.50596328499065,0 39.6030363575775,24.50595696458501,0 39.60302501873998,24.50595056707304,0 39.60301482358991,24.50593790033241,0 39.60300777864386,24.50592521123034,0 39.60299773929042,24.50591230378049,0 39.60298774560963,24.50589942395323,0 39.60297237796879,24.5058990898617,0 39.60295705696765,24.50589858568844,0 39.60294482606562,24.50589807870898,0 39.60292950192952,24.50589741225655,0 39.60291732058738,24.50589680395062,0 39.60290209589139,24.5058960427652,0 39.60288687812955,24.50589528145617,0 39.60287592801135,24.5058885720506,0 39.60289012536526,24.50586376002058,0 39.60288788229881,24.50584446959607,0 39.60288663776547,24.50580598792105,0 39.6028874716399,24.50578712833861,0 39.60288658143801,24.50576207975003,0 39.60288679980929,24.50573169943786,0 39.6028885134312,24.50570856294765,0 39.6028928706731,24.50568672476977,0 39.60289550692028,24.50565892950854,0 39.60290106427092,24.50563144282495,0 39.6029065705997,24.50560422858918,0 39.60291383505987,24.50558278243538,0 39.60292394077246,24.50556160205513,0 39.60293479139973,24.5055511656257,0 39.60294762269297,24.50553045703771,0 39.60295838116188,24.50552012316773,0 39.60297204153771,24.50550972318344,0 39.60298357677136,24.50551004489715,0 39.6029980169136,24.50551038883086,0 39.60301245938963,24.50551073261242,0 39.60302304585856,24.50551623044856,0 39.60303268794413,24.50552697911367,0 39.60304427563719,24.50552725588423,0 39.60305781888653,24.5055328530489,0 39.60306848459675,24.50553839106949,0 39.6030734667206,24.50555973002619,0 39.60308233615615,24.50557595412331,0 39.60308350102549,24.50560297736522,0 39.60308560274989,24.50562485367165,0 39.60309067438614,24.50564695142568,0 39.60310148455014,24.50567019571326,0 39.6031143719248,24.50568210853717,0 39.6031282826754,24.50568818289588,0 39.60314419901866,24.5057002990682,0 39.60315613211387,24.50570054132948,0 39.60316806690797,24.50570078308147,0 39.60318188463049,24.50568926791241,0 39.6031965340152,24.50567208754265,0 39.60320513971317,24.5056550768089,0 39.60321156984342,24.50563275317549,0 39.60322802886926,24.50562187491098,0 39.60323770520382,24.50561649328353,0 39.60325032019367,24.5056111450997,0 39.60326507456525,24.50561125183399,0 39.60327392810584,24.50561131610237,0 39.60328200755139,24.50561681318266,0 39.60328246575268,24.50565521961286,0 39.6032822993159,24.50567743464858,0 39.60328209594496,24.50569994830134,0 39.60328484044717,24.50572306775531,0 39.60328532745144,24.50574084698477,0 39.60328414431083,24.50577057256216,0 39.60328466544183,24.50578844479861,0 39.60328952704118,24.50581891513155,0 39.60329784982252,24.50582495972295,0 39.60331485226263,24.50581240130067,0 39.60331818713989,24.5057879034363,0 39.60332973159286,24.50576975772054,0 39.60334950166423,24.50575774169461,0 39.6033593267945,24.50575189257652,0 39.60337215328325,24.50574604822596,0 39.60338568124799,24.50573441493631,0 39.6033984483906,24.50572860220318,0 39.60341489782076,24.50571702560832,0 39.60342751599173,24.5057112275362,0 39.60344398699872,24.50569965587968,0 39.60345364258585,24.50569391768251,0 39.60346623692261,24.50568823445973,0 39.60346874502977,24.50566591964138,0 39.60346826346484,24.50564377049658,0 39.60347198288601,24.50561081810953,0 39.60346916509889,24.50558363930287,0 39.60347100939057,24.50556743134145,0 39.60346636766362,24.5055567088835,0 39.6034816305762,24.50555129158089,0 39.60349218640323,24.5055352653431,0 39.6035044010531,24.50553005421189,0 39.60351954193828,24.50552515377143,0 39.60353750649217,24.50552036114235,0 39.60354622126703,24.50552052408417,0 39.60355831625218,24.50551571311819,0 39.60357041371822,24.50551092237222,0 39.60358054255007,24.5054961183918,0 39.60359109095906,24.50547641596555,0 39.60360354346514,24.50546674244169,0 39.60361506918942,24.50546695479128,0 39.60362991146445,24.50546228724547,0 39.60364185494423,24.50545757355678,0 39.60365666278277,24.50545286190843,0 39.60366818536146,24.50545293361506,0 39.60368258915091,24.50545302444965,0 39.60369699387221,24.50545311483111,0 39.60370563682916,24.50545316892554,0 39.60371611782839,24.50542870090019,0 39.60372043737535,24.50540920705728,0 39.6037275799851,24.50538983279355,0 39.60372938540993,24.50536539641947,0 39.60372832978298,24.50534135133198,0 39.60372337064672,24.50533200116185,0 39.60371274764108,24.50532276042668,0 39.60370180202511,24.50531822562792,0 39.60369049797131,24.50531837873135,0 39.60367636869938,24.50531867551704,0 39.60367070441486,24.50531885412493,0 39.60368278003425,24.50530913736146,0 39.60368752001473,24.50528566963423,0 39.60368905338946,24.50526685996959,0 39.60369095626901,24.50524351109215,0 39.60369281838548,24.50522047303443,0 39.60369540688841,24.50518849158256,0 39.60369695719657,24.50517002356333,0 39.60369929221323,24.50514159314886,0 39.60370084134064,24.50512292775401,0 39.60370311198007,24.50509551895095,0 39.60370459664136,24.5050774811195,0 39.6037033638212,24.50505961058755,0 39.60370251203114,24.50503740911212,0 39.60370239664506,24.50500660468737,0 39.60370421040265,24.50498486645409,0 39.60370298535802,24.50496765586888,0 39.60370478613942,24.50494624219004,0 39.60370427615635,24.50492084398462,0 39.6037037707105,24.50489567009231,0 39.6037029171958,24.50487486777129,0 39.60370208074711,24.50485418622122,0 39.60370314278064,24.50484180628057,0 39.60370227913136,24.50482124922592,0 39.6037037006367,24.50480482903351,0 39.60370550001466,24.50478433481969,0 39.60370692770401,24.50476793766785,0 39.60370872746491,24.50474736713577,0 39.60370577711691,24.50472291310864,0 39.60370503566876,24.50470264717336,0 39.60370683539523,24.50468245902954,0 39.60370866253011,24.50466226674056,0 39.60371472484688,24.50465042356096,0 39.6037276506896,24.50464624029705,0 39.60373016779514,24.50464618155732,0 39.60372009917391,24.5046464163897,0 39.60369959860358,24.50465081577212,0 39.60368698153363,24.50465122839963,0 39.60367434808958,24.50465171624264,0 39.60366171728618,24.50465220768859,0 39.6036549041522,24.50464471784107,0 39.60365894757106,24.5046291172457,0 39.60366547349938,24.50461352249673,0 39.60367518088024,24.50459042960892,0 39.60368692369778,24.5045712584491,0 39.60368797774407,24.50455999899458,0 39.60368691426454,24.50454509940465,0 39.60368091838667,24.5045304230238,0 39.60367538817061,24.50451159815282,0 39.60366954749185,24.50449653394197,0 39.60366374690651,24.50448151665127,0 39.6036551682096,24.50447027615252,0 39.60365391961693,24.50445896355886,0 39.60365105677267,24.50444015839738,0 39.60364541567974,24.50442520185717,0 39.60364222208107,24.50441024026868,0 39.60363547361457,24.50438431183965,0 39.60363151062153,24.50437699600901,0 39.60363404803996,24.50435451299889,0 39.60363457577388,24.5043286496741,0 39.60364015865694,24.50432105037329,0 39.60365005957436,24.50431698880677,0 39.60366262035448,24.50430954719018,0 39.60367478830203,24.50430575014252,0 39.60368692547432,24.50430200477046,0 39.60369667957288,24.50429834875303,0 39.60370641908433,24.50429469877921,0 39.60371345972853,24.50429463377432,0 39.60371513807959,24.50427707095515,0 39.60371413777605,24.50426316738591,0 39.60371081723423,24.5042493730102,0 39.60370551903021,24.50423235907532,0 39.6036978266226,24.50421626301808,0 39.60369475488876,24.50420030490557,0 39.60369338710581,24.50419080918903,0 39.60369233991995,24.50417823779311,0 39.60369159411809,24.50416261638829,0 39.60369054512596,24.50415019175868,0 39.60368980009346,24.504134808266,0 39.60369071228433,24.50412562737298,0 39.60368030863194,24.50411654208645,0 39.60367414703539,24.50411049945346,0 39.60366860894998,24.5040985476482,0 39.60366534702647,24.50408664823837,0 39.60366240339185,24.50407188390772,0 39.60365947868196,24.50405720755658,0 39.60365881121982,24.50404257493203,0 39.60365591235401,24.50402809102479,0 39.60365303135821,24.50401369347238,0 39.60364986049567,24.50400219904307,0 39.60364891340846,24.50399073030416,0 39.60364576447515,24.50397935734047,0 39.60364515413113,24.50396511305645,0 39.60364171794366,24.50395665453652,0 39.60363861591732,24.50394538849483,0 39.60363773236509,24.50393404540612,0 39.60363500179056,24.50391996014091,0 39.60363195768026,24.50390876310593,0 39.6036307690349,24.50390039024753,0 39.60362591624887,24.50388653093182,0 39.60362291715613,24.50387549294855,0 39.60361776981957,24.50386455777952,0 39.60361265021597,24.5038536819901,0 39.60360721868766,24.5038455706679,0 39.60361252705717,24.50383722518146,0 39.60362572311068,24.50383417138144,0 39.6036367762081,24.50383114013355,0 39.60365606469179,24.50383060285772,0 39.60366709833299,24.50382746129736,0 39.60367781196649,24.50382708204313,0 39.6036863811862,24.50382677845141,0 39.60368787040235,24.50381302656073,0 39.60368937047214,24.50379923885905,0 39.60368667030873,24.50378539426505,0 39.60368365882692,24.50377447932618,0 39.6036870030334,24.50376339307518,0 39.60368852478418,24.50374971893213,0 39.60368974847483,24.50373879074159,0 39.60368707364135,24.50372536217314,0 39.60369038799425,24.5037144368545,0 39.60369935562647,24.50370866836149,0 39.60371038373513,24.50370283471378,0 39.60371901078906,24.50369980278075,0 39.60372999694497,24.50369391385881,0 39.60373860373801,24.50369082093237,0 39.60374747371711,24.50368500759425,0 39.60375685875908,24.50367378614808,0 39.60376361584305,24.50366803941926,0 39.60377268698093,24.50365944627837,0 39.60377785360384,24.50364841502365,0 39.60378093788028,24.50363755196179,0 39.60378223936974,24.50362400110229,0 39.60378355376945,24.50361039864713,0 39.60378459932552,24.50359958010173,0 39.60378563962158,24.50358881711661,0 39.6037846670953,24.50357809642626,0 39.60378570170615,24.50356744492459,0 39.6037867309726,24.50355684832825,0 39.60378601958915,24.50354366499822,0 39.60378729689775,24.50353058000168,0 39.60378805927563,24.50352276885094,0 39.60378907153035,24.50351240046746,0 39.60379032951175,24.50349951392326,0 39.60379133016981,24.50348926346607,0 39.60379231681389,24.50347911866591,0 39.60379713297534,24.50346950918652,0 39.60379999223473,24.50345983994475,0 39.60380444052043,24.50345338592532,0 39.60381099291838,24.50344486346648,0 39.60380075926643,24.50342894056739,0 39.60479996668767,24.50367899401919,0 39.60465315690327,24.5047030221751,0 39.60446519006285,24.50596494584868,0 
						</coordinates>
					</LinearRing>
				</outerBoundaryIs>
			</Polygon>
		</Placemark>
		<Placemark id="2277206EC023E7DEE6624">
			<name>34</name>
			<styleUrl>#m_ylw-pushpin</styleUrl>
			<Polygon>
				<tessellate>1</tessellate>
				<outerBoundaryIs>
					<LinearRing>
						<coordinates>
							39.60306249066932,24.50384700469317,0 39.60306403868477,24.50383949757747,0 39.6030642589432,24.5038263743857,0 39.60306588563248,24.50381333079692,0 39.60306609921673,24.5038003705277,0 39.60306770008757,24.50378774533867,0 39.603069233992,24.50377879713772,0 39.60306939807554,24.50376807708465,0 39.60307094481604,24.50375745580896,0 39.60307243231982,24.50375036593168,0 39.60307256149169,24.50374150912115,0 39.60307411293567,24.50372922074982,0 39.60307560456876,24.50372050919123,0 39.60307570007269,24.5037135499843,0 39.60307581896676,24.50370489350281,0 39.60307465956283,24.50369092316573,0 39.60307480879971,24.50368049634217,0 39.60307229273475,24.50366834855326,0 39.60307110917021,24.5036580366304,0 39.60306993371334,24.50364779329945,0 39.60306737687993,24.50364095660655,0 39.60306621787979,24.50363083992316,0 39.60306497945376,24.50362577992722,0 39.60306245222763,24.50361903638656,0 39.60306132132521,24.50360905013723,0 39.60306013151209,24.50360243022532,0 39.60305763372477,24.50359581010897,0 39.60305649113343,24.50358761895342,0 39.6030553549728,24.50357947233651,0 39.60305422482155,24.50357136979858,0 39.60305443461399,24.50356173787513,0 39.6030533489641,24.50355213984615,0 39.60305363038375,24.50353947456761,0 39.60305390944982,24.50352691655754,0 39.60305287330269,24.50351598805686,0 39.60305304856024,24.50350825044401,0 39.60305318815769,24.5035020895905,0 39.60305336184366,24.50349442466545,0 39.60305353446608,24.50348679974039,0 39.60305367205736,24.50348072835887,0 39.60305387739694,24.50347166842702,0 39.60305404746948,24.50346416145492,0 39.60305411528567,24.50346116951486,0 39.60305310064395,24.50345072116162,0 39.60305198971574,24.50344477378143,0 39.60305095407637,24.50343593881111,0 39.60305109096377,24.50343014759101,0 39.60304878538714,24.5034228852412,0 39.60304769059837,24.50341711853588,0 39.60304656299458,24.5034127925735,0 39.60304428468883,24.50340558220886,0 39.60304320712769,24.50339985439253,0 39.60304213395064,24.50339414970878,0 39.60303988184219,24.50338703356578,0 39.60303755832838,24.50338276622596,0 39.60303650232684,24.50337714209437,0 39.60303306231101,24.50337009920598,0 39.60303080765009,24.50336450044936,0 39.60302851715176,24.50336030344873,0 39.60302507114685,24.50335471886447,0 39.60302159155576,24.50335052717064,0 39.6030169183414,24.50334632369312,0 39.6030122071402,24.50334349612804,0 39.60300750605971,24.50334067479027,0 39.60300275784405,24.5033392179799,0 39.60299681553554,24.50333773884739,0 39.60298961773721,24.50333759439052,0 39.60298362075012,24.50333747383547,0 39.60297889248576,24.50333602081884,0 39.60297170244669,24.50333587833244,0 39.60296585987027,24.50333305343624,0 39.60296241990532,24.50333029951731,0 39.60295913946168,24.50332487616055,0 39.60295817922877,24.50332083548053,0 39.60295388862124,24.5033127582489,0 39.60295310067837,24.50330609164935,0 39.60295105210736,24.50330076703361,0 39.60295019327823,24.50329547513869,0 39.60294933758539,24.50329020350771,0 39.602948723117,24.50328108961936,0 39.60294794995144,24.50327462192406,0 39.60294718038893,24.50326818456041,0 39.6029464157728,24.50326177146407,0 39.60294999623635,24.50326053396096,0 39.60295590654379,24.50325931881428,0 39.60296173923306,24.50325937604629,0 39.60296764338872,24.50325815772931,0 39.60297464164986,24.50325821701784,0 39.60297930828593,24.50325825635784,0 39.6029863145758,24.50325825259658,0 39.60299098555057,24.5032582501548,0 39.60299799191228,24.50325824642407,0 39.60300266304604,24.50325824401033,0 39.60300733371365,24.50325824718415,0 39.60301317125686,24.50325825792207,0 39.60301891516805,24.50326082332649,0 39.60302579535209,24.50326467721067,0 39.60303043489128,24.50326596856668,0 39.60303499878908,24.50326984420144,0 39.60303965200141,24.50327113876716,0 39.60304427360904,24.50327373400768,0 39.6030523986155,24.50327763561902,0 39.60305819160124,24.50328154976329,0 39.60306287589217,24.50328285553272,0 39.60306874383576,24.50328416193671,0 39.60307579713405,24.50328546902007,0 39.60308285691232,24.50328677738475,0 39.60308875778558,24.50328677432415,0 39.60309229814394,24.50328677667478,0 39.60309937680306,24.50328680755268,0 39.60310645226302,24.50328808173224,0 39.6031123561317,24.50328807822518,0 39.60311707919993,24.503288075458,0 39.60312534809702,24.50328939727767,0 39.60313007882812,24.50329073114546,0 39.60313599681982,24.5032920655357,0 39.6031431031063,24.50329335199791,0 39.60314903201808,24.50329463342183,0 39.60315616850504,24.50329724717654,0 39.60316213298791,24.50329987775579,0 39.60316927073878,24.50330115319596,0 39.60317644335392,24.50330377927702,0 39.60318362611077,24.50330632652653,0 39.60319082093079,24.50330887281158,0 39.60319683932283,24.50331144938346,0 39.60320520644495,24.50331262399791,0 39.60321124593781,24.50331522837215,0 39.60321725748783,24.50331660113428,0 39.60322452235084,24.50331935169793,0 39.60323054991877,24.50332072879418,0 39.60323532932788,24.50332072826379,0 39.60324136569994,24.50332210683505,0 39.60324860329321,24.50332346702891,0 39.60325703381419,24.50332472765281,0 39.60326427485165,24.50332601950481,0 39.60327384046444,24.50332591556441,0 39.60327870501742,24.5033272547204,0 39.60328348953978,24.50332720263001,0 39.60328964526601,24.50332992366482,0 39.60329572215044,24.50333125364098,0 39.60330171048253,24.50333118834639,0 39.60330669444897,24.50333393044172,0 39.60331278746041,24.50333526051192,0 39.60332128463943,24.50333655812331,0 39.60332618985612,24.50333790115042,0 39.60333470098239,24.50333920115438,0 39.60334081794916,24.50334053180736,0 39.60334694064555,24.5033418638096,0 39.60335306921288,24.50334319705613,0 39.6033580008009,24.50334454637466,0 39.60336401745132,24.50334448295825,0 39.60337003875985,24.50334446040217,0 39.60337485546351,24.50334444247925,0 39.60337967213257,24.5033444244134,0 39.60338702729271,24.50334576203888,0 39.60339318411856,24.50334710549856,0 39.60339814089293,24.50334845460909,0 39.60340324095228,24.50335117497166,0 39.60340955882305,24.50335389597015,0 39.6034158890186,24.50335662226479,0 39.60342223046858,24.50335935426609,0 39.60342980342341,24.50336211542359,0 39.60343876884447,24.50336629765747,0 39.60344654851886,24.5033705076968,0 39.60345296204777,24.5033733062209,0 39.60345939131349,24.50337612130635,0 39.60346704976988,24.50337891814335,0 39.6034731267092,24.50337883010454,0 39.60348063320455,24.50338026784975,0 39.60348546280487,24.5033800646574,0 39.60349150145813,24.5033798241782,0 39.60349875298123,24.50337956578145,0 39.60350257914835,24.50338088119317,0 39.60350983059154,24.50338062247327,0 39.60351587140809,24.50338040687446,0 39.60352191040311,24.50338019143522,0 39.60352915489987,24.50337993294109,0 39.60353519006536,24.5033797175865,0 39.60353881020733,24.50337958845847,0 39.60354604848391,24.50337933011811,0 39.60355351218186,24.50338051538645,0 39.60356218769359,24.50338165832902,0 39.60356820007289,24.50338138296928,0 39.60357554468334,24.50338216948007,0 39.60358054017273,24.50338322961283,0 39.60358771202166,24.50338278380539,0 39.60359273485277,24.50338391782811,0 39.60359797905566,24.50338640256808,0 39.60360158753834,24.5033862416302,0 39.60361022762471,24.50338721676964,0 39.60361503727277,24.50338700198373,0 39.60362270785038,24.50338938327615,0 39.6036289529467,24.50339046739441,0 39.60363520137787,24.50339155210832,0 39.60364169157217,24.50339399342012,0 39.6036467459634,24.50339513429126,0 39.6036535022866,24.50339896192267,0 39.60365964517862,24.50340579633935,0 39.60366556165886,24.5034112798668,0 39.60367052994248,24.50341818475033,0 39.60367553100587,24.50342514717358,0 39.60367905447698,24.50343074416685,0 39.60368409688459,24.50343776577866,0 39.60368819238721,24.50344624936608,0 39.60369079347356,24.50345336170093,0 39.60369317116022,24.5034591729489,0 39.60369639268437,24.50346861236194,0 39.60369896671027,24.50347492866689,0 39.60370066846254,24.50348297901198,0 39.60370238036127,24.5034910770916,0 39.60370444786516,24.50350085775555,0 39.60370653022032,24.50351070823051,0 39.60370757687217,24.50351565993701,0 39.60370932972595,24.50352395194424,0 39.60371073965418,24.50353062144429,0 39.60371411789905,24.50354058862198,0 39.60371554762275,24.50354733774718,0 39.60371734455579,24.50355581996357,0 39.60372077692129,24.50356596693664,0 39.60372260165491,24.50357456199264,0 39.60372406938868,24.50358147568646,0 39.60372755721051,24.50359180766872,0 39.60372994799255,24.5035969504921,0 39.60373171602374,24.50360545444265,0 39.60373313517682,24.50361228818702,0 39.60373326262028,24.50361922111069,0 39.60373208456904,24.50362624747743,0 39.60372957161522,24.5036332931919,0 39.60372664783094,24.50363852791751,0 39.60372538732832,24.50364548039532,0 39.60372246121823,24.50365079753052,0 39.603720204963,24.50365959237422,0 39.60371725564117,24.50366496013102,0 39.60371463433622,24.50367209180978,0 39.60371367039465,24.50368095649992,0 39.60371202222653,24.50368634509433,0 39.60371170455063,24.50369169641909,0 39.60371036672947,24.50369883684264,0 39.60370867813923,24.5037042173655,0 39.60370596846258,24.50371143782293,0 39.60370356030389,24.50372044119894,0 39.60370015184775,24.50372412502958,0 39.60369466706794,24.50373146757837,0 39.60369019669378,24.50373701055813,0 39.60368507636665,24.50373900141264,0 39.60367994895987,24.50374099489456,0 39.60367512635833,24.50374478072334,0 39.60367060097415,24.50375037192995,0 39.6036715323087,24.50375576326184,0 39.60367581763145,24.50376464771931,0 39.60367812545842,24.50377001278162,0 39.60368075557621,24.50377721264089,0 39.60368510539999,24.50378625005354,0 39.60368884540583,24.50379169285971,0 39.60369153982074,24.50379906131173,0 39.60369592098434,24.50380813643608,0 39.60369718299591,24.50381541347177,0 39.6037001661685,24.50382450519766,0 39.60370208845299,24.50383554918914,0 39.60370230598368,24.50384490140518,0 39.60369970251148,24.50385440453872,0 39.60369502329623,24.50386024133965,0 39.60369142265844,24.50386416045918,0 39.60368496085361,24.5038681300713,0 39.60367989204528,24.50387202833779,0 39.60367308959977,24.50387411914814,0 39.60366627815398,24.50387621254626,0 39.60366118212984,24.50388015227649,0 39.60365577670457,24.50388221102193,0 39.60365238485703,24.50388801709547,0 39.60365325849022,24.50389366444299,0 39.60365501056074,24.50390499249555,0 39.60365647937419,24.5039144892767,0 39.60365910331744,24.50392208020864,0 39.60366348460177,24.50393158204879,0 39.60366643886375,24.5039411803469,0 39.60366910091731,24.50394887956384,0 39.60367353134591,24.50395848639476,0 39.60367536274876,24.50397016667848,0 39.60367805694315,24.50397795236784,0 39.60367990023602,24.50398971412792,0 39.60368083104642,24.50399562296767,0 39.60368237987862,24.50400551590361,0 39.60368393204431,24.50401543982289,0 39.6036858060537,24.50402742102355,0 39.6036876946805,24.50403949699317,0 39.60369078089518,24.50404959049351,0 39.60369324730684,24.50405568439,0 39.60369487138701,24.50406596153611,0 39.6036980432225,24.50407636435663,0 39.60370156912924,24.50408892863361,0 39.60370444185898,24.50409735037195,0 39.60370766891234,24.50410793461403,0 39.60370903725189,24.50411645327156,0 39.60371229475128,24.50412714846359,0 39.60371368089987,24.50413575670019,0 39.60371198314709,24.50414442297994,0 39.60371183520186,24.50415315896773,0 39.60371169138056,24.50416194908386,0 39.60371154707612,24.50417078122208,0 39.60371296180585,24.50417964655824,0 39.60371509686551,24.50419302413922,0 39.60371652857862,24.50420199620297,0 39.60371868706116,24.5042155427224,0 39.60372053417952,24.50422699280755,0 39.60372248670262,24.50423890184138,0 39.60372454363208,24.50425124029334,0 39.60372620430866,24.50426119560664,0 39.6037246877099,24.50427125932356,0 39.60372476553265,24.50428136600104,0 39.60372323646244,24.50429154221852,0 39.60372331054913,24.50430176238075,0 39.60372338510022,24.50431203977547,0 39.60371818490414,24.50431986151984,0 39.60371256594069,24.50432520130823,0 39.60370650359322,24.50432790427987,0 39.60370044581501,24.50433066674225,0 39.60369439375835,24.50433349606492,0 39.6036879130953,24.5043336483865,0 39.60368143161627,24.50433380084488,0 39.60367332753726,24.50433398283449,0 39.60366724847239,24.50433681251981,0 39.60365913742734,24.50433699260721,0 39.60365304195327,24.50433982701212,0 39.60364695823615,24.50434282181911,0 39.60364049177739,24.50434313141004,0 39.60363277757497,24.50434617587175,0 39.6036282843985,24.50434905269309,0 39.6036218050064,24.50434937959598,0 39.60361570343238,24.50435246490587,0 39.60360959117062,24.50435555593691,0 39.60360147230092,24.50435596293372,0 39.60359530236294,24.50435886717521,0 39.6035887843879,24.50435910933765,0 39.6035826047795,24.50436205020983,0 39.60357445445982,24.50436238982867,0 39.60356824174421,24.50436524854441,0 39.60356002869805,24.50436530074312,0 39.60355540314627,24.50436794380208,0 39.60354882747311,24.50436798574948,0 39.60354090047019,24.50437065355065,0 39.60353625467155,24.5043733040605,0 39.60352637687368,24.5043733671898,0 39.60351814522097,24.50437341950676,0 39.60351347978816,24.50437607406132,0 39.60350361951998,24.5043762953477,0 39.60349731397877,24.50437911071133,0 39.60349099875095,24.50438193048267,0 39.60348277884889,24.50438219644882,0 39.60347452769088,24.50438226155956,0 39.60346816183621,24.50438489672469,0 39.60346155087154,24.50438491271767,0 39.60345493996378,24.50438492877156,0 39.60344667626124,24.50438494886411,0 39.60344028660387,24.50438758764752,0 39.60343388806771,24.50439023052937,0 39.60342581225044,24.50439278637787,0 39.6034175180186,24.50439269535349,0 39.60342000078157,24.50440320941438,0 39.60343040928443,24.50440859018325,0 39.60344040515987,24.50440870082429,0 39.6034472861604,24.50441134501466,0 39.60345394308602,24.50441132872116,0 39.60346059996892,24.50441131257325,0 39.60346892120446,24.50441129216672,0 39.60347582585485,24.50441393532826,0 39.60348107343558,24.50441658606882,0 39.60348988231819,24.50442164203267,0 39.60349705008768,24.50442675848488,0 39.60350259955361,24.50443212385288,0 39.60351011507485,24.5044402082982,0 39.60351738017532,24.50444560203274,0 39.60352298559629,24.50445102230693,0 39.60352860681198,24.50445645744148,0 39.60353791134702,24.50446463370854,0 39.60354387617943,24.50447286685676,0 39.60354989485865,24.50448129687388,0 39.60355764241814,24.50448978792075,0 39.60355999484161,24.504495475107,0 39.60356642036093,24.50450689698119,0 39.60357322165288,24.50452127232505,0 39.60357936941629,24.5045298877731,0 39.60357519052706,24.50453831652039,0 39.60356896232211,24.50454405136597,0 39.6035644339641,24.50454974254471,0 39.60355611968204,24.50455257872727,0 39.60354921193181,24.50455257437868,0 39.60354290607545,24.50455824003303,0 39.60353628512532,24.50456107680684,0 39.60352936279559,24.5045610728774,0 39.60352244056926,24.50456106877312,0 39.60351378797658,24.5045610635875,0 39.60350686586907,24.50456105941662,0 39.60350167437516,24.50456105626792,0 39.60349302195923,24.50456105138771,0 39.60348610013294,24.50456104715363,0 39.60347944055401,24.50456388635186,0 39.60347251374829,24.50456388200286,0 39.60346558689083,24.50456387776714,0 39.60345692842444,24.50456387283491,0 39.60344827013916,24.50456386775227,0 39.60343788000954,24.50456383405902,0 39.60342921865673,24.50456378365955,0 39.60342055787236,24.50456373232041,0 39.60341189713761,24.5045636814522,0 39.60340495473202,24.50456355952624,0 39.6033945253085,24.50456315207213,0 39.60338757742647,24.50456291621454,0 39.60338063481436,24.50456271777701,0 39.60337369359025,24.50456251906141,0 39.60336329702928,24.50456225093724,0 39.60335636057756,24.50456208341652,0 39.60334942587569,24.50456191624585,0 39.60334231636939,24.50455870776678,0 39.60333487980424,24.50454944715858,0 39.60332764258216,24.50454324346163,0 39.60332042005474,24.50453706593963,0 39.60331323216742,24.5045309267051,0 39.60330763148382,24.50452192212907,0 39.60330207206867,24.50451303521794,0 39.60329640271115,24.50450126282367,0 39.60329080272405,24.50449003805963,0 39.60328352843258,24.50447883647778,0 39.60327799058289,24.5044676665596,0 39.60327081292989,24.50445659749142,0 39.60326550253763,24.50444923112252,0 39.60326012285172,24.50443938527531,0 39.6032547626461,24.5044295522199,0 39.60324942289763,24.50441956298057,0 39.60324418872158,24.50441214090455,0 39.60324054906928,24.50440189454377,0 39.60323360880476,24.50439169091935,0 39.60323015248119,24.50438660921774,0 39.6032266342559,24.50437899472022,0 39.60321970544621,24.50436638131911,0 39.60321458518068,24.50435886304105,0 39.60320773245061,24.50434636594508,0 39.60320102786385,24.50433887711046,0 39.60319592877756,24.50432892304601,0 39.60319257607043,24.50432396896633,0 39.60318281780495,24.50432400667126,0 39.60317634759788,24.50432647898534,0 39.60316990167249,24.50433139767359,0 39.60316341006711,24.50433382416704,0 39.60315859410223,24.50434129219485,0 39.60315539681467,24.5043488089574,0 39.6031505460275,24.50435633602259,0 39.60314569341413,24.50436643784951,0 39.60314081522556,24.50437659313071,0 39.60313587866358,24.50437907574592,0 39.60312762822528,24.50437891179733,0 39.60312102906398,24.50437878070618,0 39.60311278094726,24.5043786166475,0 39.60310453097811,24.50437876391822,0 39.60309792912641,24.50437900108593,0 39.60308802403955,24.50437935711624,0 39.60308141897572,24.50437959442489,0 39.60307481272787,24.50437983195818,0 39.60306820524536,24.5043800693442,0 39.60305998466092,24.50437776595728,0 39.60305017067557,24.50437293070224,0 39.60304367002409,24.50436799057542,0 39.60303719373067,24.5043630278327,0 39.60303408729996,24.50435543541504,0 39.6030294598506,24.50434298122272,0 39.60302324060761,24.5043304745636,0 39.60301711334332,24.50431588197467,0 39.60301250943784,24.50430617589496,0 39.60300794269865,24.50429637275619,0 39.60300339306598,24.50428675804293,0 39.60299725542986,24.50427727554315,0 39.60298979680107,24.5042606297712,0 39.60298542354091,24.50424878362436,0 39.60298249359857,24.50424172785306,0 39.60297966591087,24.50423230827299,0 39.60297834931857,24.50422523445999,0 39.60297713167778,24.50421578870809,0 39.60297443671834,24.50420406909223,0 39.60297175874326,24.50419242429495,0 39.60297056665036,24.50418319695853,0 39.60296780957025,24.50417412004233,0 39.60296370316711,24.50416054111861,0 39.60296098385028,24.50415152625785,0 39.60295827462226,24.50414261074361,0 39.60295557259838,24.50413380541762,0 39.60295298502636,24.50412283993997,0 39.60294887421784,24.50411197721567,0 39.60294632858209,24.50410107415952,0 39.60294237990252,24.50408805471831,0 39.60294128824412,24.50407939468554,0 39.60293727233731,24.50406862853287,0 39.60293491854559,24.50405568597922,0 39.60293363367128,24.50405140156942,0 39.6029299165348,24.50403648435672,0 39.60292749216934,24.50402590836035,0 39.6029266967747,24.50401326759651,0 39.60292567209626,24.5040048994393,0 39.60292465257348,24.50399657153124,0 39.60292363764395,24.50398828348555,0 39.60292274642703,24.50397797360036,0 39.60292026642465,24.50396974357159,0 39.60291928069304,24.50396148202131,0 39.60291682910524,24.50395328990372,0 39.60291304784638,24.50394311961449,0 39.60291062449556,24.50393501575755,0 39.60290967207897,24.50392692214694,0 39.60291018006936,24.50391883864418,0 39.60291213782162,24.50391076595419,0 39.60291686160097,24.50390467371409,0 39.60292277791097,24.50390256332989,0 39.60292867882329,24.50390053259352,0 39.60293456501025,24.50389865073009,0 39.60294044384013,24.50389669674529,0 39.60294765414525,24.50389674121516,0 39.60295352227644,24.50389478926899,0 39.60296072865012,24.50389483359691,0 39.60296659063101,24.50389288084475,0 39.60297235296222,24.50389290802624,0 39.6029781979889,24.50389099902602,0 39.60298691428557,24.50388912072674,0 39.60299425418319,24.50388530325567,0 39.60300156907015,24.50388164021354,0 39.60300886881518,24.5038779849595,0 39.6030160345485,24.50387818423912,0 39.6030232571261,24.50387645870536,0 39.60302898884618,24.50387661800098,0 39.60303620269754,24.50387489374058,0 39.6030420222905,24.50387121222388,0 39.60304644211323,24.50386558603408,0 39.60304518376139,24.50385791728682,0 39.60304393129384,24.50385028402765,0 39.60304126568217,24.50384264698422,0 39.60304560678774,24.50383899606732,0 39.60305123813097,24.50384103295197,0 39.60305691264485,24.50384118759269,0 39.6030598522543,24.50383562201621,0 39.60306002143599,24.50382626005393,0 39.60306159866477,24.50381694656717,0 39.60306310445853,24.50381138322826,0 39.6030632655219,24.50380210838622,0 39.60306338895724,24.50379485227784,0 39.6030649078898,24.50378766705651,0 39.60306639133319,24.50378230828625,0 39.60306249066932,24.50384700469317,0 
						</coordinates>
					</LinearRing>
				</outerBoundaryIs>
			</Polygon>
		</Placemark>
		<Placemark id="239855A46543E7DEE6624">
			<name>35</name>
			<styleUrl>#m_ylw-pushpin</styleUrl>
			<Polygon>
				<tessellate>1</tessellate>
				<outerBoundaryIs>
					<LinearRing>
						<coordinates>
							39.60764755502183,24.50077765300093,0 39.60790480948786,24.49895740116204,0 39.6089268581698,24.49906966410472,0 39.60886084404581,24.50092364273349,0 39.60764755502183,24.50077765300093,0 
						</coordinates>
					</LinearRing>
				</outerBoundaryIs>
			</Polygon>
		</Placemark>
		<Placemark id="247C76882153E7DEE6624">
			<name>36</name>
			<styleUrl>#m_ylw-pushpin</styleUrl>
			<Polygon>
				<tessellate>1</tessellate>
				<outerBoundaryIs>
					<LinearRing>
						<coordinates>
							39.60428932328459,24.4999578041429,0 39.60442524580282,24.49880273338935,0 39.605475970798,24.49890895664962,0 39.60533898783395,24.50009383418112,0 39.60428932328459,24.4999578041429,0 
						</coordinates>
					</LinearRing>
				</outerBoundaryIs>
			</Polygon>
		</Placemark>
		<Placemark id="25A045184533E7DEE6624">
			<name>37</name>
			<styleUrl>#m_ylw-pushpin</styleUrl>
			<Polygon>
				<tessellate>1</tessellate>
				<outerBoundaryIs>
					<LinearRing>
						<coordinates>
							39.60429451635105,24.49940211547179,0 39.60325872132206,24.49932366550984,0 39.60317496198941,24.49841583804403,0 39.60426671177918,24.49846978651212,0 39.60429451635105,24.49940211547179,0 
						</coordinates>
					</LinearRing>
				</outerBoundaryIs>
			</Polygon>
		</Placemark>
		<Placemark id="2603E0A99E83E7DEE6624">
			<name>38</name>
			<styleUrl>#m_ylw-pushpin</styleUrl>
			<Polygon>
				<tessellate>1</tessellate>
				<outerBoundaryIs>
					<LinearRing>
						<coordinates>
							39.60381044919623,24.49965839929181,0 39.6038180387955,24.49965820335155,0 39.60383070069665,24.49965790794874,0 39.60384592075268,24.49965789717821,0 39.60385860447212,24.4996578864256,0 39.60387128781943,24.49965787571149,0 39.60388397661378,24.49965794207833,0 39.60389413361654,24.49965802577326,0 39.60390683160284,24.4996581301753,0 39.60391699077704,24.49965821392959,0 39.60392969018715,24.49965831710883,0 39.60394238980405,24.49965841779625,0 39.60395509018483,24.49965851848333,0 39.60396779140917,24.49965861950465,0 39.60398049390105,24.49965872049163,0 39.60399319703423,24.49965882106884,0 39.60400336254214,24.49965885603453,0 39.60401351688331,24.49965887032109,0 39.60402391171463,24.49966212080563,0 39.60403407100094,24.49966213521228,0 39.60404473108112,24.49966863114131,0 39.60405490021711,24.49966864542924,0 39.60407015338886,24.4996686670174,0 39.60408059033555,24.49967192707109,0 39.60409330771775,24.4996719450705,0 39.60410602596413,24.49967196311581,0 39.60411874342179,24.49967198093787,0 39.60412695578157,24.4996784927074,0 39.60413549070338,24.49968839729526,0 39.6041469699926,24.49970179826795,0 39.60415271284027,24.49970848952894,0 39.60416324349465,24.49971177384962,0 39.60417850495772,24.4997113257361,0 39.60418873919735,24.49971131666902,0 39.60419612529343,24.49970824123461,0 39.60420639751942,24.49970845026873,0 39.6042188725609,24.49970527778875,0 39.60422872982075,24.49970187755746,0 39.60423820882073,24.49969510583033,0 39.60424184001997,24.49968165579742,0 39.60424549347889,24.49966843525823,0 39.60424914688444,24.49965530839819,0 39.60425024493492,24.49964222761482,0 39.60425134170633,24.49962919734497,0 39.60425243447187,24.49961621828268,0 39.60425352280031,24.49960329006795,0 39.60425209331608,24.49959040649128,0 39.6042531778639,24.49957757887957,0 39.60425425849662,24.4995648013537,0 39.60425532559763,24.49955211123736,0 39.60425646122502,24.49953963264216,0 39.60425722920839,24.4995240821948,0 39.60425619650059,24.49951477067916,0 39.60425440505878,24.49949900306342,0 39.60425048567006,24.49948636615073,0 39.60424375467768,24.49947062540066,0 39.6042423398859,24.49945811980549,0 39.60425149017762,24.49945196267728,0 39.60426098225569,24.4994489245174,0 39.60427366522708,24.49945213414955,0 39.60428389824369,24.49945532978277,0 39.60429242769286,24.49946475520511,0 39.60430136586678,24.49947734690157,0 39.60431033483753,24.49948998532814,0 39.60431680309044,24.4995024204963,0 39.60432077596271,24.49951478759604,0 39.60432516144115,24.49953038689618,0 39.60432631177646,24.49953980117108,0 39.60432825284265,24.49955562189035,0 39.6043273268296,24.49956839810735,0 39.60432636026673,24.49958108670415,0 39.60432578288555,24.49959701606317,0 39.60432483706645,24.49960992057446,0 39.60432390787371,24.49962294654213,0 39.6043229778649,24.49963604270035,0 39.60431950295028,24.49964916615165,0 39.60431897596644,24.49966571480821,0 39.60431548372055,24.49967898411816,0 39.60431748231636,24.49969571699744,0 39.6043161313225,24.49970576755608,0 39.60431813821801,24.49972255781778,0 39.60431973006578,24.49973597090634,0 39.60432132814572,24.4997494381319,0 39.60432371821737,24.49976970164044,0 39.60432565265226,24.49978636509268,0 39.60432759655667,24.49980310911232,0 39.60432653781513,24.49981641433913,0 39.60432323701667,24.49983307355399,0 39.60432216736552,24.4998465526206,0 39.60432107575099,24.49986008787842,0 39.60431514758165,24.49987709256032,0 39.60431420786978,24.49989140874245,0 39.60431063974784,24.49990582109788,0 39.60430747390993,24.49992390581557,0 39.60430167013153,24.49994217778956,0 39.60429807205302,24.49995691469502,0 39.60429403138225,24.49996804537682,0 39.60428774721514,24.49998297106327,0 39.60428105784067,24.49999432520639,0 39.60427440968156,24.50000613484377,0 39.60426787926335,24.50001851878248,0 39.60426175769612,24.50003494193604,0 39.60425293635286,24.5000515567041,0 39.60424896497953,24.5000639686761,0 39.60424524836442,24.50007961102612,0 39.60423958794532,24.50010291600644,0 39.60423579780816,24.50011854256482,0 39.60423198553968,24.50013424280707,0 39.60422502732288,24.5001460963525,0 39.60421452211261,24.50015011894211,0 39.60420359824413,24.50015019404866,0 39.60418996319983,24.50015029739156,0 39.60417943054047,24.5001543253084,0 39.60416578728236,24.50015443191617,0 39.60415214392148,24.50015453566535,0 39.60413814747686,24.50015069496823,0 39.60412144045082,24.5001468791695,0 39.6041068086071,24.50013518802404,0 39.60409222647029,24.500123536599,0 39.60408072304135,24.50011580439512,0 39.60406924820268,24.50010808958996,0 39.60405779454413,24.50010039241704,0 39.60404666352786,24.50009659081171,0 39.60403527932942,24.5000890312806,0 39.60402367769878,24.50007799317211,0 39.60401237440586,24.50007072924215,0 39.60399814339771,24.5000597864924,0 39.60398958622774,24.50005252806934,0 39.6039754390392,24.50004171837466,0 39.60396421518377,24.5000343300855,0 39.60395325158672,24.50003071122928,0 39.60394229938402,24.50002709551021,0 39.6039286655362,24.50002352333109,0 39.60391773655774,24.50001991530527,0 39.60390414377662,24.5000163501899,0 39.60389323802444,24.50001274924393,0 39.60387967133263,24.50000919156891,0 39.6038739383306,24.50000177148374,0 39.60386537608608,24.49999061815805,0 39.60386991907263,24.49997540815476,0 39.60387729606253,24.49996389103248,0 39.60388176358862,24.4999485056772,0 39.60387802829015,24.49992910590623,0 39.6038749528879,24.49992131259929,0 39.60386882422014,24.49990578346928,0 39.60386272928131,24.49989035349251,0 39.60385423401966,24.49987873277441,0 39.60384557756866,24.49986337240047,0 39.60383715845735,24.49985189237371,0 39.6038289329693,24.49984427849698,0 39.60381813311457,24.49983660969407,0 39.60380720087723,24.4998252685067,0 39.60379617079165,24.49981044957293,0 39.60379068827499,24.49980322461525,0 39.60378509235956,24.49979275449925,0 39.60377938675373,24.49977893551564,0 39.60377114302033,24.4997655142285,0 39.60376286928646,24.49974937956414,0 39.60375740600637,24.49973972455366,0 39.60374929139697,24.49972691046387,0 39.60374131770636,24.49971755353675,0 39.60373337624011,24.4997083572117,0 39.60372536525674,24.49969604886331,0 39.60371755574172,24.4996900329016,0 39.60370712974501,24.49968098573808,0 39.60369672892247,24.49967196059033,0 39.60368635340606,24.49966295739995,0 39.60367346938212,24.49965405688899,0 39.60366314685493,24.49964509687921,0 39.6036654056685,24.49963230734108,0 39.60367536296391,24.49962553076891,0 39.6036852989295,24.49961876917464,0 39.60369790125808,24.49961822322933,0 39.60370796766245,24.49961771606854,0 39.60372306008676,24.49961695479415,0 39.60373311766926,24.4996164475406,0 39.60374318992906,24.49961613076533,0 39.60375577745486,24.49961579650966,0 39.60376365784266,24.49962498370847,0 39.60377408200061,24.4996341273792,0 39.60378453360516,24.49964329534656,0 39.60379501117944,24.49965248570178,0 39.60380538687635,24.49965853562789,0 39.6038180387955,24.49965820335155,0 39.60383084327823,24.49966109058714,0 39.60384607042076,24.49966107733522,0 39.60385622191808,24.49966106872073,0 39.60386891076963,24.49966105816457,0 39.60381044919623,24.49965839929181,0 
						</coordinates>
					</LinearRing>
				</outerBoundaryIs>
			</Polygon>
		</Placemark>
		<Placemark id="27481F8BE2E3E7DEE6624">
			<name>39</name>
			<styleUrl>#m_ylw-pushpin</styleUrl>
			<Polygon>
				<tessellate>1</tessellate>
				<outerBoundaryIs>
					<LinearRing>
						<coordinates>
							39.60316843009435,24.49779107628298,0 39.60318324761725,24.49778806478126,0 39.60319582673053,24.49778827573137,0 39.60320837390027,24.49778844360253,0 39.60321786437682,24.49778208744439,0 39.60322761601937,24.49777898025692,0 39.60323541844659,24.49778232193835,0 39.60322594293148,24.49778867877574,0 39.60322170659334,24.49779824552143,0 39.60321214547586,24.49780438570162,0 39.60320258579715,24.49781054201523,0 39.60318998674561,24.49781033222284,0 39.60318014117463,24.49781329129873,0 39.60316775652171,24.49781614177186,0 39.60316018873825,24.49781597567818,0 39.60315028627834,24.49781868872232,0 39.60314037625498,24.49782138551428,0 39.60313043479218,24.49782392126767,0 39.6031177521767,24.49782319808024,0 39.60310505913085,24.49782244609646,0 39.60309237661979,24.49782167286515,0 39.60307970032999,24.49782089955118,0 39.60306956393909,24.4978202811871,0 39.60305436706117,24.49781935457911,0 39.60304169098422,24.49781843541296,0 39.60303155241104,24.49781767176329,0 39.60301888622892,24.49781671771946,0 39.60300624692483,24.49781585845783,0 39.60299362493986,24.49781521822478,0 39.60298605711061,24.4978148243077,0 39.60297799445559,24.49780281275724,0 39.60296966833383,24.497784611937,0 39.60296136200016,24.49776633767035,0 39.60295585687476,24.49775427868436,0 39.60295283896008,24.49774215485562,0 39.60294485815698,24.49772994305865,0 39.60294186976077,24.49771789140712,0 39.60293642189887,24.49770591028022,0 39.6029285197147,24.49769392902019,0 39.60292544081788,24.49767895886303,0 39.60292003275131,24.49766696061194,0 39.60291466240093,24.49765507505562,0 39.60291172559928,24.49764324412669,0 39.60290884305758,24.4976315544619,0 39.60290587357804,24.49761721088608,0 39.6029029154645,24.49760292392602,0 39.60290027285449,24.49759723903302,0 39.60289986004948,24.49758583705919,0 39.60289459519139,24.49757452617365,0 39.6028941915751,24.49756319216873,0 39.60288894971567,24.4975518715326,0 39.60288588802287,24.49753455690491,0 39.60288055850306,24.49752018461554,0 39.60287763694617,24.49750575599485,0 39.60287232979741,24.49749143220714,0 39.60286953529373,24.49747998668173,0 39.602866849279,24.49747145604586,0 39.6028640747763,24.49746011346955,0 39.602861204607,24.49744581622562,0 39.60285832332059,24.4974313434099,0 39.6028531806238,24.49741987811923,0 39.6028504232804,24.49740839409882,0 39.6028452174758,24.49739413597645,0 39.60284248436268,24.49738273928297,0 39.60283976017524,24.49737138033575,0 39.6028345842212,24.49735702190017,0 39.6028317702581,24.49734257157586,0 39.60282905918515,24.4973310543394,0 39.60282392780263,24.4973167031993,0 39.60282124132681,24.49730527811196,0 39.60281856449182,24.49729389353984,0 39.60281356835757,24.49728253327926,0 39.60280860680604,24.49727145630676,0 39.60280365634756,24.49726035060622,0 39.60279638382897,24.49724890398723,0 39.60279145669083,24.49723762421039,0 39.6027841689574,24.49722356689161,0 39.60277704381784,24.49721507741566,0 39.60276987648725,24.49720386519655,0 39.60276503346383,24.49719276365833,0 39.60276020729462,24.49718170158658,0 39.60275540866109,24.49717083947168,0 39.60275058183987,24.49715754776178,0 39.60274582308747,24.49714700925863,0 39.6027433623316,24.49713662945084,0 39.60273624119848,24.4971184710738,0 39.6027314165995,24.49710044755101,0 39.60272903684874,24.49709281506518,0 39.60272432904557,24.49708012878456,0 39.6027219649636,24.49707256245273,0 39.60271957186814,24.49706250972518,0 39.60271714958572,24.4970499626302,0 39.60271473690201,24.4970374460259,0 39.60271236553888,24.49702746231053,0 39.60271000272486,24.49701756338917,0 39.60270985034731,24.49700532019085,0 39.60270969948009,24.4969931226703,0 39.60270735727476,24.49698346733548,0 39.60270724235667,24.49697384612911,0 39.60270269218603,24.49696423729452,0 39.60270034351157,24.49695227464199,0 39.60269802808278,24.49694273297805,0 39.60269567988349,24.49692883755707,0 39.60269338961993,24.49691977305788,0 39.60269110295479,24.49691071896665,0 39.60268881105166,24.49690120133845,0 39.60268872003573,24.49689168554923,0 39.60268643820763,24.49688222202758,0 39.60268416630526,24.49687291748349,0 39.60268408713411,24.49686369678667,0 39.60268182628943,24.4968545369756,0 39.60267954810391,24.49684278915531,0 39.60267946733804,24.49683327462165,0 39.60267934528737,24.49681905446824,0 39.60267709851207,24.49680964460245,0 39.60267700264669,24.49679787496913,0 39.60267472496555,24.4967835517858,0 39.6026746248836,24.4967714048068,0 39.60267453158234,24.4967596481304,0 39.60267229259782,24.49674790389168,0 39.602670061843,24.49673620451982,0 39.60266784004909,24.4967245506174,0 39.60266562669119,24.49671294979947,0 39.60266556552011,24.49670367457171,0 39.60266547455297,24.4966898149424,0 39.60266329397773,24.49668071429993,0 39.60266320828698,24.4966669595701,0 39.60266102540118,24.49665564738304,0 39.60265885157455,24.49664433580443,0 39.60265669413614,24.49663542738914,0 39.60265663737896,24.49662438368696,0 39.60265659411371,24.49661561255838,0 39.6026544549506,24.49660698816039,0 39.60265441534774,24.49659834981228,0 39.60265435812897,24.49658543584895,0 39.60265429894447,24.49657257383021,0 39.60265424981122,24.49656189473118,0 39.6026541873249,24.49654868790004,0 39.60265414413471,24.49653980519598,0 39.60265409045237,24.49652874049772,0 39.60265404762669,24.4965199195671,0 39.60265400794992,24.49651140194146,0 39.6026539684763,24.49650292179286,0 39.60265392908807,24.4964944651802,0 39.60265387835521,24.49648400482134,0 39.60265177995492,24.49647373072565,0 39.6026496963815,24.49646556097994,0 39.60264761964802,24.49645749485882,0 39.60264554695132,24.49644945751081,0 39.60264347897655,24.49644144464781,0 39.60263937717662,24.49643359357263,0 39.60263528074665,24.49642373966359,0 39.6026352681369,24.49641581351331,0 39.602635251337,24.49640598781621,0 39.60263523802891,24.49639814751311,0 39.60263724741446,24.49638831734583,0 39.60263926005744,24.49638245357193,0 39.60264328631013,24.49637458934045,0 39.60264730939112,24.49636865769081,0 39.60265536838403,24.49636446580643,0 39.60266945992225,24.49635994213706,0 39.60268151158138,24.49635551789739,0 39.60268956493132,24.4963552851599,0 39.60269758085481,24.49635138325873,0 39.60270562715919,24.49635119564655,0 39.60271364542454,24.49634906563881,0 39.60272368965935,24.49634871750647,0 39.60273169239822,24.49634652736037,0 39.6027437025076,24.49634423458496,0 39.60275372347233,24.49634239148043,0 39.60276571741139,24.49633872504943,0 39.60277174345327,24.49633871233272,0 39.60277773502148,24.49633688026511,0 39.60278970978469,24.49633321851666,0 39.60280572784427,24.4963313685063,0 39.60281772568947,24.4963295272551,0 39.60282974683861,24.49632792527051,0 39.60283578438259,24.49632806461263,0 39.6028458490819,24.49632829569657,0 39.60285390336497,24.49632848146457,0 39.60286391680037,24.49632687374884,0 39.60287600196455,24.49632714769201,0 39.60289608623852,24.49632574922851,0 39.60290811075282,24.49632417365382,0 39.60292416473097,24.49632268656744,0 39.60294224570335,24.49632274434609,0 39.6029563019921,24.49632274878513,0 39.60297439349804,24.49632284199962,0 39.60299261937554,24.49632497664864,0 39.60300870702655,24.49632504264425,0 39.60302077339066,24.49632509200313,0 39.60302680760489,24.49632511693756,0 39.60303498342093,24.49632712527251,0 39.60304114931641,24.49632911573837,0 39.60304370369414,24.4963370778703,0 39.60304437707401,24.49634702556031,0 39.60304303095212,24.4963569968316,0 39.60304357028338,24.49636500364507,0 39.60304208383603,24.49637302265526,0 39.60304289375594,24.49638510279911,0 39.60304153672426,24.49639519675791,0 39.60304017491671,24.49640531824182,0 39.60304465917851,24.49641143563654,0 39.6030547177098,24.49640944903512,0 39.60306273179983,24.49640745220773,0 39.60307277925452,24.49640546552029,0 39.60308093143981,24.49640550107615,0 39.60309097163925,24.4964035200295,0 39.60310116531971,24.49640358462762,0 39.60310932103632,24.49640363628585,0 39.6031193508702,24.49640165526052,0 39.60312733630703,24.49639965818461,0 39.60313548320349,24.49639969299659,0 39.60314361810114,24.49639968341586,0 39.60315174754437,24.49639965706093,0 39.60315969891245,24.49639758716597,0 39.60316965900132,24.49639546230208,0 39.60317775841998,24.49639536729026,0 39.60318345341605,24.49639119485364,0 39.60319135365491,24.49638904911535,0 39.60319885879367,24.49638281870134,0 39.60320414796575,24.49637462898941,0 39.60320741921849,24.49636651894863,0 39.60321270059949,24.49635842620076,0 39.60321595200114,24.49635035916092,0 39.60321919447381,24.4963423136727,0 39.60322041803366,24.49633429374164,0 39.60322364624808,24.49632629088874,0 39.60322486022773,24.49631831334731,0 39.60322807413685,24.49631035273782,0 39.6032292792468,24.49630241742123,0 39.60323467674102,24.49629647015279,0 39.60324246560469,24.49629447760394,0 39.60325045508998,24.49629446070709,0 39.60325865280261,24.49629641949648,0 39.6032668387972,24.49629833552909,0 39.60327517167035,24.49630205324866,0 39.60328153802301,24.49630584271707,0 39.60328990481555,24.49630961113794,0 39.60329807414774,24.49631143416195,0 39.60330624710998,24.49631325810403,0 39.60331304948251,24.49632093088033,0 39.60331786473337,24.4963286362395,0 39.60332093747024,24.49633842438168,0 39.6033238345217,24.49634634850584,0 39.60332495292758,24.49635630231101,0 39.60332384975135,24.49636433603648,0 39.60332274341449,24.49637239086817,0 39.60332164590503,24.49638049344329,0 39.60331857994024,24.49638877569714,0 39.60331549998429,24.49639706766791,0 39.60331016172642,24.4964033729507,0 39.60330503949852,24.49641174345219,0 39.60329764856443,24.49641810928066,0 39.60329226467432,24.49642444267822,0 39.60328686657329,24.49643078690957,0 39.60328145554575,24.49643714267579,0 39.60327151378599,24.4964393995494,0 39.60326359692053,24.49644162151745,0 39.60325386113838,24.49644598399722,0 39.60324614527489,24.49645031359783,0 39.6032383780929,24.49645453518066,0 39.60323263284936,24.49645870208791,0 39.60322502709759,24.49646495959878,0 39.60321720874241,24.49646914754805,0 39.60320976918054,24.49647751250729,0 39.60320398337522,24.49648171036232,0 39.60320063431116,24.49649009467043,0 39.60319521188567,24.49649850878297,0 39.60319203172036,24.49650904557586,0 39.60318865177688,24.49651750355513,0 39.60318526246537,24.49652598430718,0 39.60317978820708,24.49653449526161,0 39.60317674971222,24.49654728658423,0 39.60317522586785,24.49655370177249,0 39.60316971373047,24.49656228789994,0 39.60316836282875,24.49657088254946,0 39.60316946839212,24.49658380712869,0 39.6031700366505,24.49659034110745,0 39.6031730956427,24.49660127966648,0 39.60317424922658,24.49661445207182,0 39.60317501970219,24.49662325422985,0 39.60317808617194,24.49663425400967,0 39.60318116344055,24.49664529204711,0 39.60318598198161,24.49665194348202,0 39.60319445980294,24.4966519717106,0 39.60320566284465,24.49665865869126,0 39.60321922078124,24.496667591749,0 39.60322622417113,24.49667429760217,0 39.60323558466557,24.4966832609392,0 39.60324262273576,24.49669000010996,0 39.60324989425774,24.49669900039414,0 39.6032520299554,24.49669900786981,0 39.6032616871986,24.4967102963001,0 39.60326878312481,24.49671709304733,0 39.60327566543947,24.49672163971027,0 39.60328255783738,24.49672619311755,0 39.6032911378573,24.4967262232191,0 39.60330162495317,24.4967239946952,0 39.6033080580992,24.49672402855817,0 39.60331878695217,24.49672407487416,0 39.60332926044027,24.49672184347254,0 39.60333997581873,24.49672186937309,0 39.60334826278872,24.49671953692921,0 39.60335680698873,24.49671948632336,0 39.60336508408606,24.49671715515257,0 39.60337334927533,24.49671481148545,0 39.60338133595061,24.49671019353341,0 39.60338718081621,24.49670560058742,0 39.60339486922248,24.49669873166446,0 39.60340069382455,24.49669415517818,0 39.60340595085215,24.49668507417385,0 39.60341147358506,24.49667826766034,0 39.60341486685043,24.49667149342377,0 39.6034200845498,24.49666247816996,0 39.60342106471727,24.4966535222302,0 39.60342597383474,24.49664233459504,0 39.60342694265606,24.49663343637311,0 39.603430294665,24.49662675869479,0 39.60343335420475,24.49661788856734,0 39.60343669092993,24.49661124426696,0 39.60344182710348,24.49660240204394,0 39.60344723811595,24.49659577474271,0 39.60345205592623,24.49658479330443,0 39.60345714815105,24.49657602669942,0 39.60346043709949,24.49656947205242,0 39.60345926640065,24.49656079681207,0 39.60345988325803,24.49654997110642,0 39.60346049818226,24.49653918337629,0 39.6034614039003,24.49653058032615,0 39.60345995184055,24.49651988369161,0 39.60345850521779,24.49650922447231,0 39.60345706341212,24.49649860225159,0 39.60345562667856,24.49648801660893,0 39.60345419471683,24.49647746731696,0 39.60345248311803,24.49646485627017,0 39.60345143252008,24.4964566582264,0 39.60344961681541,24.49644389159942,0 39.60345017773019,24.49643334282027,0 39.60345103660584,24.4964249388294,0 39.60345187205613,24.49641651405486,0 39.60345474545785,24.49640812584732,0 39.60345792060091,24.49640186946601,0 39.60346282625342,24.49639356125238,0 39.60346834816283,24.4963894804364,0 39.60347591564815,24.49638545732268,0 39.60348410975478,24.496385626939,0 39.60349202082592,24.49638377368214,0 39.60349995221029,24.49638196781897,0 39.60350788180067,24.49638016332435,0 39.60351818791893,24.49638049601596,0 39.60351827129292,24.49635695420626,0 39.60374721902069,24.49636710618398,0 39.60320028937374,24.49778182855435,0 39.60316843009435,24.49779107628298,0 
						</coordinates>
					</LinearRing>
				</outerBoundaryIs>
			</Polygon>
		</Placemark>
		<Placemark id="282E96B26983E7DEE6624">
			<name>40</name>
			<styleUrl>#m_ylw-pushpin</styleUrl>
			<Polygon>
				<tessellate>1</tessellate>
				<outerBoundaryIs>
					<LinearRing>
						<coordinates>
							39.59396652875756,24.50014782502086,0 39.59366212176818,24.49704166654592,0 39.5936687684614,24.49703871847061,0 39.59368204684305,24.49703283037764,0 39.59369530896024,24.49702694883686,0 39.59370853343895,24.49702110168889,0 39.59372146312135,24.49701818758457,0 39.5937344395569,24.49701519317005,0 39.59374742911635,24.49701213085053,0 39.5937607081451,24.49700612408666,0 39.59377660106874,24.49700591942619,0 39.59379221973239,24.49700864232325,0 39.59380439836019,24.49701433805564,0 39.59381685321168,24.49701710567227,0 39.59383567173734,24.49701979731884,0 39.59385397932584,24.49702838767199,0 39.59386349448472,24.49702833309131,0 39.59387277795682,24.4970311809773,0 39.59388523936974,24.4970340125844,0 39.59390382838647,24.49703971845888,0 39.59392220043219,24.49704838461746,0 39.59393763245377,24.49705417710587,0 39.59394694158128,24.49705707235812,0 39.59395943071222,24.49705996278173,0 39.59397151775553,24.49706869472175,0 39.59398423236688,24.4970686638236,0 39.5939968247736,24.49707135140551,0 39.59401241936593,24.49707692071458,0 39.59402801746674,24.49708251613444,0 39.59403740911736,24.49708531935731,0 39.59405637381499,24.4970880300304,0 39.59407515496586,24.49709373396432,0 39.59409057419852,24.49710245028965,0 39.59410317613815,24.4971052784719,0 39.5941187878653,24.49711106194106,0 39.59412820612479,24.49711395014664,0 39.59414383823082,24.49711978852304,0 39.59415931821498,24.49712863326378,0 39.5941719512697,24.49713151456183,0 39.59418762946488,24.49713738073662,0 39.5942001207379,24.4971432812634,0 39.59421262296294,24.49714920163235,0 39.59423135577909,24.49715827216978,0 39.59424386348888,24.49716432563807,0 39.59425332149682,24.49716737281355,0 39.59426906358922,24.49717341679903,0 39.59428165076259,24.49717932442289,0 39.59430068026143,24.49718518127372,0 39.59431329703591,24.49719110200182,0 39.59433247753624,24.4971939487592,0 39.59434512118189,24.49719988173344,0 39.59436109573831,24.49720278005782,0 39.5943770553457,24.49720583426246,0 39.59438661173193,24.49720879306065,0 39.5943994235167,24.497211540731,0 39.59441223935058,24.49721428940702,0 39.59442828608226,24.49721697407575,0 39.59444433713416,24.49721965936937,0 39.59445724122472,24.49721939961453,0 39.59447006655546,24.49722217758176,0 39.59448939705975,24.49722196026193,0 39.59450866936373,24.49722472699879,0 39.59451832276537,24.49722473276994,0 39.5945342780218,24.4972309836887,0 39.59455034937469,24.4972312862139,0 39.59456321016702,24.49723152825942,0 39.59457600650028,24.49723762342012,0 39.59459523739259,24.49724409577202,0 39.59461446482939,24.49725363110216,0 39.59463050374317,24.49726312235606,0 39.59464339437427,24.49726644070326,0 39.59465948862898,24.49727588601082,0 39.59467239771207,24.49728218090219,0 39.59468533362993,24.49728549985039,0 39.59469826888797,24.49729197349099,0 39.59471446526033,24.49730148062731,0 39.59473069453369,24.49730760866737,0 39.59474695393097,24.49732000922321,0 39.59475996829325,24.49732309828217,0 39.59476976320771,24.49733259176405,0 39.59478281896253,24.49733888665569,0 39.59479587451205,24.49734218739532,0 39.59480894156669,24.49734555111564,0 39.594822019939,24.49734891764464,0 39.59483843755206,24.49735857766336,0 39.5948614332158,24.49736838866359,0 39.5948745995407,24.49737473831117,0 39.59489436527397,24.49738405616135,0 39.59491083735751,24.49739027709414,0 39.59493060612773,24.49739650989119,0 39.59494712000958,24.4974027670773,0 39.59496030556902,24.49740590588417,0 39.59498348938661,24.49741530839248,0 39.5949967014438,24.49741845447925,0 39.59500663545779,24.49742159411312,0 39.59501994974196,24.49742793632887,0 39.59503320272381,24.49743120661098,0 39.59504976423274,24.49743454622863,0 39.59506303907648,24.49743783347974,0 39.59507972929273,24.49744436032441,0 39.59509644779551,24.49745093035199,0 39.59510966031463,24.49745111536253,0 39.59512309214806,24.49745757383046,0 39.59513985085402,24.49746408304776,0 39.59514977747319,24.49746422839511,0 39.59516654525787,24.49747063256861,0 39.59518319712897,24.49747384065055,0 39.59519998500564,24.49748017085945,0 39.59521666676937,24.4974834110143,0 39.59522992286525,24.49748355177314,0 39.59525008201866,24.49748998069881,0 39.59526345973511,24.49749310156762,0 39.59527999574801,24.49749303467634,0 39.59529668927988,24.49749613562937,0 39.59531355714305,24.49750240358441,0 39.59532678161759,24.49750229497254,0 39.59534364845939,24.49750846536123,0 39.59535725170652,24.4975147785905,0 39.5953706949468,24.49751794607207,0 39.59538434193616,24.49752433714135,0 39.59540132182038,24.4975307230509,0 39.59541852490236,24.49754033603483,0 39.59543574954974,24.49754993475241,0 39.59544593163226,24.49755312627874,0 39.59545987138372,24.49756275611084,0 39.59547694852832,24.4975691644824,0 39.59549403360651,24.49757554207421,0 39.59550800329547,24.49758508048176,0 39.59551843830547,24.49759143848849,0 39.59553175674118,24.49759131762584,0 39.59554886107515,24.49759758491797,0 39.59556263804532,24.49760385262413,0 39.59557975688958,24.49761007797913,0 39.59559357381131,24.49761639103667,0 39.59560405591233,24.49762270519375,0 39.59561815442403,24.49763227362525,0 39.59562922519081,24.49764524052832,0 39.59563390050387,24.49766159749713,0 39.59563832017989,24.49767470984994,0 39.59563940196518,24.49768790642017,0 39.59564051307095,24.49770121140826,0 39.59564526614643,24.49771784368259,0 39.59565003397079,24.4977345264867,0 39.59565116277081,24.49774794526227,0 39.59565257762138,24.49776476536012,0 39.59565434778698,24.49778521242796,0 39.5956555876423,24.49779905368005,0 39.59565336064243,24.49781274183363,0 39.59565143241469,24.49782993159241,0 39.5956532203373,24.49785065823114,0 39.5956512905879,24.49786798920796,0 39.59565308435977,24.49788886389878,0 39.59565114817089,24.49790631920689,0 39.59564950459653,24.49792734114149,0 39.59564785457601,24.4979484454533,0 39.59564563681755,24.49796267805971,0 39.59564343186055,24.4979770138947,0 39.5956377600231,24.49799139166266,0 39.59562890471373,24.49800938785136,0 39.59562697195582,24.49802745751052,0 39.59561365970293,24.49803464059137,0 39.59560002120116,24.49803817364888,0 39.59558284213286,24.49804152437812,0 39.59556911417111,24.49804480226475,0 39.59555189488677,24.49804806382815,0 39.59553813462598,24.49805127370765,0 39.59552426629845,24.49805409640844,0 39.59550686173509,24.49805671400193,0 39.59549271274087,24.49805582672368,0 39.59547499252623,24.49805454721581,0 39.59546108742212,24.49805719296075,0 39.59544692738231,24.49805616926245,0 39.59542924166531,24.49805489056352,0 39.59541510451567,24.49805386846242,0 39.59539739465183,24.4980523599401,0 39.59538324226816,24.49805116214021,0 39.59536910203983,24.49804996528007,0 39.59535163815196,24.49805201045731,0 39.59533751863223,24.49805081403565,0 39.59532361500167,24.49805319881483,0 39.59530620755434,24.49805541723678,0 39.59528880459538,24.4980576350018,0 39.59527140680434,24.49805985213343,0 39.5952575318368,24.49806237184908,0 39.59524365774584,24.49806489127171,0 39.59522645728077,24.49807084167341,0 39.59521258185082,24.49807336134665,0 39.59519521767295,24.49807574994655,0 39.59517791991384,24.49807855612599,0 39.59516761734965,24.498081815321,0 39.5951505030352,24.49808859661551,0 39.59514051409512,24.49809688550015,0 39.59513080757859,24.49811274034682,0 39.59512470870856,24.49812992973263,0 39.59511850947999,24.49814653164496,0 39.59511567623735,24.49816234108033,0 39.59510564197537,24.49817407850641,0 39.59509185364523,24.49818130355124,0 39.59507446952197,24.49818786080471,0 39.59506026785782,24.49818874713589,0 39.59506077395915,24.49820668299104,0 39.59506856306851,24.49822969766089,0 39.59507613899669,24.49825044452772,0 39.59508362903767,24.49826760760589,0 39.59509098037775,24.49828599223583,0 39.5950946094427,24.49829214217294,0 39.59510890361665,24.49829882538927,0 39.59512325121815,24.49830848714252,0 39.59513755086288,24.49831234427981,0 39.59514844013976,24.49832244133847,0 39.59516645640055,24.49833277730017,0 39.59517721147116,24.4983363779865,0 39.59519502563782,24.49833709413,0 39.59521283954431,24.49833776212233,0 39.59522715433361,24.4983413170651,0 39.59524147678957,24.49834487352106,0 39.59525586541076,24.49834880666677,0 39.59527026635202,24.49835274385789,0 39.59528129886385,24.49836301060117,0 39.59529245227716,24.49837657098937,0 39.59530353348331,24.49838694211177,0 39.59532154118238,24.49839086885527,0 39.59533263646184,24.49839851793802,0 39.59535137264622,24.49841153425742,0 39.59566395031865,24.49841366855462,0 39.5961524435959,24.4985357102497,0 39.59623842920471,24.49880518418567,0 39.59577234535795,24.50086977854723,0 39.59396652875756,24.50014782502086,0 
						</coordinates>
					</LinearRing>
				</outerBoundaryIs>
			</Polygon>
		</Placemark>
		<Placemark id="292374091A23E7DEE6624">
			<name>41</name>
			<styleUrl>#m_ylw-pushpin</styleUrl>
			<Polygon>
				<tessellate>1</tessellate>
				<outerBoundaryIs>
					<LinearRing>
						<coordinates>
							39.59584069366081,24.49769861356156,0 39.59584884408468,24.49770821398612,0 39.59586134144072,24.49770881039392,0 39.59587117423465,24.49770697314459,0 39.59639724403074,24.49789153570458,0 39.59632092106541,24.49811332849962,0 39.59579351226222,24.49805903290118,0 39.59577578254377,24.49806184853157,0 39.59584069366081,24.49769861356156,0 
						</coordinates>
					</LinearRing>
				</outerBoundaryIs>
			</Polygon>
		</Placemark>
		<Placemark id="2AFC7BF04743E7DEE6624">
			<name>42</name>
			<styleUrl>#m_ylw-pushpin</styleUrl>
			<Polygon>
				<tessellate>1</tessellate>
				<outerBoundaryIs>
					<LinearRing>
						<coordinates>
							39.5976668679212,24.50012530661909,0 39.59766976661526,24.50012537760922,0 39.59768426243715,24.50012573251811,0 39.5976958382998,24.50012597739293,0 39.59771293493426,24.5001259209375,0 39.59772433243007,24.50012588321913,0 39.59773818263909,24.50012305198905,0 39.5977524245294,24.50012300499946,0 39.59776951398948,24.5001229486652,0 39.5977867474311,24.50012310460811,0 39.59779820494632,24.50012316018903,0 39.59781530864021,24.50012312273342,0 39.59782385223599,24.50012309210396,0 39.59783849210159,24.50012578885776,0 39.59785027858396,24.50012848129375,0 39.59786491503033,24.50013115635709,0 39.59787671457803,24.50013385166256,0 39.59789421020008,24.50013651057822,0 39.59791171447272,24.50013917069517,0 39.59792638128274,24.50014185119222,0 39.59793536220013,24.50014457119148,0 39.59795051506345,24.50015006762414,0 39.59796241555435,24.50015284743534,0 39.59797672863159,24.50015284124827,0 39.59799436765191,24.50015562023871,0 39.59801488166123,24.50015839955737,0 39.59802683597742,24.50016121412153,0 39.59803895718236,24.5001642328178,0 39.59805691658912,24.50016736740891,0 39.59806960177477,24.50017325582091,0 39.59807938644026,24.50017909589893,0 39.59809210679158,24.50018500165354,0 39.59810484613304,24.50019091625419,0 39.59811467774171,24.50019678188797,0 39.5981289291751,24.50021112477094,0 39.59813924091074,24.50021976014217,0 39.59815009954522,24.50023126268149,0 39.59816045401661,24.50023993486786,0 39.59816834861595,24.50025134562183,0 39.5981757375728,24.50025992754619,0 39.59818711363195,24.50027426565112,0 39.59819218032056,24.50028578136983,0 39.59819967988253,24.50029450218436,0 39.59820886097999,24.50031195808127,0 39.59821400304097,24.50032360194964,0 39.59822263864459,24.50033819361239,0 39.59822781280308,24.50034990300203,0 39.5982300724932,24.50036164711047,0 39.59823235630711,24.50037344358291,0 39.59823250449392,24.50039075859411,0 39.5982359444031,24.50041081858422,0 39.59823649348733,24.50043101592806,0 39.59823995424913,24.50045122975502,0 39.59823952111255,24.50046577767862,0 39.59824150673028,24.50047739515373,0 39.59824008022824,24.50048618752965,0 39.5982401433665,24.50050375389341,0 39.59824313554977,24.50052131553369,0 39.59824320434892,24.50053899936987,0 39.5982427258309,24.50055372860713,0 39.59824225903176,24.50056851704407,0 39.59824179200348,24.50058334685227,0 39.59823801438419,24.5005955080562,0 39.59823971245155,24.5006046961316,0 39.59823654661276,24.50062005859597,0 39.59823580991108,24.50063238035478,0 39.59822774013869,24.50065402916101,0 39.59822265339024,24.50067576823641,0 39.59822246073175,24.50069134884119,0 39.59821867793183,24.50070386078312,0 39.59821799684262,24.50071651950627,0 39.59821386940335,24.5007262961536,0 39.59821044826112,24.50073946002751,0 39.59820703859337,24.50075270009931,0 39.5982019050458,24.50077263493278,0 39.59819605066273,24.50078927194687,0 39.59819101539686,24.50080959146303,0 39.59818611720839,24.50083025429317,0 39.59817800833457,24.5008508549295,0 39.59817068086379,24.5008609191299,0 39.59816604390365,24.50088473190818,0 39.59815858724658,24.50089472527479,0 39.5981555314274,24.50091160306076,0 39.59815179726255,24.5009250864601,0 39.59814841215411,24.50094156819127,0 39.59814441314512,24.50095473487863,0 39.59814040402673,24.50096793568506,0 39.59813637002863,24.50098114926842,0 39.59813601891487,24.5009977319474,0 39.59812929951086,24.50101419874296,0 39.59812240380965,24.50103045079866,0 39.59811647920762,24.50105326813368,0 39.59811406956054,24.50107926647222,0 39.59811064029163,24.50109877910618,0 39.59810400406327,24.50111830285464,0 39.59810103293666,24.50114123115716,0 39.59809724024984,24.50116037055417,0 39.5980902822425,24.50117960830489,0 39.59808663372941,24.50119918492259,0 39.59808068204097,24.50122537765436,0 39.59807458335467,24.50124900487608,0 39.59807119953371,24.5012694064972,0 39.59806780347581,24.50128988248891,0 39.59806391275785,24.50130704546597,0 39.59806291346502,24.50132117360056,0 39.59806269289682,24.50133935624402,0 39.59806188883502,24.50135398240171,0 39.59806089809615,24.50136828488895,0 39.59806312304799,24.50138258900221,0 39.59806144924728,24.50139313001618,0 39.59804693225079,24.50140643495743,0 39.59803293366234,24.50142337246521,0 39.59802464215999,24.50143381673439,0 39.5980169669801,24.50144808194646,0 39.59800982500703,24.50146604392662,0 39.59800020415487,24.50148829446819,0 39.59799323534865,24.501506889355,0 39.59798352795302,24.50152929065672,0 39.59797330767863,24.50155074128633,0 39.59796034996213,24.50157613331343,0 39.59795325045075,24.50159755097213,0 39.59794243355113,24.50161815895899,0 39.59793539040957,24.50164252384101,0 39.59792836227821,24.50166453104107,0 39.59792123047516,24.50168647551499,0 39.59791688715084,24.50170469849109,0 39.59791208764506,24.50171936178176,0 39.59790734175409,24.50173420633062,0 39.59790544344244,24.50174537418543,0 39.59789739590488,24.50175792594516,0 39.59788240219127,24.50176737603129,0 39.59786684717328,24.50177295649957,0 39.59785386562368,24.50177404821271,0 39.59784132444924,24.50177884271038,0 39.59782498273037,24.50177997760307,0 39.59781186277874,24.50178077042262,0 39.59779485915509,24.50177763715532,0 39.59777785349711,24.50177450148917,0 39.59776115958048,24.50177473361521,0 39.59774385850307,24.50177071698274,0 39.59771935039259,24.50176268838688,0 39.59769925766953,24.50176270240305,0 39.59768200362359,24.50175869666203,0 39.5976652597079,24.5017587093718,0 39.59765186483347,24.50175871947846,0 39.59763515356292,24.50175883456553,0 39.59762180315226,24.50175898948461,0 39.59760845105544,24.50175914422086,0 39.59759509852004,24.50175929917948,0 39.59758842174372,24.50175937660735,0 39.5975717473288,24.50175962709717,0 39.59755550166618,24.50176383212858,0 39.59754216652178,24.50176407766725,0 39.59741135534492,24.50169342069217,0 39.5976668679212,24.50012530661909,0 
						</coordinates>
					</LinearRing>
				</outerBoundaryIs>
			</Polygon>
		</Placemark>
		<Placemark id="2B83C9628E93E7DEE6624">
			<name>43</name>
			<styleUrl>#m_ylw-pushpin</styleUrl>
			<Polygon>
				<tessellate>1</tessellate>
				<outerBoundaryIs>
					<LinearRing>
						<coordinates>
							39.59737408073494,24.50186973659319,0 39.59738927017509,24.50186985620508,0 39.59740141679838,24.50186983644085,0 39.59741963610678,24.5018698065806,0 39.59742874584808,24.50186979164107,0 39.5977826584806,24.50190525090667,0 39.59794482563051,24.50202521250845,0 39.59776403422362,24.50288909326939,0 39.59735652393637,24.50278322980781,0 39.59737408073494,24.50186973659319,0 
						</coordinates>
					</LinearRing>
				</outerBoundaryIs>
			</Polygon>
		</Placemark>
		<Placemark id="2CE19B1BB123E7DEE6624">
			<name>44</name>
			<styleUrl>#m_ylw-pushpin</styleUrl>
			<Polygon>
				<tessellate>1</tessellate>
				<outerBoundaryIs>
					<LinearRing>
						<coordinates>
							39.59916744505912,24.50195396361927,0 39.59913204112067,24.50209868404551,0 39.59878024667079,24.50252436098901,0 39.59880621835981,24.50256483637384,0 39.59877913407022,24.50255316016258,0 39.59875943004859,24.50259650506219,0 39.59871083574479,24.5026515942302,0 39.59861141407105,24.50269801892511,0 39.59846275490682,24.50277221458957,0 39.59778605547694,24.50293715781767,0 39.59828002403596,24.50125748646836,0 39.59929437837055,24.50147424743329,0 39.59916744505912,24.50195396361927,0 
						</coordinates>
					</LinearRing>
				</outerBoundaryIs>
			</Polygon>
		</Placemark>
		<Placemark id="2D5D23A09193E7DEE6624">
			<name>45</name>
			<styleUrl>#m_ylw-pushpin</styleUrl>
			<Polygon>
				<tessellate>1</tessellate>
				<outerBoundaryIs>
					<LinearRing>
						<coordinates>
							39.60279973069522,24.50789856116003,0 39.60159156600434,24.50732878172754,0 39.60222315061232,24.50607344486636,0 39.60389833209697,24.50632741927592,0 39.6037630325232,24.50674019703531,0 39.60354336445491,24.50690633833453,0 39.60341718706067,24.50703571884236,0 39.60279973069522,24.50789856116003,0 
						</coordinates>
					</LinearRing>
				</outerBoundaryIs>
			</Polygon>
		</Placemark>
		<Placemark id="2E1E9C13E243E7DEE6624">
			<name>46</name>
			<styleUrl>#m_ylw-pushpin</styleUrl>
			<Polygon>
				<tessellate>1</tessellate>
				<outerBoundaryIs>
					<LinearRing>
						<coordinates>
							39.60359945761194,24.5068912777528,0 39.60436303025756,24.50736840277855,0 39.60411603878404,24.50775062074695,0 39.6033106475705,24.50724890050482,0 39.60330576478007,24.50724899351568,0 39.60359945761194,24.5068912777528,0 
						</coordinates>
					</LinearRing>
				</outerBoundaryIs>
			</Polygon>
		</Placemark>
		<Placemark id="2FD64B775513E7DEE6624">
			<name>47</name>
			<styleUrl>#m_ylw-pushpin</styleUrl>
			<Polygon>
				<tessellate>1</tessellate>
				<outerBoundaryIs>
					<LinearRing>
						<coordinates>
							39.6027849865681,24.50871252537581,0 39.60208861673648,24.50967158268323,0 39.6015526528044,24.50950624895302,0 39.6006173017464,24.50916448905024,0 39.60149321684535,24.50742180036403,0 39.6026561576319,24.5079774225482,0 39.6027849865681,24.50871252537581,0 
						</coordinates>
					</LinearRing>
				</outerBoundaryIs>
			</Polygon>
		</Placemark>
		<Placemark id="30C8910EA123E7DEE6624">
			<name>48</name>
			<styleUrl>#m_ylw-pushpin</styleUrl>
			<Polygon>
				<tessellate>1</tessellate>
				<outerBoundaryIs>
					<LinearRing>
						<coordinates>
							39.60332622868662,24.51000502442379,0 39.60279110394556,24.51108826371755,0 39.60230347883913,24.51171581574488,0 39.60178111867361,24.51152856669987,0 39.60101013631501,24.51117711144537,0 39.60255290758974,24.50911020152652,0 39.60342312455631,24.509724385292,0 39.60332622868662,24.51000502442379,0 
						</coordinates>
					</LinearRing>
				</outerBoundaryIs>
			</Polygon>
		</Placemark>
		<Placemark id="3143433070D3E7DEE6624">
			<name>49</name>
			<styleUrl>#m_ylw-pushpin</styleUrl>
			<Polygon>
				<tessellate>1</tessellate>
				<outerBoundaryIs>
					<LinearRing>
						<coordinates>
							39.59903565234139,24.51140525297943,0 39.60006527842342,24.50939742287912,0 39.60174078436091,24.51010398596156,0 39.60038482635116,24.5117437427162,0 39.59903565234139,24.51140525297943,0 
						</coordinates>
					</LinearRing>
				</outerBoundaryIs>
			</Polygon>
		</Placemark>
		<Placemark id="32225B1F41D3E7DEE6624">
			<name>50</name>
			<styleUrl>#m_ylw-pushpin</styleUrl>
			<Polygon>
				<tessellate>1</tessellate>
				<outerBoundaryIs>
					<LinearRing>
						<coordinates>
							39.6000637227654,24.51283802287458,0 39.60092098299076,24.51110786137293,0 39.60002408248838,24.51282616464429,0 39.60006545646067,24.51284628021292,0 39.60091009142084,24.5111377706463,0 39.60316623818689,24.51228214927457,0 39.60276528479808,24.51329348281626,0 39.6000637227654,24.51283802287458,0 
						</coordinates>
					</LinearRing>
				</outerBoundaryIs>
			</Polygon>
		</Placemark>
		<Placemark id="331C590FA3B3E7DEE6624">
			<name>51</name>
			<styleUrl>#m_ylw-pushpin</styleUrl>
			<Polygon>
				<tessellate>1</tessellate>
				<outerBoundaryIs>
					<LinearRing>
						<coordinates>
							39.59957637767901,24.51272070209102,0 39.59982742582107,24.51194688796413,0 39.600295843883,24.512118637988,0 39.60005014317119,24.51279392628415,0 39.59957637767901,24.51272070209102,0 
						</coordinates>
					</LinearRing>
				</outerBoundaryIs>
			</Polygon>
		</Placemark>
		<Placemark id="343B55064483E7DEE6624">
			<name>52</name>
			<styleUrl>#m_ylw-pushpin</styleUrl>
			<Polygon>
				<tessellate>1</tessellate>
				<outerBoundaryIs>
					<LinearRing>
						<coordinates>
							39.59821346585854,24.51409930042754,0 39.59856006246827,24.51263062204199,0 39.59949900183076,24.51276799536949,0 39.59883713583378,24.51425888546983,0 39.59821346585854,24.51409930042754,0 
						</coordinates>
					</LinearRing>
				</outerBoundaryIs>
			</Polygon>
		</Placemark>
		<Placemark id="35CBEB4314C3E7DEE6624">
			<name>53</name>
			<styleUrl>#m_ylw-pushpin</styleUrl>
			<Polygon>
				<tessellate>1</tessellate>
				<outerBoundaryIs>
					<LinearRing>
						<coordinates>
							39.60119708481489,24.5158945774127,0 39.60137187232867,24.51543274926928,0 39.60194174384113,24.51559749411548,0 39.60174538428144,24.51607194602578,0 39.60119708481489,24.5158945774127,0 
						</coordinates>
					</LinearRing>
				</outerBoundaryIs>
			</Polygon>
		</Placemark>
		<Placemark id="365EA5A3D383E7DEE6624">
			<name>54</name>
			<styleUrl>#m_ylw-pushpin</styleUrl>
			<Polygon>
				<tessellate>1</tessellate>
				<outerBoundaryIs>
					<LinearRing>
						<coordinates>
							39.59928607175741,24.50953374014454,0 39.59929231020269,24.50951661460874,0 39.59929527412548,24.50949533544381,0 39.5992982989885,24.50947833757131,0 39.59930126225405,24.50946164727718,0 39.59930101275461,24.50944082980153,0 39.59930709664666,24.50941996901241,0 39.59930693667039,24.50940757346935,0 39.59931298085122,24.50938688269019,0 39.59931270073693,24.50936641137115,0 39.59931869994386,24.5093459380488,0 39.59932159952194,24.5093297182266,0 39.59932767854873,24.50931760500366,0 39.59933367370372,24.50930150556274,0 39.5993365944757,24.50928946987331,0 39.59934255009492,24.50927353432441,0 39.59935160282121,24.50925801651653,0 39.59935436311084,24.50923907153545,0 39.59936027734803,24.50922407291439,0 39.59936315309225,24.50921282798615,0 39.59936903355524,24.50919792204357,0 39.5993748148097,24.50917933292968,0 39.59938380810265,24.50916832794682,0 39.59939278628735,24.5091573981445,0 39.59940499274263,24.50915402018551,0 39.59941725759668,24.5091542800217,0 39.59942944863806,24.50915087042216,0 39.59944174101088,24.50915098435893,0 39.5994539055019,24.50914733106098,0 39.5994661816405,24.50914743949449,0 39.59948152292107,24.50914758178353,0 39.59949685873107,24.50914770458848,0 39.59950635053567,24.5091552830367,0 39.59951892730851,24.50916288456235,0 39.59953137808392,24.50916674800974,0 39.59954368011849,24.50916667425618,0 39.59955613306353,24.50917033594042,0 39.59956859626572,24.50917400080262,0 39.59958124524461,24.5091814447548,0 39.59959373639112,24.50918511940639,0 39.59960623848394,24.50918879733999,0 39.59962222120357,24.50920003458412,0 39.59963475852017,24.509203725797,0 39.59964710062829,24.50920362040618,0 39.59966007753286,24.50921492390191,0 39.59967243578586,24.50921481843767,0 39.59968546474155,24.5092261525104,0 39.59969853150195,24.5092375494202,0 39.59971139808585,24.50924514142729,0 39.59972448378513,24.50925621788604,0 39.59973757485996,24.50926711903212,0 39.59974763006399,24.50927837993509,0 39.59976036053788,24.50928229627714,0 39.59977028494937,24.50929033896607,0 39.59978646532611,24.5092983185874,0 39.5997995824461,24.50930652677636,0 39.59981305783521,24.50931894524114,0 39.59982029640503,24.50933136527957,0 39.59983351721148,24.5093397185777,0 39.5998467665318,24.50934808971072,0 39.59986046093383,24.50936110114615,0 39.59986549414898,24.50938277672473,0 39.59987351928365,24.50940340519501,0 39.59987554465047,24.509428107653,0 39.59987723511496,24.50944876336318,0 39.59987539286799,24.50946529752949,0 39.59986362253168,24.50947762767034,0 39.59984827095941,24.50948583043371,0 39.59983579249165,24.50948997136675,0 39.59982329978791,24.5094940685285,0 39.59981139021848,24.50950651029142,0 39.59980618333428,24.5095232798046,0 39.59980421235134,24.50954031316124,0 39.59980514652332,24.50955313540286,0 39.59980316644182,24.50957029213457,0 39.59979825040354,24.50959183803438,0 39.59978945904729,24.50960478917914,0 39.59978062616282,24.50961778337568,0 39.59977176159666,24.50963063528357,0 39.59976308477188,24.5096477529521,0 39.59975744571328,24.50966073092916,0 39.59975208252305,24.50967847547005,0 39.59974673437878,24.50969665331825,0 39.59974135493049,24.50971480376111,0 39.59973920626031,24.50973268480164,0 39.59973704798276,24.50975064249089,0 39.59973157319347,24.50976866341708,0 39.59972275627882,24.50978672764899,0 39.59972054753686,24.50980489505841,0 39.59971831575902,24.50982297389929,0 39.59971272547241,24.50984105519906,0 39.59970711179135,24.50985921201727,0 39.59969785885821,24.50987283101841,0 39.59968857518996,24.50988646529758,0 39.59968624141209,24.50990481208954,0 39.59968390060254,24.50992325859796,0 39.59967479524515,24.50994173089735,0 39.59966540417567,24.5099556126633,0 39.59965260177889,24.50996959889607,0 39.59963952851466,24.50997893118904,0 39.5996264276009,24.50998828354853,0 39.59961329896542,24.50999765543013,0 39.59960036296791,24.51001184215936,0 39.59958718078531,24.51002140275857,0 39.59957355143667,24.5100212591612,0 39.59956012429386,24.5100259748772,0 39.59954668294125,24.51003069574968,0 39.59952966010916,24.51003088576788,0 39.59951605056095,24.5100312834121,0 39.59949924869719,24.51003691594725,0 39.59948579339892,24.51004241719349,0 39.59947215934417,24.5100429143403,0 39.59945514779372,24.51004398813201,0 39.59943812879268,24.51004506247116,0 39.59941441248138,24.51005153454309,0 39.59939417782907,24.51006278362015,0 39.5993770831611,24.5100632855636,0 39.59935997613049,24.51006346862212,0 39.59934286780178,24.51006365124214,0 39.59932918219625,24.510063902995,0 39.59931201193717,24.51005934523166,0 39.59929827722575,24.51005472575812,0 39.59927776522098,24.51005512503628,0 39.5992503832104,24.51005077553542,0 39.59924013109304,24.51005098273734,0 39.5992161942615,24.51005168130123,0 39.59919568241518,24.51005196328664,0 39.59917858808511,24.51005193319961,0 39.59916491372043,24.51005180229096,0 39.59915464289784,24.51005173625122,0 39.59914095732115,24.51005234271033,0 39.59912726893196,24.51005294981801,0 39.59910668432784,24.51005879325592,0 39.59908613943707,24.51005924005652,0 39.59907244089761,24.51005953857026,0 39.59904846450358,24.51006006120959,0 39.59903476152925,24.51006035919058,0 39.59901763084423,24.51006073171861,0 39.5989970710525,24.51006117988129,0 39.59897993447017,24.51006155320647,0 39.5989662215561,24.51006188936281,0 39.59894564462741,24.51006249590597,0 39.59893193430315,24.51006264212548,0 39.59891137352567,24.51006282539142,0 39.59889440447828,24.51005831067223,0 39.5988806965938,24.51005859513896,0 39.59886033014467,24.51005392452885,0 39.59884323294177,24.51005399154984,0 39.59882974191991,24.51004930020654,0 39.59881284157297,24.51004468259419,0 39.59879619459052,24.51003511764946,0 39.59878275692258,24.51003044646529,0 39.5987659161563,24.51002584846144,0 39.59875250819979,24.51002118658441,0 39.59873938395366,24.51001160506656,0 39.59872969533004,24.51000197589002,0 39.59871665239977,24.50999229390843,0 39.59870397883443,24.50997711595086,0 39.59869124511982,24.50996298436267,0 39.59867824410624,24.50995381299324,0 39.59866199401588,24.50994382360905,0 39.59864581667504,24.50993360014959,0 39.59863270584729,24.50992835717379,0 39.59861995131133,24.50991826707623,0 39.59860688355645,24.50991304402238,0 39.59859119340481,24.50989806900131,0 39.59858572127636,24.50988238826428,0 39.59858360290229,24.50986688332023,0 39.59857610585326,24.5098357470429,0 39.59857401921118,24.50982042711391,0 39.59856889520655,24.50980071811095,0 39.59856757476641,24.50977628837258,0 39.59856241400941,24.50975766014172,0 39.59855521349268,24.50972440988025,0 39.59856033437259,24.5097012573743,0 39.59857731726727,24.50969275148981,0 39.59859461886373,24.50967964180145,0 39.59860827162623,24.50967110297132,0 39.59862514865027,24.50966265680494,0 39.59863844552961,24.50965858282797,0 39.59865231505837,24.50964566169019,0 39.59866289972881,24.50963289237146,0 39.59867049977166,24.50961555361479,0 39.59868102867163,24.50960265608839,0 39.59869475384244,24.50958983769056,0 39.59870840346215,24.50957705970133,0 39.59872179506482,24.5095686365661,0 39.59873491756862,24.50956451166701,0 39.59874826389627,24.50955611369393,0 39.59875862683145,24.50954339946325,0 39.59877169563741,24.50953928728521,0 39.59878475224929,24.50953517872048,0 39.59879779728725,24.50953107446584,0 39.59880742636485,24.50953129071336,0 39.59882344996084,24.50953179328171,0 39.59883964957893,24.50952763629691,0 39.59885249400805,24.50952762565515,0 39.59886532978509,24.50952768726701,0 39.59888139191924,24.50952783480353,0 39.59890064001265,24.50952800842131,0 39.5989166512369,24.50952809887459,0 39.59893593512902,24.50952826772777,0 39.59894877869467,24.50952834023113,0 39.5989648360915,24.50952841114048,0 39.59897756705838,24.50953259377528,0 39.59899020215089,24.50954103194015,0 39.59900619646337,24.50954519584737,0 39.59901898275811,24.50954929673355,0 39.59903160218931,24.50956191484734,0 39.59904110131428,24.5095704003634,0 39.59905395327822,24.50957449537002,0 39.59906673998289,24.50958286199161,0 39.59908285015183,24.50958688765565,0 39.59910221294749,24.5095908622143,0 39.59911835420994,24.5095948953626,0 39.59913454516818,24.50959462144634,0 39.59914746862898,24.50959871283016,0 39.59916364504572,24.50960275275152,0 39.59917661775075,24.50960699759765,0 39.59918958805604,24.50960684528494,0 39.5992057946323,24.50960680529331,0 39.599222001292,24.50960675080818,0 39.5992349236102,24.50960242314223,0 39.59924786662319,24.50959815131995,0 39.59926079758913,24.50959388459294,0 39.59927695190815,24.5095939201012,0 39.59928328183951,24.50957679293204,0 39.59928633526984,24.50955950662902,0 39.59928611597412,24.50953802322463,0 39.59928919435661,24.50952516859229,0 39.59929857271846,24.50950380793176,0 39.59930476176877,24.50948680655069,0 39.59931094815889,24.50946980976603,0 39.59932024830496,24.50945302429019,0 39.59932960366002,24.50944050189557,0 39.59933271368983,24.50943633792718,0 39.59928607175741,24.50953374014454,0 
						</coordinates>
					</LinearRing>
				</outerBoundaryIs>
			</Polygon>
		</Placemark>
		<Placemark id="370A7210D223E7DEE6624">
			<name>55</name>
			<styleUrl>#m_ylw-pushpin</styleUrl>
			<Polygon>
				<tessellate>1</tessellate>
				<outerBoundaryIs>
					<LinearRing>
						<coordinates>
							39.59897576062596,24.50833374681191,0 39.59897775186413,24.50833373787216,0 39.59898571755375,24.50833370251779,0 39.59899378591762,24.50833578171779,0 39.59900385285147,24.50833785363566,0 39.59900994025701,24.50833994473872,0 39.59901802612494,24.50834202860336,0 39.59902802172429,24.50834214563251,0 39.59903401968054,24.50834221719705,0 39.59904212974392,24.50834437239662,0 39.59905210844017,24.50834434840725,0 39.59906221922093,24.50834646878258,0 39.59907034269686,24.50834860668076,0 39.59908074510845,24.50835501451316,0 39.59908716475545,24.50836143208767,0 39.5990977529343,24.50837001399582,0 39.59910837337055,24.50837862225714,0 39.59911701355835,24.50838725363758,0 39.59912550562342,24.50839364354124,0 39.59913384868278,24.50839783557538,0 39.59914220337227,24.50840203332211,0 39.59915046506048,24.50840434926362,0 39.59915880963109,24.50840701831838,0 39.59916904119235,24.50840764080206,0 39.59917927943055,24.5084082637362,0 39.59918737950906,24.50840833844694,0 39.59919352347352,24.50840868991414,0 39.59920159127622,24.50840722330708,0 39.59920986227903,24.50840802231866,0 39.59921771885527,24.50840427987857,0 39.59922296999224,24.50839541139479,0 39.59922617695356,24.50838651568063,0 39.59923141197243,24.50837775988614,0 39.59923257719645,24.50836888631561,0 39.59923554513932,24.50835788910538,0 39.5992369163844,24.50835129766516,0 39.59924210130503,24.50834265218909,0 39.59924727016963,24.50833403344231,0 39.59925242315487,24.50832544125723,0 39.59925800877458,24.50832126010271,0 39.59926336708796,24.50831491429528,0 39.59926853588224,24.50830658498157,0 39.59927547435374,24.50829621492365,0 39.59928081939966,24.50829002967122,0 39.59928813565027,24.50828388649488,0 39.59929344940734,24.50827770512122,0 39.59929831417511,24.50826736400209,0 39.59930360178456,24.50826121106446,0 39.59930667448538,24.5082529587347,0 39.59930973802933,24.50824473339124,0 39.59931279476136,24.50823652981963,0 39.59931581546499,24.50822827264375,0 39.59931683116511,24.50821991413973,0 39.59931784335252,24.50821158188634,0 39.59931885247459,24.50820327555018,0 39.59932180737901,24.50819500043156,0 39.5993228073989,24.50818674570798,0 39.59932574673606,24.50817852183161,0 39.59932433761268,24.50816625794348,0 39.5993234137851,24.50815814848956,0 39.59932226293007,24.5081480461648,0 39.5993211163224,24.50813798200427,0 39.5993202022527,24.50812995799419,0 39.59931952110037,24.50812395565143,0 39.59932076088562,24.5081179755623,0 39.59932798790055,24.50811402449501,0 39.59933782537642,24.50811605859218,0 39.5993495934233,24.50811810292808,0 39.59936328827905,24.50812014975488,0 39.59936930150556,24.50812216463488,0 39.59937724292747,24.50812418452953,0 39.59938544636555,24.50812821574268,0 39.59939314427846,24.50812822906532,0 39.59940574653348,24.50813630363217,0 39.59941152980602,24.50813631408756,0 39.59942390958442,24.50814239188971,0 39.59943163029632,24.50814240263129,0 39.59943769582755,24.50814443213529,0 39.59944762828111,24.50814646733801,0 39.5994581401543,24.50815256370566,0 39.59946616039897,24.50815459863649,0 39.59947641036614,24.50815866088385,0 39.5994869756671,24.50816477394277,0 39.59949695718218,24.5081668022973,0 39.59950725145112,24.50817087503513,0 39.59951337352724,24.50817291116094,0 39.59952143891154,24.50817494330357,0 39.59952982833569,24.50817903425427,0 39.59953790060725,24.50818105245231,0 39.59955017797972,24.50818510156529,0 39.5995605338483,24.50818916963097,0 39.59957056983427,24.50819117370861,0 39.59957478858986,24.50819321802202,0 39.59958289522214,24.50819523805185,0 39.59959100763478,24.50819725939713,0 39.599601418082,24.50820134602201,0 39.59961113992591,24.50820128126203,0 39.59962351888395,24.50820536020502,0 39.59962970950605,24.50820738980662,0 39.5996382155728,24.50821149409559,0 39.59964636371748,24.50821350822051,0 39.59965916123421,24.50821968065947,0 39.59967042066323,24.50822799375052,0 39.59968366801865,24.50823631233092,0 39.599689916746,24.50823836525464,0 39.59970126344832,24.50824673642131,0 39.5997102862795,24.5082530274897,0 39.59972129609796,24.50825931625944,0 39.5997299401084,24.50826348104603,0 39.59973900546961,24.5082697689345,0 39.59974808728357,24.50827606891681,0 39.59975718787653,24.50828237843233,0 39.59976630749519,24.50828870005098,0 39.59977586810091,24.50829718106219,0 39.59978460925458,24.50830138672552,0 39.59979181496286,24.50830777460884,0 39.59979903408448,24.50831417340031,0 39.59980824938409,24.50832055821986,0 39.59981791869262,24.50832911663377,0 39.59982475398775,24.50833338879677,0 39.59983203932592,24.50833983500159,0 39.59983934165864,24.50834629623552,0 39.59984666079372,24.50835277232036,0 39.59985399706749,24.50835926384041,0 39.59986335127979,24.50836575293657,0 39.59986872119165,24.50837229198743,0 39.59987858556926,24.50838102671728,0 39.59989006343648,24.50838763485912,0 39.59989800207919,24.5083964795142,0 39.59990751257374,24.50840312724686,0 39.59991907169717,24.5084097888759,0 39.59992611747867,24.50841423959679,0 39.59993471389426,24.50841646143941,0 39.59994785647228,24.50842089564223,0 39.59995594046705,24.50842083138431,0 39.59997060120108,24.50842297523449,0 39.59998384347378,24.50842750990626,0 39.59999808005477,24.50842751558097,0 39.60000621530259,24.50842751880321,0 39.60001896391056,24.50842979838372,0 39.60003117785993,24.50842981099347,0 39.60003987032709,24.50843209022966,0 39.60004857030607,24.5084343710765,0 39.60005932072417,24.50843666390721,0 39.60006803198816,24.50843894143663,0 39.60007673473216,24.50844119757641,0 39.60008952852143,24.50844346257017,0 39.60010489178512,24.50844792781169,0 39.60011007628646,24.5084524135876,0 39.60012343839151,24.50845689296693,0 39.6001362421224,24.50845909721379,0 39.60014701135183,24.50846131202388,0 39.60015574695834,24.50846353599245,0 39.60016654537517,24.50846577567085,0 39.60017852261219,24.50847254639065,0 39.60018935091274,24.50847479592292,0 39.60019873066302,24.50847932017978,0 39.60020752880254,24.50848157840374,0 39.60021961356951,24.50848842465278,0 39.6002289395922,24.5084928299619,0 39.60024030838635,24.50849719984524,0 39.60025027723979,24.50850390552668,0 39.60026230411748,24.50851058658271,0 39.60027106891731,24.50851272371916,0 39.60028109904484,24.50851946461741,0 39.60029316922757,24.50852615503911,0 39.60030339900937,24.50853312804647,0 39.60031247158116,24.50854277746156,0 39.60031938242105,24.50855230566787,0 39.60032631487298,24.50856186365196,0 39.60033327210211,24.50857145632202,0 39.60033894135544,24.50858359536926,0 39.60034668102209,24.50859572015987,0 39.60035442636497,24.50860786113265,0 39.60036015433891,24.5086201269611,0 39.60036590757939,24.50863244752131,0 39.60037320633008,24.50864253868037,0 39.60037706826814,24.50865519712784,0 39.60037975481956,24.50866479529576,0 39.60038035417149,24.50867446468143,0 39.60038095550843,24.50868416572535,0 39.6003815590132,24.50869389844014,0 39.60037862995178,24.5087061838958,0 39.60037636453481,24.50872096668364,0 39.60037273161453,24.50873090425122,0 39.60036976395914,24.50874334227581,0 39.60036677205866,24.50875580633854,0 39.60036597149244,24.50876076436536,0 39.60036080414464,24.50877331333339,0 39.6003522379828,24.5087811425666,0 39.6003433569303,24.50879626714541,0 39.60033668814911,24.50880380638969,0 39.60033000240128,24.50881136419299,0 39.60032548274841,24.50881894810237,0 39.60031876690473,24.50882654332498,0 39.60031355183335,24.50883161459924,0 39.60030157163762,24.50884433333031,0 39.60029260501228,24.50885198359317,0 39.60028515140742,24.50885708889114,0 39.60027834392056,24.50886477859133,0 39.60027372017164,24.50887249542382,0 39.60026378274802,24.50888539169532,0 39.60025626507333,24.50889055212763,0 39.60025158990558,24.50889832814331,0 39.60024247859434,24.50890610660643,0 39.60023768996621,24.50891377902813,0 39.60022895230901,24.50892383451882,0 39.60022243109528,24.50893396681042,0 39.60021596434206,24.50894425461017,0 39.60020947756777,24.50895457046412,0 39.60020622239657,24.50895973580069,0 39.60019503699073,24.50895963376333,0 39.60018325381645,24.50895692788574,0 39.6001722080153,24.50895706417086,0 39.60016076751739,24.50895494706769,0 39.60015207437765,24.50895531141324,0 39.60014120436192,24.50895576686377,0 39.60013250586574,24.50895613149293,0 39.6001216292325,24.50895658729698,0 39.60010477037961,24.50895989310057,0 39.60009170187151,24.50896044137314,0 39.60007426861304,24.50896117269246,0 39.60005673697172,24.50896173977259,0 39.60003705731441,24.50896402135057,0 39.60001908197909,24.50896373065467,0 39.60000156296727,24.50896590182373,0 39.59998583695889,24.5089656471565,0 39.59997236016358,24.50896542907224,0 39.59995929795502,24.50896762886386,0 39.59994855292393,24.50897001988209,0 39.59993780120045,24.50897241236989,0 39.59992662557912,24.50897235724042,0 39.59992439056246,24.5089723463748,0 39.59990427624639,24.50897224716389,0 39.59989533792613,24.50897220744695,0 39.59987995308375,24.50897270775213,0 39.5998666751175,24.50897294010942,0 39.59985779966143,24.5089730449161,0 39.5998466372403,24.5089730204811,0 39.59983502359352,24.50897039350636,0 39.59982341968692,24.50896776882473,0 39.59980916213229,24.508962563063,0 39.59979981279864,24.50895995412244,0 39.59979046992528,24.50895733957097,0 39.59977424329492,24.50895419656969,0 39.59976747509015,24.50895395628255,0 39.59975619840505,24.50895355586197,0 39.59974943403998,24.50895331547272,0 39.59974082654966,24.50895557446526,0 39.59973528503083,24.50896308288489,0 39.5997278774024,24.50897311993015,0 39.59972011677452,24.50898076589623,0 39.59971235253577,24.50898847069345,0 39.59970498000822,24.50899883877338,0 39.5996953872412,24.50900935694384,0 39.59968801350514,24.5090199240632,0 39.59968021635501,24.50902786199308,0 39.59967240008402,24.50903581931627,0 39.59966642697575,24.50904113159157,0 39.59966083643894,24.509049131303,0 39.59965071061298,24.50905713026186,0 39.59964359506314,24.50907054994876,0 39.59963721898447,24.50908944764478,0 39.59963388205753,24.50909771599937,0 39.59962518540303,24.50910049776105,0 39.59961384186636,24.50910055034104,0 39.59960664824366,24.50909781470434,0 39.59959492687258,24.50909510237741,0 39.59958774811085,24.50909237160639,0 39.59957416501092,24.50909246670688,0 39.59956510713781,24.50909252914299,0 39.59955605278269,24.50909260223667,0 39.59954664281406,24.50908992633742,0 39.59953531597384,24.50908999360982,0 39.59952623020246,24.50908995722178,0 39.59951486624406,24.50908988017837,0 39.59950577580001,24.50908981826505,0 39.59949669448709,24.50908977252665,0 39.59948535713036,24.50908978028275,0 39.59947368758796,24.50908701642402,0 39.59946429348339,24.50908425324812,0 39.59945004509752,24.50907869716625,0 39.59943613192161,24.50907588079791,0 39.59941966442204,24.50907031416314,0 39.59941030506569,24.50906751075825,0 39.59940095404502,24.50906470954606,0 39.59938510084056,24.50906453350951,0 39.59937601865276,24.50906433515089,0 39.59936693829198,24.50906413691614,0 39.59935785769306,24.50906393909545,0 39.59934877648446,24.50906372371904,0 39.59934023520502,24.50906897640355,0 39.59932940970966,24.50907418132209,0 39.59932084414816,24.50907946483806,0 39.59931733502225,24.50909035721114,0 39.5993117913115,24.50910399900398,0 39.59930648072421,24.5091204946241,0 39.59930353942908,24.50913757025592,0 39.59929995434807,24.50914859164766,0 39.59929863455713,24.50915958406953,0 39.59929731077597,24.50917061276391,0 39.59929622087967,24.50918443380559,0 39.59929488764529,24.50919554517059,0 39.59929355013793,24.50920669391074,0 39.59929220830446,24.50921787976024,0 39.59929087782783,24.50922919736331,0 39.59928757080022,24.50924385327403,0 39.59928622024461,24.50925528078846,0 39.59928255092031,24.50926671573432,0 39.5992812026406,24.50927823408593,0 39.59927753569303,24.50928999940453,0 39.59927390134979,24.50930188646928,0 39.5992707786891,24.50931994698027,0 39.59926686812117,24.50932905707052,0 39.59926580755024,24.5093441979893,0 39.59926187489737,24.50935337714349,0 39.59925818530215,24.50936562799355,0 39.59925448134988,24.50937792567471,0 39.5992507635839,24.50939027001711,0 39.59924703116763,24.50940266142448,0 39.59924378188293,24.50942127660375,0 39.59923785769917,24.50943680862632,0 39.59923858814207,24.50944609699504,0 39.59922736438605,24.50945556543024,0 39.59921347753044,24.50946189710664,0 39.59920216409174,24.50947133512125,0 39.5991910597432,24.50948392046304,0 39.59918165840393,24.50948712835767,0 39.59917380637101,24.5094778117121,0 39.59916357902793,24.50946854163417,0 39.59915335841634,24.5094592922,0 39.59914318950976,24.50945009365802,0 39.59913345749403,24.50944723151476,0 39.59912372911488,24.50944441223833,0 39.59911383280439,24.50943858140974,0 39.59910174020367,24.50943581863712,0 39.59909458855728,24.50943596803624,0 39.59908456526482,24.50942714620357,0 39.59907472078263,24.5094212964282,0 39.59906726978519,24.50941541595925,0 39.59905507712463,24.50940960382532,0 39.599045279941,24.50940377257874,0 39.59903549818518,24.50939795949219,0 39.59902349697177,24.50939516393013,0 39.59901387375455,24.50939231688074,0 39.59900662750521,24.50938940623942,0 39.59899677350656,24.5093805855012,0 39.5989869190896,24.50937153012799,0 39.5989770915127,24.50936249991212,0 39.59896965468399,24.50935353079871,0 39.59895742556247,24.50934181876031,0 39.59895015711045,24.5093360432583,0 39.59894054684743,24.50933025021278,0 39.59892877067891,24.50933006987254,0 39.59891933163406,24.50932963985137,0 39.59890989588232,24.50932921009164,0 39.59890053337747,24.50933173172337,0 39.59889120307422,24.50933442919478,0 39.59888427052353,24.50934010292315,0 39.59887747983196,24.50935168964645,0 39.5988729757332,24.50936043393287,0 39.59886858244777,24.50937512648762,0 39.59886640994371,24.50938401762218,0 39.59885955643156,24.50939600169971,0 39.59885505671072,24.50940815214853,0 39.59885055025399,24.50942046969407,0 39.59883863671757,24.50942044075317,0 39.59882671772618,24.50942043184184,0 39.59881718315045,24.5094203646275,0 39.59880522078827,24.50941700537601,0 39.59879564522237,24.50941356944468,0 39.59878602201394,24.50940418374886,0 39.59877405293419,24.50939479203343,0 39.59876448900696,24.50938546107772,0 39.59875260384177,24.50937917799666,0 39.59874547258922,24.5093729736783,0 39.59873600217071,24.50936979364256,0 39.59872418308624,24.50936962841246,0 39.59871236524899,24.50936946325322,0 39.59870054898618,24.50936929807989,0 39.59869344865788,24.50937223883177,0 39.59881662620815,24.50869555846242,0 39.59882286228425,24.50868828138473,0 39.59883124556347,24.50868345142553,0 39.59883966683429,24.50868109335692,0 39.59884808199547,24.50867875726085,0 39.59885655046968,24.50867884031891,0 39.59886707591481,24.50867653982472,0 39.59887329835087,24.5086717992916,0 39.59888169204417,24.50866948329768,0 39.59889226431264,24.50866958637686,0 39.59890064868695,24.50866727186418,0 39.59890903205243,24.50866499786169,0 39.59892174693884,24.50866551682868,0 39.59893012712094,24.50866331946143,0 39.59893849650861,24.50866105789013,0 39.59894898517302,24.5086589693173,0 39.59895747332171,24.50865942815835,0 39.59897212366097,24.50865539422606,0 39.59898050484256,24.50865343590639,0 39.59899111932398,24.50865400761202,0 39.59899525054011,24.50865182093807,0 39.59899737367557,24.50865193517008,0 39.59884940583751,24.50873754417325,0 39.59895006389942,24.50868434089923,0 39.59932802506518,24.50866176069997,0 39.59897576062596,24.50833374681191,0 
						</coordinates>
					</LinearRing>
				</outerBoundaryIs>
			</Polygon>
		</Placemark>
		<Placemark id="38B14CD38FB3E7DEE6624">
			<name>56</name>
			<styleUrl>#m_ylw-pushpin</styleUrl>
			<Polygon>
				<tessellate>1</tessellate>
				<outerBoundaryIs>
					<LinearRing>
						<coordinates>
							39.59206267869382,24.50603018471263,0 39.59149570099593,24.50618584255852,0 39.59095615538386,24.50614490684813,0 39.59089767913643,24.50494952394925,0 39.59200505271257,24.50504538622855,0 39.59199655986087,24.50504541517893,0 39.59212853226775,24.50567048739851,0 39.59212244182294,24.50567041921731,0 39.59206267869382,24.50603018471263,0 
						</coordinates>
					</LinearRing>
				</outerBoundaryIs>
			</Polygon>
		</Placemark>
		<Placemark id="3949CF1FD9A3E7DEE6624">
			<name>57</name>
			<styleUrl>#m_ylw-pushpin</styleUrl>
			<Polygon>
				<tessellate>1</tessellate>
				<outerBoundaryIs>
					<LinearRing>
						<coordinates>
							39.59465310751966,24.50481450980073,0 39.5945766851646,24.50521352375831,0 39.59351021798489,24.50515550993287,0 39.59343238869462,24.50482425870576,0 39.59465310751966,24.50481450980073,0 
						</coordinates>
					</LinearRing>
				</outerBoundaryIs>
			</Polygon>
		</Placemark>
		<Placemark id="3A4A04543353E7DEE6624">
			<name>58</name>
			<styleUrl>#m_ylw-pushpin</styleUrl>
			<Polygon>
				<tessellate>1</tessellate>
				<outerBoundaryIs>
					<LinearRing>
						<coordinates>
							39.59441015573287,24.50527686464302,0 39.59445989916956,24.50529156662074,0 39.59399388376136,24.50561402514047,0 39.59325801275495,24.50607623525622,0 39.5926886405535,24.50610465472754,0 39.59217372986512,24.50598690406974,0 39.59232571947656,24.50491393140708,0 39.59302253802696,24.50515624332811,0 39.59378912187863,24.50521204144786,0 39.59418711711308,24.50524393563945,0 39.59432925075964,24.50523822739653,0 39.59441015573287,24.50527686464302,0 
						</coordinates>
					</LinearRing>
				</outerBoundaryIs>
			</Polygon>
		</Placemark>
		<Placemark id="3BA6A355E753E7DEE6624">
			<name>59</name>
			<styleUrl>#m_ylw-pushpin</styleUrl>
			<Polygon>
				<tessellate>1</tessellate>
				<outerBoundaryIs>
					<LinearRing>
						<coordinates>
							39.59209123432532,24.50743974102358,0 39.59135511046727,24.50741190022137,0 39.59132195446342,24.50622520008809,0 39.59261505957973,24.50621836405154,0 39.59262374067875,24.50621838980199,0 39.59254441973064,24.50741266261856,0 39.59209123432532,24.50743974102358,0 
						</coordinates>
					</LinearRing>
				</outerBoundaryIs>
			</Polygon>
		</Placemark>
		<Placemark id="3C34CF3E43D3E7DEE6624">
			<name>60</name>
			<styleUrl>#m_ylw-pushpin</styleUrl>
			<Polygon>
				<tessellate>1</tessellate>
				<outerBoundaryIs>
					<LinearRing>
						<coordinates>
							39.59285885559596,24.50616625120055,0 39.59335810364373,24.50607630511447,0 39.59286302192825,24.50736310716622,0 39.59263790088168,24.50733172973325,0 39.59285885559596,24.50616625120055,0 
						</coordinates>
					</LinearRing>
				</outerBoundaryIs>
			</Polygon>
		</Placemark>
		<Placemark id="3D667711EDB3E7DEE6624">
			<name>61</name>
			<styleUrl>#m_ylw-pushpin</styleUrl>
			<Polygon>
				<tessellate>1</tessellate>
				<outerBoundaryIs>
					<LinearRing>
						<coordinates>
							39.59254043113442,24.50871743533961,0 39.59273076528488,24.50795308029513,0 39.59346361969659,24.50817376495209,0 39.59300946367384,24.50893264776626,0 39.59254043113442,24.50871743533961,0 
						</coordinates>
					</LinearRing>
				</outerBoundaryIs>
			</Polygon>
		</Placemark>
		<Placemark id="3E990BEE5573E7DEE6624">
			<name>62</name>
			<styleUrl>#m_ylw-pushpin</styleUrl>
			<Polygon>
				<tessellate>1</tessellate>
				<outerBoundaryIs>
					<LinearRing>
						<coordinates>
							39.59329725414291,24.50648839520374,0 39.59342133249031,24.50609992796256,0 39.59356643843103,24.50600033715976,0 39.59412691129269,24.50562277438966,0 39.59441937408757,24.5057367521734,0 39.59364682033014,24.50762587988892,0 39.59299478510356,24.50734906101915,0 39.59329725414291,24.50648839520374,0 
						</coordinates>
					</LinearRing>
				</outerBoundaryIs>
			</Polygon>
		</Placemark>
		<Placemark id="3F1A6ED5F043E7DEE6624">
			<name>63</name>
			<styleUrl>#m_ylw-pushpin</styleUrl>
			<Polygon>
				<tessellate>1</tessellate>
				<outerBoundaryIs>
					<LinearRing>
						<coordinates>
							39.59210946129103,24.50765286002954,0 39.5919299353278,24.50871078558212,0 39.59162205222023,24.50866471805757,0 39.59124843260282,24.50886156708713,0 39.59105437641013,24.50765898902156,0 39.59210946129103,24.50765286002954,0 
						</coordinates>
					</LinearRing>
				</outerBoundaryIs>
			</Polygon>
		</Placemark>
		<Placemark id="40CD1F223A53E7DEE6624">
			<name>64</name>
			<styleUrl>#m_ylw-pushpin</styleUrl>
			<Polygon>
				<tessellate>1</tessellate>
				<outerBoundaryIs>
					<LinearRing>
						<coordinates>
							39.61562763136357,24.43863200214865,0 39.61563224569523,24.43868788686239,0 39.61564334902667,24.43879579515272,0 39.61567332978436,24.43892340871729,0 39.61569888487049,24.43900848557817,0 39.61573958592304,24.43907215798628,0 39.6157949823109,24.43911257142069,0 39.61589731702572,24.43910941621301,0 39.61595276973454,24.43914948084321,0 39.61596162360917,24.4392346378449,0 39.61595412648985,24.43932359487685,0 39.6159304686531,24.43942980888542,0 39.61591749650173,24.43947238014012,0 39.61585261609148,24.43951527951747,0 39.61578545562384,24.43953689289896,0 39.61571823314853,24.43955852770848,0 39.61564878475086,24.43955835047674,0 39.61557928191271,24.43955788108722,0 39.6155097815773,24.43955741191196,0 39.61543839913974,24.43953589841361,0 39.61536660757277,24.43951309073314,0 39.61527807722288,24.43947860792785,0 39.61520428484477,24.4394197450444,0 39.61513231577756,24.43938145142634,0 39.61506013339567,24.43934250388089,0 39.6149699295064,24.43929808024329,0 39.61491452993872,24.43925459075136,0 39.61482463913332,24.43921033925481,0 39.61475220819376,24.43916659716574,0 39.6146815116189,24.43914391878589,0 39.61459518554469,24.43914181995852,0 39.61452451928701,24.4391193646675,0 39.61445564839538,24.4391191303486,0 39.61438573166627,24.43909952579005,0 39.61431441651153,24.43905897655776,0 39.61424447009803,24.43903917257222,0 39.61415492358341,24.43897815630429,0 39.61410353499623,24.43897881293963,0 39.61399953890889,24.43895885005864,0 39.6139466752622,24.43893751157785,0 39.61386113040984,24.43893766869573,0 39.61380855070699,24.4389169291491,0 39.61368877683787,24.43891690185609,0 39.61360340904607,24.43891839412038,0 39.61351711577702,24.43891271321857,0 39.61346525991492,24.43890844527485,0 39.61337888115661,24.43890133665547,0 39.61329300220102,24.43889805088705,0 39.61319034967177,24.43889765729046,0 39.61312193033253,24.43889770868144,0 39.61305279106206,24.43887844998199,0 39.61299924075935,24.43881889798,0 39.6129442544765,24.43871875965137,0 39.6128731560399,24.4386383563643,0 39.61281853068918,24.43853728566737,0 39.61276459724689,24.43845536963114,0 39.61271176831584,24.43839575560018,0 39.61265761603006,24.43829397018033,0 39.61260397349409,24.4382103225702,0 39.61258592435819,24.43817098130723,0 39.61253307891462,24.43809093921118,0 39.61249762534597,24.4380300658046,0 39.61244482186896,24.43794900606982,0 39.61239275964432,24.43788817610466,0 39.61234084624634,24.43782751992347,0 39.61230583992771,24.43776703820304,0 39.61226927895149,24.43764760664103,0 39.61223268090735,24.43750968249116,0 39.612212408302,24.4373788382556,0 39.61219382090566,24.43728578963799,0 39.61217470878621,24.43717395134063,0 39.6121563374744,24.43709488008591,0 39.61212178429076,24.43700739355595,0 39.61208797565158,24.43695498733511,0 39.6120536594671,24.43688016930257,0 39.61198707745664,24.43682332634354,0 39.61195335438676,24.43676733567251,0 39.61188706560012,24.43671077500056,0 39.61182121101636,24.4366724359998,0 39.61173913782415,24.43663265426836,0 39.61167372390301,24.43661181583759,0 39.61159225156916,24.43660834545686,0 39.61152693420379,24.43658642614024,0 39.6114455279233,24.43656882161377,0 39.61139666903994,24.43655119689095,0 39.6112991357966,24.43654507607937,0 39.61123421616697,24.4365406024597,0 39.61115305306647,24.4365374552336,0 39.61107189456747,24.43651827216811,0 39.61102320100566,24.43648440768603,0 39.61097462324629,24.43643346378551,0 39.61092630014061,24.43636699342845,0 39.6108782529038,24.43629342644069,0 39.61081389809476,24.43623901800884,0 39.6107335180677,24.43620193684874,0 39.61068575126785,24.43616271120434,0 39.61060529986443,24.43616316428198,0 39.61052520265904,24.43614482364131,0 39.61046131611135,24.436120738239,0 39.61038074780151,24.43612647894721,0 39.61031613555863,24.43613373771425,0 39.61023503381543,24.43614463935807,0 39.61017146974846,24.43611851529576,0 39.61012501272979,24.43605368530652,0 39.61012668731802,24.43598009075417,0 39.61012835752537,24.43590674427146,0 39.61013043739083,24.43581541006565,0 39.6101484332153,24.4357246246753,0 39.61014965212397,24.43567023653501,0 39.61016715125834,24.43559832164938,0 39.61021628759783,24.43552703395379,0 39.61024943304773,24.43545581930251,0 39.61028243231252,24.43538399715665,0 39.6103316042258,24.43529330079882,0 39.61036436945323,24.43522302946551,0 39.61041329436673,24.43511820506991,0 39.61044600739376,24.43503232476492,0 39.61046266046352,24.4349639382052,0 39.61047962687034,24.43487840617188,0 39.61049674090001,24.43477504479123,0 39.61052955599435,24.43465513896182,0 39.61053049001156,24.43458687089793,0 39.61054691069837,24.43451896563317,0 39.61057917360094,24.43441758364819,0 39.61061114679625,24.43433258803082,0 39.61062742812372,24.4342505651711,0 39.61065927373546,24.43415221963043,0 39.61067516043672,24.43410213778008,0 39.61070682249495,24.43400233023152,0 39.61073818146856,24.4339197280533,0 39.61075436226649,24.4338190346223,0 39.61077017917808,24.43375190924104,0 39.61078580812709,24.43370163877526,0 39.61080152861474,24.43363476807783,0 39.61084749022418,24.43356832938854,0 39.61086292665881,24.43350399722718,0 39.61087850467365,24.43343894182246,0 39.61087906083027,24.43334196520147,0 39.61089455818698,24.43326148577402,0 39.61090991447727,24.43319732517458,0 39.61092522225471,24.43313336559707,0 39.61097029766907,24.43308550291786,0 39.611015409883,24.4330361573488,0 39.61107525820032,24.43301747715545,0 39.61116488595513,24.43301475249729,0 39.61122467351765,24.43301322343186,0 39.6112993173824,24.43301250902652,0 39.61135907136655,24.43301234451966,0 39.61143377609783,24.43301293230783,0 39.61149354369802,24.43301340062446,0 39.61156821603939,24.43301283813303,0 39.6116281374787,24.4330277317239,0 39.61168813377807,24.43304360370519,0 39.61174843537285,24.43307574933542,0 39.61176447045097,24.43314083905187,0 39.61176582604632,24.43322260060303,0 39.61176690783363,24.43328811909475,0 39.61176800244343,24.43335361713587,0 39.611799187535,24.43341890933028,0 39.61183052112092,24.43348408632876,0 39.61186195076481,24.43354946704038,0 39.61190899506521,24.43363265864467,0 39.61194110242262,24.43371651513363,0 39.61197252126657,24.43376574115348,0 39.61201938728553,24.43383864949514,0 39.61203512197253,24.43386791288442,0 39.61211316689673,24.43392685985506,0 39.61217601913003,24.43397315749244,0 39.61223807528544,24.43400581736778,0 39.6122996638103,24.4340207254522,0 39.61236076966536,24.43401873657466,0 39.61243767804224,24.43403315255206,0 39.61251532843222,24.43406560511304,0 39.61257716827245,24.43408159806666,0 39.61263855473155,24.43409285781585,0 39.61269993019148,24.43410397676901,0 39.612777429495,24.43413269620547,0 39.61285551887877,24.43416621238709,0 39.61290233158633,24.43418324563797,0 39.6129967822194,24.43423381921778,0 39.61309220716476,24.43430102951894,0 39.61315547863543,24.43433492014584,0 39.61321917958476,24.4343712737343,0 39.61329944935981,24.43442546747905,0 39.61334790692513,24.43446151390409,0 39.61341298272031,24.43451545769766,0 39.61347923301617,24.43458693592268,0 39.61354357927375,24.43462274599802,0 39.61360944927163,24.43469020052882,0 39.6136745947347,24.43474064520807,0 39.61373890054551,24.43477438520092,0 39.61380339471957,24.43480878649952,0 39.61388472926411,24.43486063288528,0 39.61393543774806,24.43491530743905,0 39.61398790337471,24.43498983279734,0 39.61405416643171,24.43504221581759,0 39.61412149563204,24.43511056318705,0 39.61420339778103,24.43516093132972,0 39.61426851291986,24.43519415250283,0 39.61434941204519,24.43522704159753,0 39.6144149393624,24.43526137690609,0 39.61448200133957,24.43531360302061,0 39.61454779129745,24.43534832121397,0 39.61459942961577,24.43540141464135,0 39.61465270228946,24.43547271452074,0 39.61470461937078,24.4355261142631,0 39.61474240221957,24.43559813558193,0 39.61478070006854,24.43567235542169,0 39.61483819174486,24.43577182086011,0 39.6148776124887,24.43584998651376,0 39.61491754045331,24.43594114960129,0 39.61496998664305,24.4359939963322,0 39.61502134864021,24.43603052913147,0 39.61508704900763,24.43604805651205,0 39.61515037321588,24.43604407366233,0 39.61522794015938,24.43603301753643,0 39.61529719869323,24.43608737430113,0 39.61533534881531,24.43614540500825,0 39.61537528844703,24.43622149723296,0 39.61540077266003,24.43631525154397,0 39.61540957507237,24.43640781949032,0 39.6154150456512,24.43646392322459,0 39.61542357179307,24.43655518371929,0 39.61541598966123,24.43664774851275,0 39.61542535655677,24.43674220096073,0 39.61541831583317,24.43683749069627,0 39.61541150339711,24.43693470891423,0 39.61540264670953,24.43701197695695,0 39.61537755520342,24.43709051652897,0 39.61531610598021,24.4371315388208,0 39.6152346576492,24.43713505462523,0 39.61516951930705,24.43713837324376,0 39.61510421559149,24.43714089392858,0 39.61504136174976,24.43717770037133,0 39.61501618262973,24.43727152138527,0 39.615037528752,24.43732867354028,0 39.61510552419816,24.43734889046401,0 39.61517193489696,24.43735012980158,0 39.61525495839631,24.43735167727062,0 39.61532131781367,24.4373523545929,0 39.61538862710979,24.43736917825542,0 39.61544308843358,24.43742423813229,0 39.61550088019244,24.43751626186934,0 39.61554583328316,24.43764690347804,0 39.61555170406994,24.43770646409746,0 39.61556110878559,24.43780396956922,0 39.61551857586638,24.4378832502284,0 39.61541829302479,24.43788316903225,0 39.61535281753496,24.43790120383502,0 39.61530573114108,24.43793909990763,0 39.6152615189324,24.43800120491788,0 39.61527643593242,24.43815179072918,0 39.61528468377396,24.43823680655726,0 39.6152924556901,24.43831887790468,0 39.61531464781759,24.43837980495942,0 39.61538204355854,24.43837854087027,0 39.61546862121231,24.43839943271785,0 39.61554266586038,24.43846291735831,0 39.61562123948307,24.43856865353737,0 39.61569734665004,24.43865133276683,0 39.6157062506918,24.43874971443989,0 39.6157536112431,24.4388774303251,0 39.61578417135065,24.43900670268526,0 39.61562763136357,24.43863200214865,0 
						</coordinates>
					</LinearRing>
				</outerBoundaryIs>
			</Polygon>
		</Placemark>
	</Folder>
	<Folder id="417055BC1AF3E7DEE6624">
		<name>Almadinah Almunawwarah 2009.kml</name>
		<open>1</open>
		<Placemark id="424DE6A1C163E7DEE6624">
			<name>Vegetion 1</name>
			<styleUrl>#__managed_style_0301E46B093E7E003478</styleUrl>
			<Polygon>
				<tessellate>1</tessellate>
				<outerBoundaryIs>
					<LinearRing>
						<coordinates>
							39.63185009370515,24.41708940222204,0 39.6316728109415,24.41707580724547,0 39.63156753902427,24.41702454088226,0 39.63152889528471,24.41695275360428,0 39.63127206534739,24.41666401756102,0 39.63129312946977,24.41633204387435,0 39.63119432820739,24.41609834892877,0 39.63126384909811,24.41591263910644,0 39.63144042392297,24.41593061020948,0 39.63148654685836,24.41580613193575,0 39.6318624789501,24.41585783325686,0 39.63193914749389,24.41570342436377,0 39.63251447732534,24.41579565412928,0 39.63188558096664,24.41708901269593,0 39.63185009370515,24.41708940222204,0 
						</coordinates>
					</LinearRing>
				</outerBoundaryIs>
			</Polygon>
		</Placemark>
		<Placemark id="438F2327EFB3E7DEE6624">
			<name>Vegetion 2</name>
			<styleUrl>#m_ylw-pushpin00</styleUrl>
			<Polygon>
				<tessellate>1</tessellate>
				<outerBoundaryIs>
					<LinearRing>
						<coordinates>
							39.63344393496772,24.41894668557222,0 39.63403368779387,24.41901906251095,0 39.63416647792616,24.41938166193695,0 39.63411437090792,24.41976731246618,0 39.63367501850898,24.41982959299996,0 39.63344393496772,24.41894668557222,0 
						</coordinates>
					</LinearRing>
				</outerBoundaryIs>
			</Polygon>
		</Placemark>
		<Placemark id="44FBCDC42403E7DEE6624">
			<name>Vegetion 3</name>
			<styleUrl>#m_ylw-pushpin00</styleUrl>
			<Polygon>
				<tessellate>1</tessellate>
				<outerBoundaryIs>
					<LinearRing>
						<coordinates>
							39.63429393992088,24.41665359906615,0 39.63465391406104,24.41625202759784,0 39.6351222385058,24.4163052556118,0 39.63517907007695,24.41660016493946,0 39.63487940438957,24.41666623911139,0 39.63430364423522,24.41675882913571,0 39.63429393992088,24.41665359906615,0 
						</coordinates>
					</LinearRing>
				</outerBoundaryIs>
			</Polygon>
		</Placemark>
		<Placemark id="4531D70F42E3E7DEE6624">
			<name>4</name>
			<styleUrl>#m_ylw-pushpin00</styleUrl>
			<Polygon>
				<tessellate>1</tessellate>
				<outerBoundaryIs>
					<LinearRing>
						<coordinates>
							39.63388688076302,24.41778769659228,0 39.63382785825354,24.41723836965011,0 39.6341657385986,24.41683376006148,0 39.63465889637914,24.41678881833989,0 39.63526055254292,24.41728023397635,0 39.63524478312707,24.41739856998728,0 39.63477757301903,24.41769743928241,0 39.63476270732814,24.4178431672117,0 39.63456085022262,24.41814475625439,0 39.63439435513071,24.41809650457733,0 39.63388688076302,24.41778769659228,0 
						</coordinates>
					</LinearRing>
				</outerBoundaryIs>
			</Polygon>
		</Placemark>
		<Placemark id="468B32231863E7DEE6624">
			<name>5</name>
			<styleUrl>#m_ylw-pushpin00</styleUrl>
			<Polygon>
				<tessellate>1</tessellate>
				<outerBoundaryIs>
					<LinearRing>
						<coordinates>
							39.6337114239515,24.41721950532948,0 39.63371110330515,24.41721449365467,0 39.63371557316412,24.41720778312734,0 39.63371861940375,24.41720442682977,0 39.63387697243666,24.41777509682988,0 39.63286640392903,24.41711052308577,0 39.63286165765809,24.41711037166545,0 39.63285375023467,24.41711011946252,0 39.63284584641851,24.41710986734676,0 39.63283967758023,24.41710807220892,0 39.63283365011019,24.41710472612095,0 39.63282774239353,24.41709988936885,0 39.63282359501563,24.41709348795008,0 39.63282740355817,24.41708717341078,0 39.63283453280474,24.4170793220353,0 39.63284131108824,24.41707470224896,0 39.63284513545607,24.41706832622546,0 39.63284066752664,24.41706518122714,0 39.63283446816487,24.41706359795203,0 39.63282828755817,24.41706198472445,0 39.63281896773629,24.41706030676239,0 39.63281672170373,24.41705095732018,0 39.63282092869163,24.41704016780101,0 39.63282215673494,24.41702779170684,0 39.63282276877917,24.41702162486418,0 39.63282382707312,24.4170108836169,0 39.63282427569211,24.4170063005497,0 39.63282345680679,24.41699866768857,0 39.6328226405306,24.41699105629196,0 39.63282323161243,24.416985002499,0 39.63282375753579,24.41697908072554,0 39.63282752850818,24.41697171591647,0 39.63282973448553,24.41696435829746,0 39.63283348921058,24.41695702882068,0 39.63283736919279,24.41694823834548,0 39.6328412378996,24.41693947535979,0 39.63284188102715,24.41693216349423,0 39.63284561972699,24.41692487695677,0 39.63284767889494,24.41691905259025,0 39.63284806516889,24.41691468167522,0 39.63284883585531,24.41690595954622,0 39.63285088544341,24.41690017260782,0 39.63285300728266,24.41689425889847,0 39.63285513125551,24.41688834577567,0 39.63285739689173,24.41688097017866,0 39.63285956305882,24.41687499256844,0 39.63286174383899,24.41686899461026,0 39.63286237323693,24.41686303628052,0 39.63286452973043,24.41685709603732,0 39.63286683530576,24.41684969247389,0 39.63287066196958,24.41684230890529,0 39.63287279874742,24.41683642057172,0 39.6328764543011,24.41683054372524,0 39.63287855375157,24.4168247288417,0 39.63288062695944,24.41681896465108,0 39.63288421063118,24.4168132168718,0 39.63288792205847,24.41680604903482,0 39.63289024730076,24.41679747024316,0 39.63289544698787,24.41679035034953,0 39.63290049971494,24.41678467102149,0 39.63290842194505,24.41678042804318,0 39.63291306624386,24.41677901937111,0 39.63291933912011,24.41677619828641,0 39.63292535960926,24.41677620445738,0 39.63293138980856,24.41677619194228,0 39.63293892723377,24.41677617632575,0 39.63294646433148,24.41677616067885,0 39.63295400138833,24.4167761450101,0 39.63295991449342,24.41677755196722,0 39.63296879093086,24.41677906588493,0 39.63297475362103,24.41677919993703,0 39.63298071835515,24.41677933417374,0 39.63298668510573,24.41677946833423,0 39.63299414599655,24.41677963610479,0 39.63299862435262,24.41677973680297,0 39.63300468992907,24.41677847209696,0 39.63301361034734,24.41677876467013,0 39.63302106566496,24.41677897002623,0 39.63302852500897,24.41677917545086,0 39.6330359879654,24.41677938103864,0 39.63304056524154,24.4167780698362,0 39.63304653821093,24.41677823403501,0 39.63305262614527,24.41677691854836,0 39.63305873460549,24.41677554134558,0 39.63306502184384,24.41677129848719,0 39.63306996515094,24.41676422288766,0 39.63307480714043,24.41675858692566,0 39.63307947332245,24.41675578593703,0 39.6330857282399,24.41675154868834,0 39.63309039164022,24.41674873033342,0 39.63309371472881,24.41674307542503,0 39.63309711057104,24.41673602241377,0 39.63309884443662,24.41673179944692,0 39.6331021455937,24.41672618512272,0 39.63311117035094,24.41672482112887,0 39.63311713494172,24.41672484841111,0 39.63312317229034,24.41672347142824,0 39.63312771596723,24.41672208841041,0 39.63313665936364,24.41672212912357,0 39.63314248965159,24.41672496430547,0 39.63314806847661,24.41673343657395,0 39.63315080161049,24.41673909748283,0 39.63315353343653,24.41674478919847,0 39.63315772328615,24.41675189556375,0 39.63316351903403,24.4167574855242,0 39.63316636545309,24.41676169747165,0 39.63317072634693,24.41676590482819,0 39.63317353072206,24.41677154104213,0 39.63317484300757,24.41677714049066,0 39.63317615814826,24.4167827518853,0 39.63318216611926,24.41678411422654,0 39.63318973652922,24.41678406159418,0 39.63319730579787,24.41678400895089,0 39.6332048749865,24.41678395692597,0 39.63321096631859,24.41678252426424,0 39.63321701627836,24.416782493559,0 39.63322457841829,24.41678245529461,0 39.63323213937873,24.41678241687065,0 39.63324120399691,24.41678241678872,0 39.63324721870056,24.41678381442369,0 39.6332547480789,24.41678521372983,0 39.63326525630465,24.41678941750376,0 39.63327127620935,24.41679089156192,0 39.633278791801,24.41679378441829,0 39.63328783039399,24.41679670053354,0 39.63329686468309,24.41680100531279,0 39.63330141278171,24.41680103100444,0 39.63330744902053,24.41680389352305,0 39.63331349364532,24.41680553999283,0 39.63332107185516,24.41680582902035,0 39.63332561204432,24.41680741990083,0 39.63333168782975,24.4168074909198,0 39.63333775805715,24.41680899747192,0 39.633346869713,24.41681197912315,0 39.63335447219821,24.41681494364454,0 39.63336056163398,24.41681789299251,0 39.63336665740667,24.41681940141988,0 39.63337734636357,24.41682529997413,0 39.63338040410954,24.4168267650998,0 39.63338805275419,24.41682969969147,0 39.63339417270099,24.41683117236417,0 39.63340183529755,24.41683407614003,0 39.63340796400145,24.41683553190793,0 39.63341409634365,24.41683699399358,0 39.63342023238881,24.41683845692256,0 39.63342484168447,24.41683992049221,0 39.63343098463483,24.41684138524968,0 39.63343710873322,24.41684138614624,0 39.63344476145751,24.41684137009612,0 39.63345088332205,24.4168413511239,0 39.63345853548034,24.41684132737611,0 39.63346618698517,24.4168413036425,0 39.63347077785387,24.41684128940266,0 39.63347842868732,24.41684126565961,0 39.63348607922812,24.41684124193604,0 39.63349223630443,24.41684267296289,0 39.63349835781107,24.41684265394674,0 39.63350451945117,24.41684408566976,0 39.63351068419151,24.41684551809099,0 39.63351689597295,24.41684840444048,0 39.63352315710599,24.41685274089377,0 39.63353081113809,24.41685266009382,0 39.63353708178468,24.41685696507602,0 39.63354325971891,24.41685835821922,0 39.63355102560941,24.41686119512157,0 39.63355726587869,24.41686405115084,0 39.63356356905735,24.41686837321539,0 39.63356982338907,24.41687123637966,0 39.63357448813072,24.4168726523923,0 39.63358075198705,24.41687551965465,0 39.63358696729682,24.41687695480851,0 39.63359319887601,24.41687844297499,0 39.6335994340596,24.41687993201437,0 39.63360573554515,24.41688286806922,0 39.63361056151768,24.41688724441703,0 39.63361700990558,24.41689309512367,0 39.63362185902633,24.41689750615906,0 39.63362678516359,24.41690338436321,0 39.63363165169256,24.41690781230855,0 39.63363652627314,24.41691224767398,0 39.63364459522582,24.41691818884654,0 39.63365105145546,24.41692266695267,0 39.63365751867658,24.41692715276382,0 39.63366391415487,24.41693015892256,0 39.63367031718399,24.41693316871068,0 39.63367672769759,24.41693618194588,0 39.63368305772597,24.4169377073341,0 39.63369087202628,24.41693777968172,0 39.63369875317164,24.41693926599818,0 39.6337066225388,24.41694071015039,0 39.63371311688745,24.41694510753924,0 39.63371806186604,24.41694951886724,0 39.63372292390802,24.41695246068964,0 39.63372925251657,24.41695390704268,0 39.63373704984976,24.41695386998235,0 39.63374494469385,24.41695531420173,0 39.63375430231314,24.41695526967225,0 39.63376054024705,24.41695523991607,0 39.6337657349476,24.41696263468265,0 39.63377097142865,24.41697011668453,0 39.63377447089233,24.41697470593781,0 39.63377810766377,24.41698085693762,0 39.6337814883023,24.41698390884945,0 39.63378514006472,24.4169900818696,0 39.63379022714769,24.4169946770765,0 39.63379559790345,24.41700241306973,0 39.63379928014602,24.41700863067682,0 39.63380126416629,24.41701331873838,0 39.63380182350113,24.4170196238271,0 39.63380077418651,24.41702588206257,0 39.63379967005518,24.41703202968328,0 39.63380027434828,24.41703974126515,0 39.63380075883643,24.4170459258506,0 39.63380148793621,24.41705522836454,0 39.63380209708069,24.41706300402309,0 39.63380270811421,24.41707080129699,0 39.63380344340082,24.41708018651622,0 39.63381057888485,24.41706927364746,0 39.63370961515731,24.41719122686339,0 39.63370442030821,24.4171863086296,0 39.63370735680474,24.41718132967864,0 39.63371191056817,24.41717634620254,0 39.63371667097404,24.4171746594308,0 39.6337155854058,24.41718290942555,0 39.63371276276884,24.41718954472291,0 39.63371156166478,24.41719618199755,0 39.63371046392898,24.41720449794673,0 39.63371110330515,24.41721449365467,0 39.63371163805052,24.41722285153607,0 39.63371840261708,24.41722614376305,0 39.63372658963186,24.41722607101396,0 39.63373313847498,24.4172260130002,0 39.63373968685959,24.41722595483687,0 39.63374623448088,24.41722589675289,0 39.63375441838313,24.41722582407336,0 39.633760964804,24.41722576610033,0 39.63376763460361,24.41722738381954,0 39.63377583640703,24.41722736522589,0 39.63378241225064,24.41722739365635,0 39.63379064145292,24.41722745486051,0 39.63379887122608,24.41722751617622,0 39.63380558873234,24.41722923425508,0 39.6338122801351,24.41723086765932,0 39.63381896943947,24.41723248731406,0 39.63388490183324,24.41778624703131,0 39.6337114239515,24.41721950532948,0 
						</coordinates>
					</LinearRing>
				</outerBoundaryIs>
			</Polygon>
		</Placemark>
		<Placemark id="47BD19215993E7DEE6624">
			<name>6</name>
			<styleUrl>#m_ylw-pushpin00</styleUrl>
			<Polygon>
				<tessellate>1</tessellate>
				<outerBoundaryIs>
					<LinearRing>
						<coordinates>
							39.63293530094973,24.41858775176057,0 39.63321782875541,24.41862634881423,0 39.6331856928123,24.41887035843427,0 39.63288750230659,24.41879224454124,0 39.63293530094973,24.41858775176057,0 
						</coordinates>
					</LinearRing>
				</outerBoundaryIs>
			</Polygon>
		</Placemark>
		<Placemark id="480585F6C6A3E7DEE6624">
			<name>7</name>
			<styleUrl>#m_ylw-pushpin00</styleUrl>
			<Polygon>
				<tessellate>1</tessellate>
				<outerBoundaryIs>
					<LinearRing>
						<coordinates>
							39.63251601473331,24.41851088381541,0 39.63251089486144,24.41851086684158,0 39.63250918835944,24.41851086129478,0 39.63251601473331,24.41851088381541,0 39.63288980477795,24.41857909934298,0 39.63283768678404,24.41880009032329,0 39.63249333381201,24.41877172756027,0 39.63251601473331,24.41851088381541,0 
						</coordinates>
					</LinearRing>
				</outerBoundaryIs>
			</Polygon>
		</Placemark>
		<Placemark id="49AB909B7203E7DEE6624">
			<name>8</name>
			<styleUrl>#m_ylw-pushpin00</styleUrl>
			<Polygon>
				<tessellate>1</tessellate>
				<outerBoundaryIs>
					<LinearRing>
						<coordinates>
							39.63212317774813,24.41901831135051,0 39.63213651309619,24.41875857959704,0 39.63317274073421,24.4188915457418,0 39.63316463472434,24.41914764774765,0 39.63212317774813,24.41901831135051,0 
						</coordinates>
					</LinearRing>
				</outerBoundaryIs>
			</Polygon>
		</Placemark>
		<Placemark id="4A44028B1B13E7DEE6624">
			<name>9</name>
			<styleUrl>#m_ylw-pushpin00</styleUrl>
			<Polygon>
				<tessellate>1</tessellate>
				<outerBoundaryIs>
					<LinearRing>
						<coordinates>
							39.63256013287109,24.41983626790091,0 39.63223550728834,24.41931650425338,0 39.63210996938317,24.41904188121585,0 39.63341309897002,24.41914210836095,0 39.63356418243301,24.41969375727445,0 39.63256013287109,24.41983626790091,0 
						</coordinates>
					</LinearRing>
				</outerBoundaryIs>
			</Polygon>
		</Placemark>
		<Placemark id="4B24AB4B4123E7DEE6624">
			<name>10</name>
			<styleUrl>#m_ylw-pushpin00</styleUrl>
			<Polygon>
				<tessellate>1</tessellate>
				<outerBoundaryIs>
					<LinearRing>
						<coordinates>
							39.63294040601266,24.42024729613696,0 39.63294478941609,24.42024707548545,0 39.63295333187663,24.42024132399066,0 39.6325891594402,24.41990965416042,0 39.63313010936385,24.41977697227484,0 39.63323801700925,24.42018209906789,0 39.63294040601266,24.42024729613696,0 
						</coordinates>
					</LinearRing>
				</outerBoundaryIs>
			</Polygon>
		</Placemark>
		<Placemark id="4CF8806AE823E7DEE6624">
			<name>11</name>
			<styleUrl>#m_ylw-pushpin00</styleUrl>
			<Polygon>
				<tessellate>1</tessellate>
				<outerBoundaryIs>
					<LinearRing>
						<coordinates>
							39.63321805438444,24.41858001235833,0 39.6332218593747,24.4185777832368,0 39.63322955128346,24.41857521147756,0 39.63323913118073,24.4185707167831,0 39.63324293243799,24.41856851858684,0 39.6332330299574,24.41856871095023,0 39.63226496341234,24.41851111789327,0 39.63225698833912,24.41851137547643,0 39.63224902620397,24.41851156219047,0 39.63224106227197,24.41851174900263,0 39.63223309703069,24.41851193570675,0 39.63222525291746,24.41850994655467,0 39.63221728716643,24.41851013323581,0 39.63220945948297,24.41850808554292,0 39.63220377073123,24.41850374890929,0 39.63220628946963,24.41849494511735,0 39.63220899090773,24.41848370029427,0 39.6322099958469,24.41846960458169,0 39.63221249010935,24.41846245600745,0 39.63221711534301,24.41845295648185,0 39.63221975527473,24.41844356458967,0 39.63222615006624,24.41843489079542,0 39.63223046424689,24.41842832304298,0 39.63223854458113,24.41842397626845,0 39.63224479106684,24.41841743926847,0 39.63224932958418,24.41840654536527,0 39.63225554902039,24.41840004246141,0 39.6322598123288,24.41839354336524,0 39.63226785832153,24.41838909735283,0 39.63227600847917,24.41838250958716,0 39.6322821582663,24.41837769542915,0 39.63229032134931,24.41837089155522,0 39.63229646935907,24.41836290695255,0 39.63230253954856,24.41835683772273,0 39.6323068832876,24.41834648266921,0 39.63230911541653,24.41833864462508,0 39.63231141126008,24.41832891754934,0 39.63231355227663,24.41832312147201,0 39.63231586277498,24.41831329375233,0 39.63231812012867,24.41830529573382,0 39.63232218296429,24.41829946734035,0 39.6323300444909,24.41829386426783,0 39.63233773631978,24.41829228649454,0 39.63234733997498,24.41829075770844,0 39.63235697422722,24.41828902631049,0 39.63236469836657,24.41828721695896,0 39.63237244316498,24.41828524180411,0 39.63238012433873,24.41828522355092,0 39.63238786119867,24.41828326570133,0 39.63239756896628,24.41827936409386,0 39.63240524231389,24.41827934953358,0 39.6324129956556,24.41827716626224,0 39.63242074365662,24.4182749761533,0 39.63243036131521,24.4182746571509,0 39.63243997574081,24.41827433828074,0 39.63244958669176,24.41827401949573,0 39.63245734895773,24.41827150021779,0 39.63246697811678,24.41827087197839,0 39.63247852449,24.41827011854434,0 39.63248813894731,24.4182694912799,0 39.63249963192781,24.41826920544044,0 39.63250728940189,24.41826906393,0 39.63251689209507,24.41826687028964,0 39.63252645766009,24.41826669367439,0 39.63253602097176,24.4182665170868,0 39.63254560745632,24.41826432573335,0 39.63255518632518,24.41826213599192,0 39.63256284815591,24.41826005976779,0 39.63257239495494,24.41825995241911,0 39.63258002980741,24.41825992868879,0 39.63258956761335,24.41826010176335,0 39.63259911624304,24.41825829182391,0 39.63260674747856,24.4182584300484,0 39.63261629223253,24.41825662052599,0 39.63262774168758,24.41825484671635,0 39.63263918975681,24.41825507684998,0 39.63264682009123,24.4182532574433,0 39.63265444722447,24.41825143859151,0 39.6326620559811,24.41824568091427,0 39.63266966334982,24.41824036350239,0 39.63267344889518,24.41823481591511,0 39.63267720987646,24.41822696799407,0 39.63268094827006,24.41821710861873,0 39.63268280578947,24.41821117658766,0 39.63268464439482,24.41820323459461,0 39.63268647891422,24.41819531043496,0 39.63268641329677,24.41818726186716,0 39.63268633095955,24.41817719716717,0 39.63268621946963,24.41816477941441,0 39.6326861455823,24.4181565292767,0 39.63268607174354,24.41814830163435,0 39.63268598604891,24.41813824958189,0 39.63268592155766,24.41813033879666,0 39.63268583684057,24.418120325658,0 39.63268760631801,24.41810994208033,0 39.6326875083224,24.41809972054719,0 39.63268926684388,24.41808790146278,0 39.63268915023171,24.41807581618405,0 39.63269091816598,24.41806752722549,0 39.63269268040793,24.41805926358575,0 39.63269628666135,24.41805103517548,0 39.63270176912616,24.41804668783715,0 39.63270724302553,24.4180423549396,0 39.63271643623664,24.41804171911343,0 39.63272375567752,24.4180392394928,0 39.63273106974511,24.41803683310884,0 39.63273841695896,24.41803649805686,0 39.63274567899925,24.41803213097111,0 39.63275304265851,24.41803216237056,0 39.63276034702594,24.41802856471326,0 39.6327676653365,24.41802666241794,0 39.63277490927831,24.41802254184316,0 39.63278220551095,24.41802053317853,0 39.63278942960393,24.41801642208972,0 39.63279848568096,24.41801242225698,0 39.63280577141418,24.41801052088134,0 39.63281297560776,24.41800651931846,0 39.63282024929353,24.41800462154193,0 39.6328274353497,24.41800062837288,0 39.63283469759201,24.41799873440121,0 39.63284197021036,24.41799695371794,0 39.6328492397572,24.41799517560909,0 39.63285844194809,24.41799555691143,0 39.63286580692184,24.41799586214905,0 39.63287501722151,24.41799624380031,0 39.63288238914784,24.41799654925374,0 39.63288987437166,24.41799895441115,0 39.63289725531239,24.41799926068905,0 39.63290648555678,24.41799964366257,0 39.63291382033005,24.41799966390187,0 39.63292298349948,24.41799965975725,0 39.63293033843048,24.41799978336169,0 39.63293953398368,24.41799993757695,0 39.63294689169328,24.41800006119656,0 39.63295432921488,24.41800200275814,0 39.63296343873927,24.41800172840353,0 39.63297084805544,24.41800206838685,0 39.63297840185569,24.41800447870529,0 39.63298622721911,24.4180109248989,0 39.63299372427959,24.41801300105784,0 39.63299961377702,24.41801892494918,0 39.6330072346143,24.41802290213528,0 39.63301478111253,24.41802508699207,0 39.63302259845156,24.41803123147892,0 39.63303016500121,24.41803342427363,0 39.63303801265624,24.41803958808483,0 39.63304564063496,24.41804194870671,0 39.63305352965222,24.41804817092686,0 39.6330630947549,24.41805222727206,0 39.63306880493212,24.41805425104129,0 39.63307637986203,24.41805629629298,0 39.63308368932776,24.41805446902442,0 39.63309285556397,24.41805266981316,0 39.6331021588677,24.41805280593256,0 39.63310945978175,24.41805098012295,0 39.63311675697734,24.41804915517656,0 39.63312405089037,24.41804733105584,0 39.63313521177911,24.41804749368855,0 39.63355179272263,24.41823067679459,0 39.633373182846,24.41849867814689,0 39.63321805438444,24.41858001235833,0 
						</coordinates>
					</LinearRing>
				</outerBoundaryIs>
			</Polygon>
		</Placemark>
		<Placemark id="4D13B2C4A553E7DEE6624">
			<name>12</name>
			<styleUrl>#m_ylw-pushpin00</styleUrl>
			<Polygon>
				<tessellate>1</tessellate>
				<outerBoundaryIs>
					<LinearRing>
						<coordinates>
							39.63159100412577,24.41806810114875,0 39.63159132841078,24.4180649568028,0 39.6315954655085,24.41805260070855,0 39.63160504348725,24.41804357196571,0 39.63161198780933,24.4180314813971,0 39.63162682815162,24.41802847947551,0 39.63163847804943,24.41802849736018,0 39.63164544320099,24.41801625566955,0 39.63165210978153,24.41800709319504,0 39.6316672223354,24.41800095194056,0 39.63167596574893,24.4180008817658,0 39.63168814145354,24.41799475573509,0 39.63170000008139,24.41799178415689,0 39.63170150459853,24.41797382094488,0 39.63170300399124,24.41795592009105,0 39.6317013623752,24.41794104297739,0 39.63170318112487,24.41792009024212,0 39.63170422453189,24.41790813613706,0 39.63170789681129,24.41789914935854,0 39.63170948295023,24.4178812150529,0 39.63171626910562,24.41786930456328,0 39.63172017502146,24.41785742258674,0 39.63172717340917,24.41784265366378,0 39.63173649104105,24.41783385402544,0 39.63174839037403,24.41782804034447,0 39.63176027835445,24.41782222670448,0 39.63177191379532,24.4178193630602,0 39.63178353523192,24.41781650565931,0 39.63179801109573,24.41781363483042,0 39.63180655371627,24.41781367395836,0 39.63181819382653,24.41781072600732,0 39.63183245024098,24.41781072607215,0 39.63184673688649,24.41781063418737,0 39.63186104302092,24.41781047008155,0 39.63187248732513,24.41781033834467,0 39.63188352883501,24.41781604142906,0 39.63189480744566,24.417818735243,0 39.63190575807356,24.41782708027637,0 39.63191691717167,24.41783250287354,0 39.63192826466791,24.4178350323237,0 39.63193973508994,24.41783487176045,0 39.63195681883598,24.41783507280517,0 39.63197104492005,24.41783528905287,0 39.63198527389637,24.41783550531089,0 39.63199950519243,24.41783572165403,0 39.63201089252119,24.41783589473867,0 39.63202514986276,24.41783602271062,0 39.63203660273541,24.41783593001632,0 39.63204821138517,24.41783289077553,0 39.63205995675916,24.41782694713075,0 39.63206625411348,24.41781527387559,0 39.63206966857462,24.41780371880354,0 39.63206464864196,24.41778945463604,0 39.6320596402963,24.41777524379519,0 39.63205734591682,24.4177639027043,0 39.63205222362615,24.41775257822585,0 39.63205290847375,24.41773847507309,0 39.63206449292778,24.41773286869436,0 39.63207580302746,24.41773290358709,0 39.63208721240898,24.41773024492524,0 39.63209813835335,24.41773875992532,0 39.63210614037229,24.41775004564873,0 39.63211415923885,24.41776135519051,0 39.63212230896332,24.41776988282921,0 39.632130359651,24.41778123515486,0 39.63213853861458,24.41778979528817,0 39.63214662099569,24.41780120424146,0 39.6321547096217,24.41781269062743,0 39.63216281827133,24.41782419387427,0 39.63217095495961,24.41783566670133,0 39.63217921131385,24.41784430164294,0 39.6321872603359,24.4178565500795,0 39.63219533215683,24.41786883289049,0 39.63220057016058,24.41788105443862,0 39.63220871859225,24.41789317080828,0 39.6322111516359,24.41790518385126,0 39.63221922291856,24.41792041632657,0 39.63222752787669,24.41792966345696,0 39.63224142487567,24.41794500361182,0 39.63224700896105,24.41795106122803,0 39.63225819805694,24.41796319907207,0 39.63225485340209,24.41797812695479,0 39.63225149421352,24.41799312866648,0 39.6322510221805,24.41800825656334,0 39.63225064880604,24.41802035606117,0 39.63225003843896,24.41803898295014,0 39.63225233736951,24.4180577485883,0 39.63225494937453,24.41806718994767,0 39.63226662816012,24.41806744076797,0 39.63227812051218,24.41807395810359,0 39.63229273419187,24.41807428309634,0 39.63230434292627,24.41807767817666,0 39.63231587975334,24.41808421569513,0 39.63232426824933,24.41810014127596,0 39.63232966983014,24.41811921780221,0 39.63234098766974,24.41813844860161,0 39.63234952865663,24.41815149608484,0 39.63236118336232,24.41815826232319,0 39.63215176161478,24.41837368131836,0 39.63159100412577,24.41806810114875,0 
						</coordinates>
					</LinearRing>
				</outerBoundaryIs>
			</Polygon>
		</Placemark>
		<Placemark id="4E1A36918383E7DEE6624">
			<name>13</name>
			<styleUrl>#m_ylw-pushpin00</styleUrl>
			<Polygon>
				<tessellate>1</tessellate>
				<outerBoundaryIs>
					<LinearRing>
						<coordinates>
							39.6327144981656,24.41797362157758,0 39.63236528587395,24.41788981195721,0 39.63216439030923,24.417595096291,0 39.6321754594678,24.41759526328917,0 39.63218431651364,24.4175953970053,0 39.63203850934772,24.41707225411798,0 39.63204498516654,24.41706992488223,0 39.63205766238149,24.41706761901046,0 39.63205989829957,24.41706552369762,0 39.63205193550053,24.41706136452387,0 39.63204431658696,24.41705304335453,0 39.63204548212405,24.41703849857421,0 39.63204458250429,24.41702402104632,0 39.63204318849367,24.41701577838196,0 39.63204352083822,24.41701166223508,0 39.63204418419649,24.417003445403,0 39.6320507972947,24.41699738984182,0 39.63205942984117,24.41699139086402,0 39.63206790060104,24.41698741652506,0 39.63207256876608,24.41697940470687,0 39.63207722557794,24.41697141189279,0 39.63207997289649,24.41696143808873,0 39.63208053587518,24.4169534803205,0 39.63208326851341,24.41694356914102,0 39.63208571981617,24.41693763537192,0 39.63208655479947,24.41692577447508,0 39.63208752562649,24.41691198705394,0 39.63209009821451,24.4169041445552,0 39.63209062967187,24.41689635477129,0 39.63209113699276,24.41688864359711,0 39.6320936562912,24.41688095967697,0 39.6320942848815,24.41687136268767,0 39.63209691972365,24.41686180159143,0 39.63209754239085,24.41685225378845,0 39.63209803928385,24.41684463321728,0 39.6320986591438,24.4168351292368,0 39.63209940092447,24.41682375646315,0 39.63210014047148,24.4168124186042,0 39.63210262509095,24.41680488995156,0 39.63210335750028,24.41679360996061,0 39.63210583266579,24.41678611916101,0 39.63210655831278,24.41677489599073,0 39.63210724198957,24.41676537668335,0 39.63211150170791,24.41676153287123,0 39.6321190623525,24.41676718519303,0 39.6321246700119,24.41677278897388,0 39.63213230498725,24.41677832440638,0 39.63213983341633,24.416785752884,0 39.6321473764643,24.41679319575919,0 39.6321511451488,24.41679695467918,0 39.63216089733236,24.41680072742223,0 39.63216655484348,24.41680639989574,0 39.63217423849886,24.4168120300147,0 39.63218204410489,24.41681575683594,0 39.63218774039746,24.41682142445806,0 39.63219143510345,24.41682712466065,0 39.63219914232863,24.41683283769589,0 39.63220484782612,24.41683858630469,0 39.63221246134416,24.41684629998013,0 39.63222008712273,24.41685404373726,0 39.63222581743182,24.41685986289292,0 39.63223155743066,24.41686569185106,0 39.63223912969165,24.41687542890461,0 39.6322429714017,24.41687933145012,0 39.63224672302842,24.41688519326309,0 39.63225452269189,24.41689106522422,0 39.63225829041208,24.41689694691923,0 39.63226813782229,24.41690283881816,0 39.63227386226553,24.41691071011586,0 39.63228171392561,24.41691662538722,0 39.63228551815669,24.41692254865776,0 39.63229339303471,24.41692848370194,0 39.63229924801096,24.41693442826489,0 39.63230707026394,24.41694237011877,0 39.63231492091757,24.41695027796305,0 39.63232082756222,24.41695618125218,0 39.63232874398761,24.41696392095653,0 39.63233667584615,24.41697167689873,0 39.63234269980478,24.4169755164144,0 39.63235084560919,24.41697732471538,0 39.63236104596461,24.41697908864461,0 39.63236925398702,24.41697891265588,0 39.63237739548934,24.41698078128764,0 39.63238763785658,24.41698066503654,0 39.63239583089369,24.41698057226735,0 39.63240810896654,24.41698049882804,0 39.63241629394976,24.41698045211795,0 39.63242652456901,24.41698039370419,0 39.63243470802534,24.41698034701598,0 39.63244289125913,24.4169803002877,0 39.63245107414476,24.41698025362597,0 39.63246130169922,24.41698019527982,0 39.63246945669194,24.41698208809945,0 39.63247758992479,24.4169859228195,0 39.63248570749874,24.41699170485634,0 39.63248975960681,24.41699557180647,0 39.63248151624274,24.4169995134118,0 39.63247331599664,24.41699956084502,0 39.63246508767372,24.41700155699807,0 39.63245884752798,24.41700744439103,0 39.63245667136445,24.41701532362103,0 39.63245648011466,24.41702721146336,0 39.63245632018722,24.4170371458204,0 39.63245412620972,24.41704516902089,0 39.6324540201498,24.41705124367567,0 39.6324517733534,24.41706143869041,0 39.63244959367675,24.41706758882124,0 39.63244944697015,24.41707574037597,0 39.63244722345102,24.41708395913131,0 39.63244495709885,24.41709424648531,0 39.63244904314473,24.41709824318183,0 39.63245944474122,24.417097988055,0 39.63246779437011,24.41709573655745,0 39.63247613471827,24.41709352871309,0 39.63248446855847,24.41709132266268,0 39.6324969121171,24.41709125553039,0 39.63250934312173,24.41709142603661,0 39.63251763535782,24.41709146534018,0 39.63253007644551,24.41709146593643,0 39.63253837055176,24.41709146640366,0 39.6325487382728,24.41709146696551,0 39.63256117795939,24.41709153882687,0 39.63257154440663,24.41709175589114,0 39.63257983970044,24.41709195028713,0 39.63258813950712,24.41709434742024,0 39.63259851927398,24.41709467805553,0 39.63260682655541,24.4170949413867,0 39.63261514738849,24.41709734038076,0 39.63262347681842,24.41709974193445,0 39.63263181462732,24.41710214585709,0 39.63264014145579,24.41710241048469,0 39.63265264129254,24.41710288967479,0 39.6326630639689,24.41710328922784,0 39.63267140218963,24.41710353953481,0 39.63267974288181,24.41710378369919,0 39.63269017218435,24.41710408899566,0 39.63270061067225,24.41710445733476,0 39.63271106328855,24.4171049302063,0 39.63272150436042,24.4171052099132,0 39.63273194901598,24.41710548505191,0 39.63274030771368,24.41710570523242,0 39.63275075869721,24.41710597512144,0 39.63276329860155,24.41710624958215,0 39.6327695705823,24.41710638683074,0 39.63278211769771,24.4171066613809,0 39.63278839274437,24.41710679872451,0 39.63279676732958,24.41710702130452,0 39.6328052054224,24.41710930606263,0 39.63281155463092,24.41711153651661,0 39.63282420110543,24.41711393784232,0 39.63283055700352,24.41711613633746,0 39.63284106392331,24.41711648587127,0 39.63284751528904,24.41712082592758,0 39.63285405051136,24.41712724375911,0 39.63286059813376,24.41713367401661,0 39.63286006253965,24.417119168924,0 39.63343937450433,24.41751777233577,0 39.63316547082899,24.41800169615371,0 39.6327144981656,24.41797362157758,0 
						</coordinates>
					</LinearRing>
				</outerBoundaryIs>
			</Polygon>
		</Placemark>
		<Placemark id="4FA306298FB3E7DEE6624">
			<name>14</name>
			<styleUrl>#m_ylw-pushpin00</styleUrl>
			<Polygon>
				<tessellate>1</tessellate>
				<outerBoundaryIs>
					<LinearRing>
						<coordinates>
							39.63338028255398,24.41759275521484,0 39.63350655879904,24.41758292461184,0 39.63337350769814,24.41759249548398,0 39.63325731058645,24.4178693898615,0 39.63326814767729,24.41786165639503,0 39.63327667034628,24.41785396598217,0 39.63328246407644,24.41784133759234,0 39.63328414240635,24.41783392937355,0 39.63328561393175,24.41782408102592,0 39.63328687812896,24.41781181459862,0 39.63328791437203,24.41779707107886,0 39.63328909072187,24.4177846313728,0 39.63329643947328,24.41776483830895,0 39.63330031994477,24.41775743488211,0 39.63330827436321,24.41774509571328,0 39.63331636672397,24.41773505784039,0 39.63332397592598,24.41772016294284,0 39.63332798079492,24.41771511408379,0 39.63333749865847,24.4176994317632,0 39.63334772530426,24.41768943854454,0 39.63335395134363,24.41768444568681,0 39.63336663977229,24.41767694879418,0 39.63337929177638,24.4176694460077,0 39.63339226199783,24.41766460485938,0 39.63340034764281,24.41765528415608,0 39.63340387812593,24.41764582929421,0 39.63340288799921,24.41763630251033,0 39.63340389979125,24.41762444533473,0 39.63340515430411,24.41761499597882,0 39.63340338332559,24.41759836141519,0 39.63340237492076,24.41758888773439,0 39.63339484959729,24.41758153972519,0 39.63338155887083,24.41758338407509,0 39.63336826822069,24.41758522994491,0 39.63336176468018,24.41758739240473,0 39.63335057046205,24.41758717468386,0 39.63334675024457,24.41759406143563,0 39.63335449600742,24.4176038692417,0 39.6333624473303,24.41761594077943,0 39.63337267657771,24.41762809644955,0 39.63338244629445,24.41763550842612,0 39.63339405504109,24.41763834808812,0 39.63340036848626,24.41763382731967,0 39.63340616328799,24.41762451209131,0 39.63340742133384,24.41761508407431,0 39.63340816200041,24.41760090752009,0 39.63340915362407,24.41758914722596,0 39.63340813899435,24.41757969550445,0 39.63340061592262,24.41757236520799,0 39.63339310862636,24.41756505015131,0 39.6333861085283,24.41756244501108,0 39.63355083722712,24.41758080596928,0 39.63359404853497,24.41760996562153,0 39.6336736479749,24.41771019669001,0 39.6337009071466,24.4178039864298,0 39.63360537498703,24.41789109475941,0 39.63359689507606,24.41789641144768,0 39.63359037835389,24.41789915427605,0 39.63357989779769,24.41790706753119,0 39.63357138414947,24.41791241362166,0 39.63356258122937,24.41791529112503,0 39.63355435606237,24.4179232231204,0 39.63354553194944,24.41792610983719,0 39.63353441896833,24.41792908892231,0 39.63352360586386,24.41793466973587,0 39.63351014197632,24.41793764739056,0 39.63349924610079,24.4179431204907,0 39.63349264251146,24.41794589187115,0 39.63348344536449,24.41794614482258,0 39.6334722306725,24.41794904547771,0 39.63346128648694,24.41795453691705,0 39.63345437711207,24.41795472764391,0 39.63344774339046,24.4179575086496,0 39.63343215327494,24.41796314126814,0 39.63341626985198,24.41796618503867,0 39.63340934426407,24.41796637700527,0 39.63340010864151,24.41796663302257,0 39.63338881908472,24.41796955250328,0 39.63338188683177,24.41796974487156,0 39.63337289224597,24.41797260301645,0 39.63335209237049,24.41797318632261,0 39.63334539433558,24.41797600971602,0 39.63332690591377,24.41797662014447,0 39.63331072072322,24.41797715456801,0 39.63329699528098,24.4179799689451,0 39.63328067651864,24.41798011062599,0 39.63326668767132,24.41798023230158,0 39.63325269707929,24.41798035386643,0 39.63323639762031,24.41798058145215,0 39.63322476795796,24.41798078558646,0 39.63321541495554,24.41798078726632,0 39.63320370168108,24.41798068292567,0 39.63319438529971,24.41798083024562,0 39.63318230904693,24.41797561924773,0 39.63317703933416,24.4179677232029,0 39.6331811098097,24.41795983786972,0 39.63319196353642,24.41794937800775,0 39.63320299706035,24.4179415676115,0 39.63321189264972,24.41793637784057,0 39.63322289182353,24.41792858530383,0 39.63323405771153,24.4179233249677,0 39.63325171965603,24.4179128646809,0 39.63326053269153,24.41790764509093,0 39.63326889310883,24.41789730459625,0 39.63327767712962,24.41789210600039,0 39.63328622371884,24.41788435968446,0 39.63329290670318,24.41788174891811,0 39.63329636929593,24.41786897001363,0 39.63329752544107,24.41785625126067,0 39.63330120425551,24.41784609761968,0 39.63330014486068,24.41783373921635,0 39.63330139259271,24.41782144973802,0 39.63330035636813,24.41780922099641,0 39.63329907322527,24.41779445813079,0 39.63329819374277,24.41778455814572,0 39.63329276947328,24.41777472005111,0 39.63338028255398,24.41759275521484,0 
						</coordinates>
					</LinearRing>
				</outerBoundaryIs>
			</Polygon>
		</Placemark>
		<Placemark id="50CDAE449373E7DEE6624">
			<name>15</name>
			<styleUrl>#m_ylw-pushpin00</styleUrl>
			<Polygon>
				<tessellate>1</tessellate>
				<outerBoundaryIs>
					<LinearRing>
						<coordinates>
							39.63729906043157,24.41538050133478,0 39.63729065384327,24.41537849057131,0 39.63728226464893,24.41537423898673,0 39.6372717821878,24.41536995976914,0 39.63727396282918,24.41536091213867,0 39.63728450026355,24.41535614199478,0 39.63710036503085,24.41514448891604,0 39.63766378760144,24.41461191082943,0 39.63785845479617,24.41481614061786,0 39.63729906043157,24.41538050133478,0 
						</coordinates>
					</LinearRing>
				</outerBoundaryIs>
			</Polygon>
		</Placemark>
		<Placemark id="51ED3C27BB13E7DEE6624">
			<name>16</name>
			<styleUrl>#m_ylw-pushpin00</styleUrl>
			<Polygon>
				<tessellate>1</tessellate>
				<outerBoundaryIs>
					<LinearRing>
						<coordinates>
							39.63760856012831,24.41527101335041,0 39.63820936100164,24.41576145940608,0 39.63792651004792,24.41616109444615,0 39.63722640947061,24.41606014423308,0 39.63689021331741,24.41569652764158,0 39.63743297999591,24.41532182028269,0 39.63743927227995,24.41532404447128,0 39.63760856012831,24.41527101335041,0 
						</coordinates>
					</LinearRing>
				</outerBoundaryIs>
			</Polygon>
		</Placemark>
		<Placemark id="522259401373E7DEE6624">
			<name>17</name>
			<styleUrl>#m_ylw-pushpin00</styleUrl>
			<Polygon>
				<tessellate>1</tessellate>
				<outerBoundaryIs>
					<LinearRing>
						<coordinates>
							39.63868527903932,24.4148957687166,0 39.63868260400774,24.41489187739792,0 39.63867726181771,24.41488410714205,0 39.63867226203131,24.41487826753664,0 39.6384274313983,24.41449456515125,0 39.63897479641169,24.41431204493806,0 39.63907239686036,24.41477454704488,0 39.63868527903932,24.4148957687166,0 
						</coordinates>
					</LinearRing>
				</outerBoundaryIs>
			</Polygon>
		</Placemark>
		<Placemark id="53F64D301023E7DEE6624">
			<name>18</name>
			<styleUrl>#m_ylw-pushpin00</styleUrl>
			<Polygon>
				<tessellate>1</tessellate>
				<outerBoundaryIs>
					<LinearRing>
						<coordinates>
							39.63576532357821,24.42842257242747,0 39.63841805939091,24.42814161105491,0 39.63822157804852,24.4297709405194,0 39.63798210489523,24.42990263503257,0 39.63777016166828,24.43002763154961,0 39.63717036041174,24.43023758685342,0 39.63615388023636,24.43081514444745,0 39.63576532357821,24.42842257242747,0 
						</coordinates>
					</LinearRing>
				</outerBoundaryIs>
			</Polygon>
		</Placemark>
		<Placemark id="545496A6D333E7DEE6624">
			<name>19</name>
			<styleUrl>#m_ylw-pushpin00</styleUrl>
			<Polygon>
				<tessellate>1</tessellate>
				<outerBoundaryIs>
					<LinearRing>
						<coordinates>
							39.63503781910679,24.42971894827329,0 39.63312199065201,24.42860591794119,0 39.63417698677569,24.42699358605186,0 39.6348723292931,24.42676462713703,0 39.63492550057062,24.42676383108113,0 39.63496981798892,24.42676322077472,0 39.63500529445566,24.42676308775281,0 39.63504961875055,24.42676267438065,0 39.63508509590101,24.42676256185208,0 39.63512949241694,24.42676282963396,0 39.63512092880057,24.42677974501218,0 39.63507708432697,24.42681359606557,0 39.63503305072224,24.42683912546219,0 39.6350150228082,24.42682223301053,0 39.6350321565541,24.42677989084296,0 39.63506734352468,24.42676245791609,0 39.63509367112482,24.4267456049853,0 39.63584008839867,24.42939949171697,0 39.63518862322672,24.42706086899758,0 39.6357477946294,24.42923990225133,0 39.63527571928047,24.42736913975085,0 39.63619517388356,24.42940477524015,0 39.63503781910679,24.42971894827329,0 
						</coordinates>
					</LinearRing>
				</outerBoundaryIs>
			</Polygon>
		</Placemark>
		<Placemark id="55D39D1A4B63E7DEE6624">
			<name>20</name>
			<styleUrl>#m_ylw-pushpin00</styleUrl>
			<Polygon>
				<tessellate>1</tessellate>
				<outerBoundaryIs>
					<LinearRing>
						<coordinates>
							39.6361549720255,24.43083739205998,0 39.63488260775966,24.43079774259792,0 39.63488217236931,24.42967218837,0 39.63490203975513,24.4297218583382,0 39.63602086562378,24.42958726031519,0 39.6361549720255,24.43083739205998,0 
						</coordinates>
					</LinearRing>
				</outerBoundaryIs>
			</Polygon>
		</Placemark>
		<Placemark id="56492C74B5D3E7DEE6624">
			<name>21</name>
			<styleUrl>#m_ylw-pushpin00</styleUrl>
			<Polygon>
				<tessellate>1</tessellate>
				<outerBoundaryIs>
					<LinearRing>
						<coordinates>
							39.63240203953503,24.43063245579719,0 39.63282161702838,24.42908018642327,0 39.6335094771046,24.42880965942212,0 39.63488421012703,24.42982914469573,0 39.63487711353802,24.43012086033025,0 39.63487089732665,24.43010040067869,0 39.63437401787111,24.42998715042314,0 39.63438343069513,24.42999045321525,0 39.63327241664376,24.43072578230595,0 39.63240203953503,24.43063245579719,0 
						</coordinates>
					</LinearRing>
				</outerBoundaryIs>
			</Polygon>
		</Placemark>
		<Placemark id="5701B7C11FC3E7DEE6624">
			<name>22</name>
			<styleUrl>#m_ylw-pushpin00</styleUrl>
			<Polygon>
				<tessellate>1</tessellate>
				<outerBoundaryIs>
					<LinearRing>
						<coordinates>
							39.63103004044285,24.42799808271167,0 39.63102761036551,24.42799813692732,0 39.63101761044526,24.42799324600955,0 39.63100774474644,24.42799085335689,0 39.63099775099102,24.42798591822287,0 39.63098789048647,24.42798349660051,0 39.63097557298415,24.42798096167569,0 39.63096557601474,24.42797588697114,0 39.63095327576976,24.42797335647714,0 39.63094327988004,24.42796819045449,0 39.63093085832129,24.42796298987187,0 39.63092100628667,24.42796039449721,0 39.63091116055444,24.4279578008313,0 39.63090120500215,24.42795261199807,0 39.63088894683226,24.42795002487088,0 39.63087187229499,24.42794763080587,0 39.63085965850293,24.4279452380362,0 39.63084987404811,24.42794282159786,0 39.6308376709659,24.42794043109522,0 39.63082313239396,24.42794057937008,0 39.63081336033012,24.42793816501557,0 39.63080367643101,24.42793830805396,0 39.6307914904954,24.42793592727389,0 39.63078179429671,24.42793600154739,0 39.63076960473745,24.42793354183837,0 39.63075990530799,24.42793354954236,0 39.63074772340563,24.42793106400261,0 39.63074045106104,24.42793106973842,0 39.63072822730285,24.42792610233673,0 39.63071848713296,24.42792362694353,0 39.63070628528127,24.42791867450434,0 39.63069409669731,24.42791372753945,0 39.63068433948693,24.42790878410176,0 39.63067221244376,24.42790632012025,0 39.63065519553792,24.42789892098653,0 39.63064305340804,24.42789384421312,0 39.63063333752842,24.42788872537632,0 39.63062365868101,24.4278861165038,0 39.63061396506416,24.42788100765297,0 39.63060189350265,24.42787840247029,0 39.630587437569,24.42787840829012,0 39.63058019744692,24.42787588139565,0 39.63056573806765,24.42787332419304,0 39.630556102154,24.42787078994942,0 39.63054887875975,24.42786826804403,0 39.63053684788254,24.42786821451467,0 39.6305248266418,24.42786318622498,0 39.63051281217164,24.4278606476751,0 39.63050320718084,24.42785814646285,0 39.63048880367877,24.42785564569842,0 39.63047681059488,24.42785314742342,0 39.63046482492116,24.42785065049186,0 39.63045284617825,24.42784815511193,0 39.63044567403629,24.4278456629173,0 39.63043370851931,24.42784317061048,0 39.63042176489027,24.42784045539343,0 39.63041222622594,24.4278377601076,0 39.63040030329115,24.42783501433054,0 39.63038839090821,24.42783227405182,0 39.63037653108934,24.42782712892107,0 39.630369463007,24.42782207618339,0 39.63036001826931,24.42781698758638,0 39.63035302469049,24.42780949451113,0 39.63034604399037,24.42780201542906,0 39.63033913524188,24.42779210695576,0 39.63033229821477,24.42777983218081,0 39.63032783783115,24.42776776198528,0 39.63032339104466,24.42775571644522,0 39.63031640317897,24.42775088104613,0 39.63030725374162,24.42773882449193,0 39.63030508742909,24.42773160991919,0 39.63029819904699,24.4277244034728,0 39.63028924681313,24.4277076461093,0 39.63028246365488,24.42769810259994,0 39.63027334230099,24.4276885818539,0 39.63026424182488,24.42767908210132,0 39.63025742834439,24.4276719813877,0 39.63026244252512,24.42766250436627,0 39.63026744423749,24.42765305928548,0 39.63027243434675,24.42764363509932,0 39.63027989653662,24.4276295474357,0 39.6302873296581,24.42761554006931,0 39.63029466869326,24.42760391111405,0 39.63030199437182,24.42759226098628,0 39.63030922461241,24.42758304055889,0 39.63031868607862,24.42757624587339,0 39.63032808036399,24.42757172664461,0 39.63032834775254,24.42756041130021,0 39.63031931450953,24.42755125297271,0 39.63030792453636,24.42754440077321,0 39.63029886591806,24.42753755273664,0 39.63028975213354,24.42753300282162,0 39.6302829594586,24.42752845084505,0 39.63027393695759,24.4275216400255,0 39.63026484950816,24.42751713696548,0 39.63025338956051,24.42751489998956,0 39.63024424174542,24.42751265995797,0 39.63023509840346,24.42751042100932,0 39.63022135039069,24.4275081917566,0 39.63020530483918,24.42750596788889,0 39.63019848207043,24.42750372807476,0 39.63018705678044,24.42750149798665,0 39.630177936529,24.42749927548621,0 39.63016668589236,24.42749269521955,0 39.63015987182703,24.42749050939013,0 39.63014864384045,24.4274839412369,0 39.63013743129318,24.4274773821886,0 39.63012855946804,24.427470716883,0 39.63012189208552,24.4274662571035,0 39.63011076989309,24.42745953801316,0 39.63010185422019,24.42745500608489,0 39.63009304805252,24.42744831723283,0 39.63008419217694,24.42744186322158,0 39.63007521769403,24.42743766290105,0 39.63006395271542,24.42743350321643,0 39.63005488112098,24.42743147470734,0 39.63004581180376,24.42742944674292,0 39.63003444945736,24.42742745581927,0 39.63002538614943,24.42742542803663,0 39.63001186061328,24.42742129522015,0 39.6300007614202,24.42741497229821,0 39.62999172734655,24.42741290634198,0 39.62998057218911,24.42740860476437,0 39.62997156072096,24.42740650518645,0 39.62996287378277,24.42739994724689,0 39.6299540369631,24.42739562456244,0 39.62994522669914,24.427391259679,0 39.62993660260837,24.42738465341439,0 39.62992571904552,24.42737806017151,0 39.62991241082236,24.4273736846895,0 39.62990155244015,24.42736712802339,0 39.62989298078394,24.42736057535831,0 39.62988422812858,24.42735626782948,0 39.62987317042457,24.42735207335086,0 39.62986229290153,24.42734571780806,0 39.62985598032702,24.42733931462053,0 39.6298426791303,24.42733516260445,0 39.62983620992189,24.42733093027555,0 39.62982768761507,24.4273245056214,0 39.62982147515065,24.42731800700009,0 39.62981506900343,24.42731370833883,0 39.62980640064212,24.42730944184117,0 39.62979790959307,24.42730307062088,0 39.62979161247424,24.42729684231912,0 39.62978073363946,24.42729079010599,0 39.62977425206615,24.42728673059986,0 39.62976339261339,24.42728068514249,0 39.62975484304548,24.42727455418529,0 39.62974609487912,24.42727057376205,0 39.62973513986051,24.42726654095629,0 39.62972646931775,24.42726245335002,0 39.62971781183412,24.42725836360648,0 39.62970691499956,24.42725427040352,0 39.62969827991915,24.42725016822946,0 39.62968997576235,24.42724376977777,0 39.62968169560331,24.4272373642966,0 39.62967343101523,24.42723096386556,0 39.62966741300814,24.42722457699372,0 39.62966117430527,24.42722032144419,0 39.62965340753662,24.42720971363187,0 39.62964788716121,24.42719913683809,0 39.62963992380308,24.42719069032954,0 39.6296339623068,24.42718436724619,0 39.6296304669829,24.42717595798408,0 39.62962499924645,24.42716547058371,0 39.62962096704405,24.42716139076686,0 39.62963059911517,24.42715504706836,0 39.62963596343064,24.4271467145761,0 39.62964354563962,24.42713837282388,0 39.62965109477482,24.42713007380971,0 39.62966037774457,24.4271259383912,0 39.62966978464441,24.42712160629076,0 39.6296812891732,24.42711917951575,0 39.62969076843184,24.42711471819566,0 39.62970242227491,24.42711028062184,0 39.62971444437679,24.42710179451302,0 39.6297217630889,24.42709548996422,0 39.62973185002347,24.42708310102816,0 39.62974170359065,24.42707279222622,0 39.62974652380374,24.42706866047683,0 39.62975410669657,24.42705846068052,0 39.62976353185519,24.42705223373723,0 39.62976865622146,24.42704416712635,0 39.6297756182908,24.42704007769521,0 39.62978273870335,24.427034012075,0 39.62978989953535,24.42702787601072,0 39.62979724482766,24.42702144041886,0 39.62980897535635,24.42701493566635,0 39.62981809582213,24.42701081854226,0 39.62983201917618,24.42700079923772,0 39.6298387726252,24.42699868511195,0 39.62985031636704,24.42699067999611,0 39.62985950953569,24.42698466822768,0 39.62986885515541,24.42697668936612,0 39.62987802990727,24.42696897478784,0 39.62988701893958,24.42696326632614,0 39.62989385409833,24.42695754193246,0 39.62990069941615,24.42695179327568,0 39.6299096955517,24.42694604586858,0 39.6299209759098,24.42693836019689,0 39.62993213346656,24.42693257075107,0 39.62993884591863,24.42692871692707,0 39.62994974039334,24.42692677238101,0 39.62996505359974,24.42692290135799,0 39.62997593936895,24.42692095212043,0 39.62998455323796,24.42692092643183,0 39.62999327881626,24.42691898452283,0 39.63000200032112,24.42691704347148,0 39.63000856614183,24.42691510970799,0 39.63001943190829,24.42691316411016,0 39.63003254734757,24.42690930095306,0 39.63004114827976,24.42690927547554,0 39.63004769929805,24.42690734516422,0 39.63005629800615,24.42690731975647,0 39.63006919541597,24.42690728175907,0 39.63008428069703,24.42690714377002,0 39.63009506885888,24.42690700996983,0 39.63010575903774,24.4269071129016,0 39.63011642415972,24.42690897365289,0 39.63012717233725,24.42690893546212,0 39.63013577067269,24.42690890483526,0 39.63014866722357,24.4269088590212,0 39.63015511513199,24.42690883601643,0 39.63017015912005,24.42690878257323,0 39.63018520205842,24.42690872899223,0 39.63020024353111,24.42690867552115,0 39.63021313531111,24.42690862973389,0 39.63022387750345,24.42690859153408,0 39.63023676720951,24.42690854562607,0 39.63024959998773,24.42691039863373,0 39.63026034208668,24.42691036038557,0 39.63026890481964,24.42691044719346,0 39.63027960983916,24.4269105579674,0 39.63029246881274,24.42691064969578,0 39.63030099579088,24.42691261595113,0 39.63031386483759,24.42691268805096,0 39.63032244934004,24.42691271366008,0 39.63033318297482,24.42691273973719,0 39.63034601909976,24.42691471539983,0 39.63035886199389,24.42691669223598,0 39.6303738996894,24.42691672896271,0 39.63038464161791,24.42691675513047,0 39.6303910519354,24.42691871738883,0 39.63040394645611,24.42691874893918,0 39.63041466282631,24.42692072280828,0 39.63042541238977,24.42692074918587,0 39.63043186244286,24.42692076493968,0 39.63044043967896,24.42692270499426,0 39.63045119575347,24.42692269383758,0 39.63046410330796,24.42692268047049,0 39.63047269198133,24.42692462119686,0 39.63048128504673,24.4269265626869,0 39.63049419680941,24.42692656040472,0 39.6305049569546,24.42692656743222,0 39.63051141294707,24.42692657146573,0 39.63052217019947,24.42692848896289,0 39.63053293031143,24.42693230060082,0 39.6305415426872,24.42693612728321,0 39.63055662493574,24.42693795483024,0 39.63056740858305,24.42694176588864,0 39.63057604155395,24.4269454513874,0 39.63058467041969,24.4269472595008,0 39.63059545699161,24.42694905140463,0 39.63060194384964,24.42695275276551,0 39.63061273562373,24.42695454543106,0 39.63062352919109,24.42695633878,0 39.6306321534918,24.42695627177795,0 39.63064510478518,24.42695804849556,0 39.6306559024371,24.42695984232287,0 39.63066452450849,24.42695977478019,0 39.63067961256748,24.4269596573112,0 39.63069254249167,24.42695955657356,0 39.63070116150295,24.42695948948465,0 39.63071408792133,24.42695938878859,0 39.63072485828784,24.42695930491899,0 39.6307334733327,24.42695923778786,0 39.63073990231163,24.42695731110111,0 39.6307528201886,24.42695721059996,0 39.63076570759734,24.42695527415176,0 39.63077865007889,24.42695532090182,0 39.63079154769832,24.42695346044319,0 39.63080232021256,24.42695343842191,0 39.63081519477404,24.42695150342073,0 39.63082810361787,24.42694972647047,0 39.63083891835441,24.42694988151617,0 39.63084750715915,24.42694807141316,0 39.63085830715112,24.42694816464971,0 39.63086903365495,24.42694630420846,0 39.63087983528744,24.42694639733337,0 39.63089279989213,24.4269465090936,0 39.63090784359833,24.42694468583241,0 39.63091864972322,24.42694477880591,0 39.63093810542841,24.42694494620775,0 39.63095108104324,24.42694505627843,0 39.63096189585372,24.42694514936796,0 39.63097044967833,24.42694326977361,0 39.63097910228268,24.42694334410317,0 39.63098559247091,24.42694339983747,0 39.63099630137671,24.42694153650859,0 39.63100700483079,24.4269396614905,0 39.63101770457317,24.4269377869529,0 39.63102851610919,24.4269378749591,0 39.63103702627808,24.42693593360718,0 39.63104767719355,24.42693396978376,0 39.6310561659855,24.42693199420459,0 39.63106477348617,24.42693197875278,0 39.63107983582853,24.42693195175893,0 39.6310905940527,24.42693193251326,0 39.63110148821169,24.42693387456393,0 39.63111224872321,24.42693385521684,0 39.63111884391303,24.4269358060281,0 39.63113169463929,24.42693566416801,0 39.63114468798429,24.42693748417919,0 39.63116201750169,24.42693934469488,0 39.63117060998782,24.42693929686497,0 39.63118134985088,24.42693923729341,0 39.63119009366297,24.42694114601845,0 39.63120512964395,24.42694106219645,0 39.63134087352844,24.42694271472826,0 39.63173849814225,24.42732665066503,0 39.63146963208094,24.42800002970099,0 39.63103004044285,24.42799808271167,0 
						</coordinates>
					</LinearRing>
				</outerBoundaryIs>
			</Polygon>
		</Placemark>
		<Placemark id="58E9BB1A6583E7DEE6624">
			<name>23</name>
			<styleUrl>#m_ylw-pushpin00</styleUrl>
			<Polygon>
				<tessellate>1</tessellate>
				<outerBoundaryIs>
					<LinearRing>
						<coordinates>
							39.63183016840448,24.42886431352997,0 39.63176615567552,24.42894433493971,0 39.63160496035105,24.42877814042551,0 39.63136372984932,24.42836057795222,0 39.63160345279189,24.42769374225287,0 39.63192428165817,24.42773979103829,0 39.63227298403492,24.4282633822275,0 39.63183016840448,24.42886431352997,0 
						</coordinates>
					</LinearRing>
				</outerBoundaryIs>
			</Polygon>
		</Placemark>
		<Placemark id="5915397EFD73E7DEE6624">
			<name>24</name>
			<styleUrl>#m_ylw-pushpin00</styleUrl>
			<Polygon>
				<tessellate>1</tessellate>
				<outerBoundaryIs>
					<LinearRing>
						<coordinates>
							39.63208622624742,24.43077594630171,0 39.63159204696107,24.43063720644346,0 39.63159716006192,24.43064985935967,0 39.63160224546886,24.43066575119808,0 39.63160473317066,24.43067850220716,0 39.63160723346371,24.43069117297583,0 39.63161232768867,24.43071021289381,0 39.6316148103913,24.43072617472508,0 39.63162003967264,24.43073571775409,0 39.63026901260334,24.42979235419462,0 39.63100940493723,24.42869754332762,0 39.63198641695462,24.42905212485832,0 39.6324682915794,24.42901504262619,0 39.63250673916761,24.42902701686575,0 39.63254819910288,24.4290240935411,0 39.63256626290116,24.42902888283872,0 39.63257582777619,24.42905707351474,0 39.63208622624742,24.43077594630171,0 
						</coordinates>
					</LinearRing>
				</outerBoundaryIs>
			</Polygon>
		</Placemark>
		<Placemark id="5AD7FFDD4263E7DEE6624">
			<name>25</name>
			<styleUrl>#m_ylw-pushpin00</styleUrl>
			<Polygon>
				<tessellate>1</tessellate>
				<outerBoundaryIs>
					<LinearRing>
						<coordinates>
							39.628589524972,24.42883914887236,0 39.62858629357363,24.42883288234451,0 39.6285798400664,24.42882036829427,0 39.62857023584872,24.42880482583862,0 39.6285638629839,24.42879554417365,0 39.62856056180469,24.42878298144335,0 39.62855416134633,24.42877055725865,0 39.62854777491051,24.42875815944825,0 39.62854445950242,24.42874251774563,0 39.62854123314804,24.42873314274873,0 39.62853793027113,24.4287174956221,0 39.62853150605197,24.42869881726841,0 39.62852822652584,24.42868326731054,0 39.62852496301124,24.42866787616038,0 39.62851859971663,24.4286495766712,0 39.62851539334351,24.42863738890662,0 39.62851209966999,24.42861607200055,0 39.62850894160062,24.42860702424406,0 39.62850572697004,24.42859186102977,0 39.62850251696889,24.42857665893139,0 39.62849626018061,24.4285615074794,0 39.62849306580031,24.42854623355181,0 39.62848683791476,24.42853112583215,0 39.62848369238666,24.42851899735443,0 39.62848052867771,24.42850384505195,0 39.6284773742335,24.42848873696366,0 39.62847420600962,24.42847064080773,0 39.62847106604709,24.42845544995399,0 39.62846795501667,24.42844333891861,0 39.62846786973478,24.42843124017618,0 39.62846477707568,24.42841938562691,0 39.62846469353669,24.42840733949119,0 39.62846463481834,24.42839834229579,0 39.62846456062349,24.42838656016613,0 39.62846147348712,24.42837209043018,0 39.62846138504731,24.42835743827861,0 39.62845827613672,24.42833720963331,0 39.62845523879056,24.42832853306792,0 39.6284521753964,24.42831404493602,0 39.62844912035253,24.42829959554533,0 39.62844904943869,24.42828513687614,0 39.62844902281595,24.4282793651778,0 39.62844893839696,24.42826211895497,0 39.62845479704412,24.42824768927846,0 39.62845474960727,24.42823910534766,0 39.62846060271391,24.42822749939254,0 39.628460517039,24.42821326002537,0 39.62846043155105,24.42819905944566,0 39.62846032962548,24.42818206922045,0 39.62846026172389,24.42817077292027,0 39.6284601599075,24.42815387436961,0 39.6284630424102,24.4281453278569,0 39.62847175954431,24.42813376238828,0 39.62847757299589,24.42812793235376,0 39.62848040605535,24.4281165667766,0 39.62847739296496,24.42810543714775,0 39.62847435124068,24.42808887272118,0 39.62847426990596,24.42807780315146,0 39.62847126069587,24.42806414190798,0 39.62847118298769,24.42805312376717,0 39.62847110508135,24.42804212853387,0 39.62847102719894,24.42803115603501,0 39.62847962789666,24.42801963506679,0 39.62848821907107,24.42801070771863,0 39.62849676241439,24.42799905712807,0 39.62849955726855,24.42799061265896,0 39.6285080158862,24.42797375398884,0 39.62851651494169,24.42796255826859,0 39.6285192924228,24.42795436601725,0 39.62852490591212,24.42794347026028,0 39.62853047903488,24.42792999924016,0 39.62853313656651,24.4279139026868,0 39.62853587930217,24.42790346410139,0 39.62854141595933,24.4278878423574,0 39.6285412973222,24.42787754958679,0 39.62854405818972,24.42786977585663,0 39.6285496416455,24.42785947595346,0 39.62855524775461,24.42785175360488,0 39.62856364245972,24.42784127392867,0 39.62857206997884,24.42783350473102,0 39.62858332589241,24.42782570050066,0 39.62859460525043,24.42782044396008,0 39.62860587254266,24.42781519270271,0 39.62861706962578,24.4278073041111,0 39.62862826586024,24.42780177022867,0 39.62863941272744,24.42779381173269,0 39.62865330233315,24.42778544165177,0 39.62866157190746,24.42777970970655,0 39.62867255379573,24.42777122017561,0 39.62868075232145,24.42776306451939,0 39.62869178602362,24.42775734763936,0 39.62869996250394,24.42774931675618,0 39.62871093551,24.4277412939872,0 39.62872196299742,24.42773582678917,0 39.62872999920774,24.42772301425822,0 39.62873525214483,24.42771042792657,0 39.62873493743227,24.4276980818037,0 39.62873740675516,24.42768568324964,0 39.62874271562562,24.42767569190805,0 39.62874234252383,24.42766100879233,0 39.6287419447687,24.42764405283767,0 39.62874161774266,24.42762959860385,0 39.62874123861587,24.4276171534819,0 39.6287410024956,24.42760967486342,0 39.62874068862057,24.42759971915674,0 39.62874031537608,24.42758737924287,0 39.62874834393666,24.42757748869436,0 39.62875657801823,24.42757494863407,0 39.62876749817321,24.42756993501464,0 39.62877856340801,24.42756981077909,0 39.62879239205445,24.42756965564208,0 39.62880948681062,24.42758414284071,0 39.62881804557424,24.42759139813573,0 39.62882661629755,24.4275986612598,0 39.62882705586313,24.42761094457353,0 39.62882482734558,24.42762579880144,0 39.62882241823082,24.42763797036306,0 39.62882012209571,24.4276527099305,0 39.62882036929737,24.42766010017088,0 39.62881520310442,24.42767249137707,0 39.62881297831315,24.42768761068284,0 39.62881055778651,24.42769771551514,0 39.6288025118229,24.42771002645443,0 39.62879437697906,24.42771988199505,0 39.62879200871305,24.42773474525693,0 39.6287866739967,24.42774469152361,0 39.62878703495091,24.4277548929222,0 39.62878746740368,24.42776757303047,0 39.6287937296563,24.42778543657014,0 39.62879691077944,24.42779566201803,0 39.62879759675222,24.42781382355073,0 39.6287979730932,24.4278241666282,0 39.62879825621489,24.42783193666651,0 39.62879875766639,24.42784501072715,0 39.62879941834634,24.4278587369724,0 39.62879698972748,24.42786708866233,0 39.62879767196848,24.4278809778983,0 39.62879817600125,24.42789196624517,0 39.62879877109638,24.42790557730972,0 39.62879370286395,24.42791948153835,0 39.6287886073203,24.42793339202612,0 39.62878341927769,24.42794703149882,0 39.62878107901241,24.42796061738235,0 39.6287787354792,24.42797428007879,0 39.62877942323611,24.4279909212962,0 39.6287769748489,24.42800197075936,0 39.62877760806366,24.42801847129073,0 39.62877792538577,24.42802674244471,0 39.62877877402865,24.42804886645005,0 39.62877952028304,24.42806830604547,0 39.62878026900766,24.42808782168789,0 39.62877778217502,24.42809902257723,0 39.62877264454512,24.42811847129747,0 39.62876437837557,24.42813249304887,0 39.62876767758694,24.42814355622077,0 39.62877975408648,24.42815449684155,0 39.62879477019752,24.42816536688775,0 39.62881567466473,24.42817618532115,0 39.62882456947164,24.42817884798082,0 39.62883628057259,24.42817865912771,0 39.62884783891685,24.42817551488647,0 39.62885913094505,24.42816672752915,0 39.62887027066455,24.42815515108731,0 39.62888151492582,24.42814641312016,0 39.62888969792309,24.42813496450362,0 39.62889786134959,24.42812354059741,0 39.6289031078239,24.42811221783726,0 39.62890544886225,24.42810099446056,0 39.62889906231786,24.42808754425851,0 39.62889267163297,24.42807405553551,0 39.62888641386125,24.42806331022222,0 39.62887996279811,24.42804957036883,0 39.62887649670513,24.4280383941959,0 39.62887879292153,24.42802712510878,0 39.62889015283384,24.4280240953779,0 39.62890412751733,24.42801560205115,0 39.62891838271764,24.42801269594106,0 39.62893247827653,24.42800703929782,0 39.62894655579429,24.42800139008298,0 39.62895502530138,24.42799855460678,0 39.6289660663941,24.42799026735743,0 39.62897438472037,24.42798477997928,0 39.62898220762883,24.42797111263034,0 39.62898709545345,24.42795737177511,0 39.62899483094007,24.42794366295478,0 39.62899988375685,24.42793279037496,0 39.6290047545201,24.42791921810744,0 39.62900708269717,24.42791108956171,0 39.62901495038899,24.42790026887944,0 39.62902300802611,24.4278922402501,0 39.62903106768519,24.42788426474275,0 39.62903911508474,24.42787630159444,0 39.62904414388707,24.42786572775641,0 39.629046149083,24.42785252898086,0 39.62904832596977,24.42784201590622,0 39.629047563831,24.42782905801223,0 39.62904657662574,24.4278133745093,0 39.62904591991142,24.42780294503994,0 39.62905683799042,24.42779759881289,0 39.62907681651767,24.42780025469977,0 39.62909133653488,24.42780553337246,0 39.62910870910358,24.42781083038811,0 39.62911739787705,24.42781347499242,0 39.62913177498765,24.42781614776991,0 39.62914642174853,24.42782159760132,0 39.62915551509569,24.42782947442202,0 39.6291733202378,24.42783996203663,0 39.62918813341473,24.42784787846035,0 39.62919972862232,24.42785055606076,0 39.62921091919254,24.42784797904523,0 39.62922801067003,24.42784805438577,0 39.62924219757676,24.42784801292651,0 39.62925349268219,24.42784788531899,0 39.62927043228487,24.42784769405107,0 39.62928736759011,24.42784750279023,0 39.62929870680941,24.42784746250152,0 39.62931169857843,24.42786364923487,0 39.62932133735337,24.42787447871552,0 39.62933128152036,24.4278880517805,0 39.6293381151109,24.42789894232748,0 39.62934783284847,24.42790986930437,0 39.62935470738327,24.42792081606308,0 39.62936504882957,24.42793728611879,0 39.62937570949292,24.42795655178838,0 39.62938551359685,24.42796758276634,0 39.62939238908089,24.42797851974625,0 39.6293926495499,24.4279812260673,0 39.62940603276684,24.42800022798974,0 39.62941622353365,24.42801642621854,0 39.62942614636548,24.42802989787178,0 39.6294331941757,24.4280434023396,0 39.62944652197846,24.42806227429707,0 39.62945591660771,24.42807027131811,0 39.62946267669634,24.42808100239392,0 39.62946920160788,24.42808905367457,0 39.62947866766407,24.4280971450309,0 39.62948235551875,24.42810531157674,0 39.62949242074986,24.4281189637957,0 39.62950250150465,24.42813264717003,0 39.62951294922352,24.42814922244009,0 39.62952199614261,24.42815196755822,0 39.62953484382312,24.42816304509708,0 39.62955123655647,24.42817971382004,0 39.62956151539746,24.42819365554829,0 39.62957505594986,24.42821042245579,0 39.62958536982798,24.42822440355283,0 39.6295892157266,24.42823281827615,0 39.62959947200508,24.42824670047698,0 39.6296032868069,24.42825506604205,0 39.62961093248147,24.42827183323266,0 39.62962146606933,24.42828615899271,0 39.62962581813029,24.42829773713886,0 39.62963310907179,24.42830927723879,0 39.62963746398724,24.42832087458413,0 39.62964498356954,24.42833513414707,0 39.62964655239177,24.42834941260836,0 39.62964812592847,24.42836372759387,0 39.62964671080771,24.42837806991046,0 39.62965125271728,24.42839241360745,0 39.62965791249756,24.4283982476757,0 39.62967482114171,24.42841559423803,0 39.62968479530067,24.42842428907461,0 39.62969510977715,24.42843589433719,0 39.62970576918508,24.42845041911107,0 39.62971250486903,24.42845633391604,0 39.62972293713652,24.42846810172335,0 39.62973645663356,24.4284799762473,0 39.62975011923621,24.42849205980119,0 39.62976132194359,24.4285074010199,0 39.62977559770768,24.42852280684445,0 39.62978296853525,24.42853206742601,0 39.62979078906665,24.42854443174998,0 39.62979950667807,24.42856302073217,0 39.62980476043378,24.4285785547895,0 39.62981003087754,24.42859413768233,0 39.62981572598684,24.42861283779904,0 39.62982052675938,24.42862529917954,0 39.62982214151012,24.42863757087705,0 39.62982597842269,24.42864365936607,0 39.62983714545342,24.42865894472265,0 39.62984174033126,24.42867110491336,0 39.62985258181561,24.42868343224027,0 39.62986619137913,24.42869282015284,0 39.62987725961626,24.4287079127412,0 39.62989093083549,24.42871979112405,0 39.62989777555027,24.42872573833714,0 39.62990522019409,24.4287375106597,0 39.62990670624185,24.42875207932972,0 39.62990815519409,24.42876661022166,0 39.62990930933757,24.42877824448042,0 39.62990770234092,24.42879533774851,0 39.62990916179245,24.42881485171426,0 39.6299102024401,24.42882880857902,0 39.62991497294943,24.42884136716061,0 39.62991984253659,24.42885409994431,0 39.62993683974658,24.42886383487339,0 39.62995303773048,24.42886731271066,0 39.62996293314059,24.42887066173135,0 39.62997874200259,24.42887102180842,0 39.6299926047998,24.42887816579561,0 39.6300022551948,24.42889593770008,0 39.63000809835867,24.42891016451837,0 39.63001077164605,24.42892435374133,0 39.63001659326913,24.42893858643242,0 39.63001921475831,24.42895275090474,0 39.63002866678218,24.42897028314148,0 39.63003477352663,24.42898752361927,0 39.63004031739381,24.42900137668097,0 39.63004473419178,24.42901090929488,0 39.63005222910785,24.42902029435761,0 39.63006011484374,24.42903281240346,0 39.63007123398662,24.42904542411926,0 39.63007970171282,24.42905888279089,0 39.63008871616039,24.42907574080453,0 39.63009669057498,24.42908588344973,0 39.63010604414553,24.42910329748583,0 39.63010953394349,24.42912411462648,0 39.63011182398291,24.42913796663366,0 39.63011197437417,24.42915866915738,0 39.63011367225348,24.42916907745742,0 39.63011651122944,24.42918647478786,0 39.63011881254989,24.42920047265572,0 39.63012101658872,24.42921433443389,0 39.63012285909335,24.4292276208956,0 39.63012414449521,24.4292374191007,0 39.63012668396383,24.42925702133741,0 39.63012469856496,24.42926681277893,0 39.63012398226832,24.42928646947045,0 39.63012653079773,24.42930621574284,0 39.63012780788509,24.42931611118615,0 39.63013321166551,24.4293326554315,0 39.63014147286862,24.42934596847525,0 39.63015271214478,24.4293562102642,0 39.63016739353478,24.42936672611506,0 39.63018460993515,24.42937340758333,0 39.63020839266598,24.4293801136132,0 39.63022203592867,24.42938365130083,0 39.63023864290175,24.42938666639912,0 39.63026214706365,24.42939284329801,0 39.6302792792228,24.42939927677095,0 39.63029315619505,24.42940572159506,0 39.63029860812541,24.42942217666101,0 39.63030105193246,24.4294391056201,0 39.63030369184342,24.42945636986873,0 39.63030637978028,24.42947375989814,0 39.63030663184373,24.42949522257272,0 39.63030629677485,24.42951317004438,0 39.6303059433288,24.42953113273417,0 39.63030439920967,24.42954192903451,0 39.63030463111637,24.42956360493328,0 39.63030559231363,24.42958923231352,0 39.63030745884524,24.42960029667763,0 39.63029202382883,24.42960761823596,0 39.63027990757723,24.42961496239023,0 39.63026716515707,24.42961861112036,0 39.6302550402981,24.4296260039272,0 39.63024685707821,24.42963714875694,0 39.63023870815687,24.42964840001758,0 39.63023134237493,24.42966377379084,0 39.63022461352297,24.42968304680666,0 39.63022459454567,24.4297024239422,0 39.63022457525197,24.4297218719267,0 39.63022791840812,24.42974137842977,0 39.6302272343869,24.42975704806259,0 39.63022992082337,24.42977275080007,0 39.63023329015616,24.42979244384963,0 39.63023599422601,24.42980825055749,0 39.63023993712508,24.42983180148386,0 39.63024249113131,24.42984739662345,0 39.63023816937309,24.42986289787332,0 39.630234243962,24.42988194216097,0 39.63023028513283,24.42990099441038,0 39.6302337435361,24.42992394812011,0 39.63023262491175,24.42993929376154,0 39.63023323964243,24.42996624560346,0 39.63023208419877,24.42998163732988,0 39.63023474554683,24.43000053075222,0 39.63023394660606,24.43001944358164,0 39.63023554880193,24.43003083889809,0 39.6302383224366,24.43005006016937,0 39.63024114627818,24.43006943672495,0 39.63024450600901,24.43009269969617,0 39.63024700511458,24.43011149685223,0 39.6302455425479,24.43012659716995,0 39.63024108573209,24.43014549718185,0 39.63024260703172,24.43015689800496,0 39.63023508943171,24.43017957352139,0 39.63022415101054,24.43017584490492,0 39.63021162585969,24.43016049600675,0 39.63019623462528,24.43014917843847,0 39.63018117780273,24.43014128444445,0 39.6301622270277,24.43012972090481,0 39.6301503518761,24.43011837771925,0 39.63014141720374,24.43010311511726,0 39.63012958187004,24.43009181515395,0 39.6301109497268,24.43008078610981,0 39.63009626840706,24.43007351845377,0 39.63008162284321,24.43006631091869,0 39.63006311529528,24.4300554496468,0 39.63004901502599,24.43005214152581,0 39.63003441759896,24.43004499243062,0 39.63001983601826,24.43003783055228,0 39.63000181628642,24.43003067449287,0 39.62998251199673,24.43001505594566,0 39.62996720766181,24.43000337798303,0 39.62994859506242,24.42999196770907,0 39.62993296480619,24.42997669673438,0 39.62992176865597,24.42996918838387,0 39.6299101097582,24.42995782769383,0 39.62989896125776,24.4299503784038,0 39.62988056998675,24.42993927563194,0 39.62986993368177,24.4299357280655,0 39.62984905556788,24.42993228662492,0 39.62983837649921,24.42992860308599,0 39.62981790821372,24.42992886062058,0 39.6298042610084,24.42992903215313,0 39.6297910402607,24.42993301694007,0 39.6297675662863,24.42993713337889,0 39.62975390619977,24.42993730576663,0 39.62974054536889,24.42994100512355,0 39.62971961188838,24.42994005379147,0 39.62969943550875,24.42994660679044,0 39.62968208278722,24.42994879334286,0 39.62967181093027,24.4299515800148,0 39.62965836186459,24.4299578075753,0 39.62964193287714,24.42996808357081,0 39.62962203944666,24.42997834784229,0 39.62961194209164,24.42998170602715,0 39.6295889587956,24.42999585620433,0 39.62957920032423,24.43000303901049,0 39.62955912611695,24.43001031069257,0 39.62955289280546,24.43001783816179,0 39.62953974468445,24.4300253355221,0 39.62952315717319,24.43003292214573,0 39.62951315937674,24.43003681364242,0 39.62949696659682,24.43004858058697,0 39.62948082718315,24.43006071439809,0 39.62946781031797,24.43006901211633,0 39.62945143487301,24.43007765837404,0 39.62943857366509,24.43008671943139,0 39.62942612320329,24.43010013397465,0 39.62940976052038,24.4301093428574,0 39.62939756393478,24.43012679132185,0 39.62938828283623,24.43013951227227,0 39.62937897986492,24.43015226293179,0 39.62936963044889,24.43016495822571,0 39.62936018453682,24.43017735402659,0 39.62935116110216,24.43019709958454,0 39.62934495194957,24.43020865574839,0 39.62933577334991,24.43022804429554,0 39.62932984129684,24.43024369176031,0 39.62931632618515,24.43025155034642,0 39.62930280433723,24.43025945819747,0 39.62928957782631,24.43027153154421,0 39.62926832015404,24.43027095231511,0 39.62925445134316,24.4302747232039,0 39.62924028267892,24.43027437229401,0 39.62922267351589,24.43027435662002,0 39.62920812085188,24.43026652971817,0 39.62919304252473,24.43025048722031,0 39.62918228716484,24.4302466739222,0 39.62917100718781,24.43023463423935,0 39.62916130884884,24.43024723112642,0 39.62917609123122,24.43025920269003,0 39.62919063007599,24.43026707107715,0 39.62920518318411,24.43027492729309,0 39.62920924067419,24.43028309682431,0 39.62919522181318,24.43028349505909,0 39.62918066027992,24.43027560560634,0 39.62916611639976,24.43026772633861,0 39.62914834490633,24.43026407031262,0 39.62913406837467,24.4302603076158,0 39.62911653183363,24.43026062222899,0 39.62910249963139,24.43026087327692,0 39.62908846553844,24.4302611243255,0 39.62907092091517,24.43026140931434,0 39.62905687780855,24.43026161962313,0 39.62903950671546,24.43026577372206,0 39.62902539564673,24.43026560978048,0 39.62901147860719,24.43026946174867,0 39.62899774255829,24.43027733667991,0 39.62898380608733,24.4302811952001,0 39.62897357491467,24.43028912493415,0 39.62897768959852,24.43030149015205,0 39.62898554882867,24.43031804792684,0 39.62899717686864,24.43033883006562,0 39.6290015343645,24.43035544647771,0 39.62900586758446,24.43037187317224,0 39.6290067069486,24.43039146414489,0 39.62900759184912,24.43041141001484,0 39.62900469418309,24.43042712362668,0 39.62900179038625,24.43044287162062,0 39.62899887967827,24.43045865414532,0 39.62899234485535,24.4304741821435,0 39.62898586785981,24.43049026132283,0 39.62897579437442,24.4305062861022,0 39.6289615585569,24.43051012305367,0 39.62894732769735,24.4305137095191,0 39.62895183692412,24.43053209517593,0 39.62895305445753,24.43055540292777,0 39.62895034652639,24.43057366379724,0 39.62893685692022,24.43058960408252,0 39.62891920557261,24.43059871327154,0 39.62890526373783,24.43061158260398,0 39.62889090559154,24.43061269965607,0 39.62887321012781,24.43062176328757,0 39.62886258035053,24.4306268500225,0 39.62885225932737,24.43064060132965,0 39.62885292105978,24.43065834453488,0 39.62885383961667,24.43068452673966,0 39.62885454939121,24.43070573727614,0 39.62885498222801,24.43071852706268,0 39.6288629575177,24.43073931359409,0 39.62886340030345,24.43075216664655,0 39.62884915087973,24.43076167213454,0 39.62883472305597,24.43076681214172,0 39.62882028032932,24.43077195687862,0 39.62880570537907,24.43077301693287,0 39.62878377933587,24.43077389004787,0 39.62876925923545,24.43077855543839,0 39.62875485039876,24.43078762844116,0 39.62874405280085,24.43079632125005,0 39.62873344991374,24.43081362000043,0 39.62872653896979,24.43083109027953,0 39.6287232745649,24.43084858777124,0 39.62871633789266,24.43086627779765,0 39.6287057042409,24.43088486675394,0 39.62869864525658,24.43089884767286,0 39.62868054524953,24.43091415497014,0 39.62867344679485,24.43092824381625,0 39.62866643279548,24.43094701875538,0 39.62865938905062,24.43096577606838,0 39.62865598654576,24.43098331220685,0 39.62865258895329,24.43100109939055,0 39.62864543240618,24.43101959114819,0 39.62863833122601,24.43103801461201,0 39.62863123461182,24.43106069482429,0 39.628624042162,24.43107897037383,0 39.62861683011226,24.43109729624904,0 39.62860959828112,24.43111567107844,0 39.62859093442509,24.43112565694021,0 39.62857594642975,24.43113094878271,0 39.62856089149629,24.4311317292236,0 39.62854205382866,24.43113242120642,0 39.62852699302995,24.43113341785484,0 39.62850817747636,24.43113498985169,0 39.62849310901286,24.43113653925976,0 39.6284780301017,24.43113808956995,0 39.62846294066882,24.43113964418113,0 39.62844784282894,24.43114069456228,0 39.62842896365086,24.431141682151,0 39.62840629459293,24.43114283813984,0 39.62839117854993,24.43113868073065,0 39.62837604534822,24.43113936566472,0 39.62836097363382,24.43112488469616,0 39.628345930552,24.43111037815637,0 39.62833090801385,24.43110085506315,0 39.62831594907254,24.43108556126835,0 39.62829723238584,24.43107511989876,0 39.62828610523276,24.43105985177202,0 39.62829009981373,24.43103459364089,0 39.62829410062322,24.43100582745243,0 39.62830176446622,24.43097891081409,0 39.62830186246618,24.4309653265995,0 39.62830199987858,24.43094682818891,0 39.62830218678679,24.43091974256162,0 39.62830602188357,24.43090188160043,0 39.62831725076272,24.43088413416541,0 39.62832842769841,24.43087087898403,0 39.62834327652062,24.43085767358006,0 39.62835814753457,24.43083074816419,0 39.62836556256769,24.43081274337698,0 39.62836559620325,24.43079927255258,0 39.6283656479197,24.43078124065108,0 39.62836570656323,24.43075863082505,0 39.62835473303237,24.43074957934313,0 39.6283364181368,24.43074939748912,0 39.62832176108503,24.4307494652316,0 39.62830706710758,24.43075433856852,0 39.62829235017531,24.43075935139954,0 39.6282776661136,24.43075992810203,0 39.62826311904871,24.43074719091068,0 39.62824487942158,24.43073904644057,0 39.62822311497054,24.43072221410468,0 39.62820493734183,24.43071392647823,0 39.6281867262467,24.4307096567154,0 39.6281722566216,24.43070097193776,0 39.62815773801992,24.43069645655404,0 39.62813949171996,24.4306963324643,0 39.62812489557328,24.43069623345188,0 39.62810310647875,24.43069167197259,0 39.6280812228642,24.43069152343415,0 39.6280703988928,24.43068699637051,0 39.6280448589505,24.43068707154729,0 39.6280265891968,24.43068733704916,0 39.62799346271655,24.4306964218622,0 39.62806650124875,24.43027457316557,0 39.62759354795578,24.43010797359964,0 39.62772976059343,24.42938692336597,0 39.62828662862646,24.42876117994737,0 39.62863254400224,24.42895633362559,0 39.628589524972,24.42883914887236,0 
						</coordinates>
					</LinearRing>
				</outerBoundaryIs>
			</Polygon>
		</Placemark>
		<Placemark id="5B2B5242C863E7DEE6624">
			<name>26</name>
			<styleUrl>#m_ylw-pushpin00</styleUrl>
			<Polygon>
				<tessellate>1</tessellate>
				<outerBoundaryIs>
					<LinearRing>
						<coordinates>
							39.62992446854696,24.42884180836851,0 39.62993647232285,24.42883901476913,0 39.62995144792382,24.42883625418107,0 39.62996055167461,24.42883051265585,0 39.62996669612749,24.42881986245578,0 39.62997282697332,24.42880926957217,0 39.62997898181644,24.42879847364813,0 39.62998810714857,24.42879001285392,0 39.62999726969663,24.42877884687331,0 39.6300034199938,24.42876792611004,0 39.63001257854715,24.42875661921841,0 39.63002167734465,24.42874800825841,0 39.63003076133693,24.42873941130159,0 39.63003981641028,24.42873093974353,0 39.63005185769587,24.42872211828003,0 39.63006385783369,24.42871819329095,0 39.63007583932207,24.42871190033845,0 39.63008780026667,24.42870561789004,0 39.63009968609168,24.4287022503196,0 39.63011153771591,24.42870150384757,0 39.63012634222665,24.42870051213209,0 39.63013816050435,24.42869995164673,0 39.63014993732253,24.42870223258374,0 39.63016467863017,24.42870177301241,0 39.63018234506256,24.42870151068344,0 39.63019410900754,24.42870158464191,0 39.63020587428631,24.42870165861025,0 39.63022058111497,24.42870179923055,0 39.6302323427833,24.42870209977133,0 39.63024410824211,24.42870240044707,0 39.63025881987772,24.4287027763372,0 39.63027059797522,24.42869987014714,0 39.63028531171069,24.42869942618641,0 39.63030001850633,24.42869898246459,0 39.63031471887329,24.42869853894545,0 39.63032942661849,24.42870092489379,0 39.63034119918178,24.42870575631177,0 39.63035297967304,24.42870843561413,0 39.63036479084604,24.42871401294244,0 39.63037952714153,24.42871438731602,0 39.63039135799377,24.42871995102328,0 39.63040317413709,24.42872280259383,0 39.63041794641789,24.42872568960814,0 39.63042679488662,24.42872579102985,0 39.63043862343444,24.4287285954183,0 39.63045046530885,24.42873146017552,0 39.63046528453939,24.42873457650764,0 39.63047716281785,24.42873766827385,0 39.6304890229026,24.42873818456535,0 39.63050387460238,24.42874130966308,0 39.63051576218496,24.42874425421117,0 39.63053350884397,24.42874442761519,0 39.63054536510499,24.42874471529315,0 39.63055732561529,24.42874804441083,0 39.63056930145915,24.42875139914474,0 39.63058426959834,24.42875488820979,0 39.63059636744786,24.42876117310197,0 39.63060840991052,24.42876468306827,0 39.63062336270055,24.42876546170724,0 39.63063550219592,24.42877169846684,0 39.63064755927112,24.42877505542167,0 39.63065966127973,24.42878092542725,0 39.63067177697761,24.4287868024716,0 39.63068389723819,24.42879263731825,0 39.63069589448343,24.42879546642891,0 39.63071074734431,24.42879537670852,0 39.63072262683055,24.42879528847892,0 39.63073461631869,24.42879803534159,0 39.6307466123457,24.42880078325552,0 39.63075848085457,24.42880063462532,0 39.63077047089919,24.42880333710472,0 39.63078271286398,24.42881173510406,0 39.63079187617279,24.4288173604686,0 39.63080123059848,24.42882602607321,0 39.63081345036254,24.42883185029534,0 39.63082553088864,24.42883475583423,0 39.63083761800483,24.42883766276859,0 39.63084987071737,24.42884349973346,0 39.63085365514986,24.42885816188781,0 39.63085459734956,24.42887574475197,0 39.63085506629069,24.42888454559384,0 39.63084970447198,24.42889635660162,0 39.63086104771626,24.4288844914212,0 39.63042695280259,24.42935139537702,0 39.63017931485564,24.42935629443172,0 39.62992446854696,24.42884180836851,0 
						</coordinates>
					</LinearRing>
				</outerBoundaryIs>
			</Polygon>
		</Placemark>
		<Placemark id="5C8257AE7F63E7DEE6624">
			<name>27</name>
			<styleUrl>#m_ylw-pushpin00</styleUrl>
			<Polygon>
				<tessellate>1</tessellate>
				<outerBoundaryIs>
					<LinearRing>
						<coordinates>
							39.62958935636875,24.43072119018122,0 39.62958473094219,24.43072110630883,0 39.62957863451874,24.43072253508667,0 39.62957246792553,24.43072242285086,0 39.62956636913034,24.43072385186245,0 39.62956026867316,24.43072528140424,0 39.62955744418593,24.43073139889183,0 39.62955139877376,24.43073437718227,0 39.62954528653982,24.43073581054951,0 39.6295392333754,24.43073879262315,0 39.62953311577913,24.4307402275452,0 39.62952699604209,24.43074166292528,0 39.6295208744275,24.4307430987716,0 39.6295147507657,24.43074453506739,0 39.62950862517071,24.43074597182564,0 39.62950254876841,24.43074896143127,0 39.62949651714207,24.43075350792654,0 39.62949362117302,24.43075967580153,0 39.62948752507627,24.43076266826402,0 39.62948136376513,24.43076399693263,0 39.62947360532676,24.43076370696129,0 39.62946744390409,24.43076503549547,0 39.62946128144854,24.43076636433598,0 39.62945515748869,24.43076925512726,0 39.62944900694335,24.43077072356374,0 39.62944607916875,24.43077710200271,0 39.62944624637348,24.43078353255965,0 39.62944170992184,24.43078824052187,0 39.62943712903324,24.43079135606049,0 39.62942936514364,24.43079122140768,0 39.6294231892129,24.43079271269966,0 39.6294170107907,24.43079420454767,0 39.62941083029779,24.43079569700713,0 39.62940464740728,24.43079719002307,0 39.62939843474746,24.43079710233788,0 39.62939385572758,24.43080185445875,0 39.62939706305682,24.43080818100377,0 39.62939873546006,24.43081596910933,0 39.62940197114915,24.43082378868088,0 39.62940206910198,24.43083003189851,0 39.62940060578281,24.43083627065307,0 39.62939438239651,24.43083777172314,0 39.62938657383317,24.43083769126468,0 39.6293787662921,24.43083761074253,0 39.62937095954965,24.43083753028422,0 39.62936466713917,24.43083275860089,0 39.62935841237796,24.4308311195669,0 39.62935213509054,24.43082635494697,0 39.62934589049397,24.43082471947181,0 39.62934117529678,24.4308184238618,0 39.62933647873714,24.43081369652491,0 39.6293333342873,24.43080744041051,0 39.62932864929087,24.43080267772303,0 39.62932397058462,24.4307978154325,0 39.62931929997207,24.43079296127748,0 39.62931308866386,24.43078806939904,0 39.62930843792299,24.43078478004318,0 39.6293037916297,24.43077988156233,0 39.62929915314922,24.43077498620335,0 39.62929452287995,24.43077009969243,0 39.62928990295029,24.43076362234126,0 39.62928837168521,24.43075720887899,0 39.62929145448781,24.43075247493488,0 39.62929146373879,24.43074293379908,0 39.62929147113661,24.43073500721772,0 39.62928994591388,24.43072865819766,0 39.62928995548867,24.43072077140734,0 39.62928996524414,24.43071290653039,0 39.62928997493307,24.43070506348721,0 39.62928998255036,24.43069880466393,0 39.62929151199653,24.4306925826094,0 39.62929607754209,24.4306879498468,0 39.6293021557775,24.43068333280652,0 39.62930974997717,24.43068186973126,0 39.62931125321892,24.43067564036468,0 39.62930669287978,24.43067091445343,0 39.62930516535569,24.43066313660847,0 39.62930515848125,24.43065849228985,0 39.62930514665001,24.43065078896004,0 39.62930362873388,24.4306446276038,0 39.62929759316989,24.43064148638978,0 39.62929156500856,24.43063832310737,0 39.62928705042084,24.43063518545247,0 39.62928405336715,24.43062900714034,0 39.62927955600193,24.43062435092732,0 39.62927507268572,24.4306181765939,0 39.62926908528996,24.43061506373132,0 39.62926311460897,24.43061044111985,0 39.6292586412789,24.43060732702367,0 39.62925267764737,24.43060419113981,0 39.62924672100383,24.43060107102577,0 39.62924078679567,24.43059646211162,0 39.62923633861886,24.43059338795332,0 39.62923042218538,24.4305887922546,0 39.62922451478111,24.43058423214249,0 39.62922010676778,24.43057969087269,0 39.62921572857507,24.43057365702215,0 39.62921284638738,24.43056764649897,0 39.62920994668207,24.4305631422958,0 39.62920559327267,24.43055714557476,0 39.6291997156592,24.43055412715078,0 39.62919384604608,24.43055109740313,0 39.62918795376254,24.43054955526649,0 39.62918055386314,24.43054948424766,0 39.62917463463126,24.4305494271232,0 39.62916723645131,24.43054935636375,0 39.62916131400634,24.43054933813951,0 39.62915542636045,24.4305478699744,0 39.62914958090801,24.430544927938,0 39.62914674050727,24.43054051305388,0 39.62914246668704,24.4305346469584,0 39.62914263102358,24.43052877735516,0 39.62914131981088,24.43052292841941,0 39.62914001133515,24.43051709178057,0 39.62913870570671,24.43051126744973,0 39.62913740266593,24.43050545533038,0 39.62913466358199,24.43049829677842,0 39.62913625210022,24.43049399527175,0 39.62914074057672,24.43049105799233,0 39.62914526270431,24.43048668881213,0 39.62914981505511,24.43048089452524,0 39.62915142936202,24.43047515269988,0 39.62914861452321,24.43047090910211,0 39.62914284034396,24.43046813646553,0 39.62913707117563,24.4304653663906,0 39.62913134935486,24.43046117615022,0 39.62912713886237,24.43045555240195,0 39.62912585304912,24.43044990059204,0 39.62912457001053,24.43044426003522,0 39.62912183391886,24.43043864997661,0 39.62911910320922,24.43043305094042,0 39.62911492517454,24.43042748187786,0 39.62911510936505,24.43042186665905,0 39.62911674286936,24.43041624415165,0 39.62911982159713,24.43041061447677,0 39.62912293745966,24.43040360316829,0 39.62912744719774,24.4303979815128,0 39.6291305042873,24.43039239006996,0 39.62913211319891,24.43038682832174,0 39.62913519960238,24.43037987869174,0 39.62913971699228,24.4303729249715,0 39.62914274735031,24.43036738221952,0 39.62914577174852,24.43036185089876,0 39.6291487896615,24.43035633111691,0 39.62915180302367,24.43035080811156,0 39.62915481859739,24.4303452439114,0 39.62915786545653,24.43033831186885,0 39.62916086667909,24.43033277526311,0 39.62916525240171,24.43032859606203,0 39.62916824359384,24.43032305451246,0 39.62917264919069,24.43031751400817,0 39.62917701113895,24.43031336049627,0 39.62917997934041,24.43030785610307,0 39.62918574351805,24.43030369642691,0 39.62919150142078,24.43029952504709,0 39.62919580757604,24.43029672356601,0 39.62920152251117,24.43029390734646,0 39.62920723003334,24.43029109482019,0 39.62921432018914,24.43028961744922,0 39.62921999357019,24.4302881570685,0 39.62922568162546,24.43028534609733,0 39.62923273077028,24.43028530313869,0 39.6292369898084,24.43028261499758,0 39.62924263564416,24.43028130785478,0 39.62924827828358,24.4302800109265,0 39.6292539307894,24.43027735315698,0 39.62925956733167,24.43027605995191,0 39.62926520125441,24.43027476729741,0 39.62927083287971,24.43027347514641,0 39.62927506314502,24.43027080634763,0 39.62928208925426,24.43027089241091,0 39.62928771683724,24.43026824320963,0 39.62929333757607,24.4302669537975,0 39.62929895620906,24.43026566493849,0 39.62930456824079,24.4302616653621,0 39.6293101790109,24.43026037886219,0 39.62931578752847,24.43025909296203,0 39.62932138670534,24.43025645500294,0 39.62932699747179,24.43025652251725,0 39.62933258897241,24.43025388691175,0 39.62934100818687,24.43025408759637,0 39.62934520794849,24.43025288286819,0 39.62935082529038,24.43025305547312,0 39.62935644498209,24.43025322806653,0 39.62936347296161,24.43025344388667,0 39.62937050409757,24.43025365978244,0 39.62937611096042,24.43025249747952,0 39.62938314683095,24.43025271322743,0 39.62938875368053,24.43025155063851,0 39.62939295197039,24.43025034513066,0 39.62939998831176,24.43025052630707,0 39.62940557999475,24.43024924580935,0 39.62941119405001,24.43024925807421,0 39.62941680843311,24.4302492703782,0 39.62942242313414,24.43024928262877,0 39.62942944166763,24.4302492979871,0 39.62943505677805,24.43024931028154,0 39.62944204156002,24.43024801712134,0 39.62944905917217,24.43024803240597,0 39.62945319254222,24.43024540500857,0 39.6294601629705,24.43024408386319,0 39.62946717602513,24.4302440994412,0 39.62947418932797,24.43024411502786,0 39.6294813446228,24.43024810292259,0 39.62948705000559,24.43025073324457,0 39.62949410993625,24.43025201645284,0 39.62950111813198,24.43025196173704,0 39.62950671237331,24.43025186999097,0 39.62951370360648,24.4302517551974,0 39.62951801703605,24.4302543659448,0 39.62951965637939,24.43025971043148,0 39.62951988168313,24.43026502567736,0 39.62952150018047,24.43027028758449,0 39.62952176660932,24.43027688741749,0 39.62952485414073,24.43028348917395,0 39.62952789404842,24.43028877903494,0 39.62953082830612,24.43029142066649,0 39.62953529151827,24.43029671833756,0 39.62954111968115,24.43030068577563,0 39.62954690008724,24.43030333878417,0 39.62955278910543,24.43030748251308,0 39.62955861659719,24.43031026228052,0 39.62956445099849,24.43031304538102,0 39.62957029247924,24.43031583182747,0 39.6295761481118,24.43031864584308,0 39.62958067049212,24.43032285421834,0 39.62958671328594,24.43032847723576,0 39.62959133616264,24.43033408837868,0 39.62959436955496,24.43033691185767,0 39.62959901035776,24.43034254328031,0 39.62960357138903,24.43034677741235,0 39.62960831220775,24.43035380653618,0 39.62961163244692,24.43036085567075,0 39.6296150547718,24.43036934141916,0 39.6296183019057,24.43037501479983,0 39.62962010826138,24.43038067708915,0 39.62962336124003,24.43038635437997,0 39.62963064777499,24.43038772097962,0 39.62963766900996,24.43038489524881,0 39.62964324196456,24.43038207216784,0 39.62965034716467,24.43038066322129,0 39.62965600851919,24.43037925458199,0 39.62966154029231,24.43037637028918,0 39.62966565456406,24.43037356356682,0 39.62966966493801,24.4303693637937,0 39.62967213348605,24.43036378329946,0 39.62967293606636,24.43035537297928,0 39.6296769189208,24.4303511860083,0 39.62968254708244,24.43034981109152,0 39.62968816199233,24.43034841124463,0 39.62969671468693,24.43034833040144,0 39.62970252184986,24.43034965525847,0 39.62970700930745,24.43035236492335,0 39.6297116901714,24.43035777587696,0 39.62971516165686,24.43036596254021,0 39.62971843359284,24.43037141975006,0 39.62972188376395,24.43037955381718,0 39.62972540590381,24.43038899048787,0 39.62972702814885,24.43039168298085,0 39.62973037269921,24.4303984346851,0 39.62972645118777,24.43040394321187,0 39.62972387918256,24.43040811276095,0 39.62972019242304,24.43041538046943,0 39.62971756627938,24.43041831992335,0 39.62971211103892,24.43042258653976,0 39.62970967977423,24.43042947570432,0 39.62971002285376,24.43043491638723,0 39.62971718317785,24.43043466068259,0 39.62972299735912,24.43043581708051,0 39.62972890156257,24.43043833525543,0 39.62973471747512,24.43043949195187,0 39.62974081012653,24.43044473885349,0 39.62974682449633,24.43044864469869,0 39.62975306245976,24.43045535590833,0 39.62975767611827,24.43045936893476,0 39.62976233697499,24.43046463058284,0 39.62976553634524,24.43046987804631,0 39.62976589695946,24.4304753061497,0 39.62976627032438,24.43048077163804,0 39.62976674234903,24.4304876261099,0 39.6297655876021,24.43049180272427,0 39.62976155114993,24.43049609791515,0 39.62975597447461,24.43049907843801,0 39.62974732357385,24.43049941883712,0 39.62974158993307,24.43049973731246,0 39.62973595756566,24.43050147617275,0 39.62972880087951,24.43050192904566,0 39.62972307120909,24.43050229158867,0 39.62971742354588,24.43050403704277,0 39.62971177886465,24.43050580863625,0 39.62970603772645,24.43050617870945,0 39.62970039024589,24.4305079774893,0 39.6296948513489,24.43051126092093,0 39.62968921942254,24.43051315139664,0 39.6296835805651,24.43051504435961,0 39.62967801505814,24.43051834098729,0 39.62967096503018,24.43052048554614,0 39.62966687065826,24.43052383667656,0 39.62967150347031,24.43052909952651,0 39.62967614108742,24.43053436797327,0 39.62968059936131,24.43053675969437,0 39.62968505812971,24.43053915180844,0 39.62969226912055,24.43053977601454,0 39.62969815128539,24.4305420115527,0 39.62970407397463,24.43054436405975,0 39.62970995116071,24.43054542577314,0 39.62971593129567,24.43054793981925,0 39.62972193043969,24.43055050067285,0 39.62972793197908,24.43055306251668,0 39.62973404835816,24.43055709090998,0 39.62974005626307,24.43055965581298,0 39.62974607743853,24.43056224915145,0 39.6297508472091,24.43056659970473,0 39.62975709697308,24.43057093219408,0 39.62976188984886,24.43057531740369,0 39.62976523956806,24.43057979585441,0 39.62976872565248,24.43058578432907,0 39.62977226720817,24.43059190593884,0 39.62977310380308,24.43059989754349,0 39.62977529710516,24.43060638374038,0 39.62977749659413,24.43061288905832,0 39.62977988269824,24.43062105226464,0 39.62977911010537,24.4306276375307,0 39.62977516529446,24.43063262850871,0 39.62977109952681,24.43063733764179,0 39.62976702552298,24.43064205518874,0 39.6297611693476,24.430643682084,0 39.62975550038202,24.43064702080999,0 39.62975018505068,24.43065375260028,0 39.62974618741938,24.43065881515922,0 39.62973941088992,24.43066581836131,0 39.62973540584792,24.43067095890438,0 39.62972989238198,24.43067616830376,0 39.62972450330766,24.43068300590703,0 39.62972045038283,24.430688148396,0 39.62971652380248,24.4306949265711,0 39.62971258505331,24.4307017253972,0 39.62971013164999,24.43070844594509,0 39.62970616935124,24.43071528312778,0 39.62970350098897,24.43072018314401,0 39.62969930614294,24.43072634207785,0 39.62969503543415,24.4307310763335,0 39.6296907574294,24.4307358183135,0 39.62968804753315,24.43074190883347,0 39.62968382848538,24.43074813332547,0 39.62968103502718,24.43075277915294,0 39.62967515090671,24.43075620590363,0 39.62967083635983,24.43076098089596,0 39.62966658340981,24.43076723693738,0 39.62966225357324,24.43077203012169,0 39.62965602502663,24.43076941614954,0 39.62965123232673,24.43076515573579,0 39.6296450459303,24.4307639059837,0 39.62963879507562,24.43076118106157,0 39.62963261037327,24.43075993167884,0 39.62962636371081,24.43075720821367,0 39.62962010492765,24.43075442181367,0 39.62961382558736,24.43075153592913,0 39.62960902107342,24.43074712424869,0 39.62960569165676,24.43074119276778,0 39.62960086574464,24.43073665133688,0 39.62959604456333,24.43073210533062,0 39.6295911905949,24.43072738640507,0 39.62958781441233,24.43072116226183,0 39.62958296641137,24.43071641296357,0 39.62957680478075,24.43071629889903,0 39.6295706444284,24.43071618471105,0 39.62958935636875,24.43072119018122,0 
						</coordinates>
					</LinearRing>
				</outerBoundaryIs>
			</Polygon>
		</Placemark>
		<Placemark id="5D6A214E5A13E7DEE6624">
			<name>28</name>
			<styleUrl>#m_ylw-pushpin00</styleUrl>
			<Polygon>
				<tessellate>1</tessellate>
				<outerBoundaryIs>
					<LinearRing>
						<coordinates>
							39.60443786751549,24.50107717265912,0 39.60500748792121,24.50134044544656,0 39.60463142159437,24.50360142491308,0 39.60418385941185,24.50339683835433,0 39.60443786751549,24.50107717265912,0 
						</coordinates>
					</LinearRing>
				</outerBoundaryIs>
			</Polygon>
		</Placemark>
		<Placemark id="5E5480D3C9F3E7DEE6624">
			<name>29</name>
			<styleUrl>#m_ylw-pushpin00</styleUrl>
			<Polygon>
				<tessellate>1</tessellate>
				<outerBoundaryIs>
					<LinearRing>
						<coordinates>
							39.60731419440987,24.50424847713634,0 39.60845112499749,24.50459815676625,0 39.6070875868522,24.50528371404985,0 39.60731419440987,24.50424847713634,0 
						</coordinates>
					</LinearRing>
				</outerBoundaryIs>
			</Polygon>
		</Placemark>
		<Placemark id="5FF5063790A3E7DEE6624">
			<name>30</name>
			<styleUrl>#m_ylw-pushpin00</styleUrl>
			<Polygon>
				<tessellate>1</tessellate>
				<outerBoundaryIs>
					<LinearRing>
						<coordinates>
							39.60625898298935,24.50479560435036,0 39.60514401925722,24.50477638247685,0 39.60528916202045,24.50378172692052,0 39.60636714301351,24.50403174274845,0 39.60625898298935,24.50479560435036,0 
						</coordinates>
					</LinearRing>
				</outerBoundaryIs>
			</Polygon>
		</Placemark>
		<Placemark id="601B5524C393E7DEE6624">
			<name>31</name>
			<styleUrl>#m_ylw-pushpin00</styleUrl>
			<Polygon>
				<tessellate>1</tessellate>
				<outerBoundaryIs>
					<LinearRing>
						<coordinates>
							39.60619202903143,24.50480791305447,0 39.60619998054258,24.50482511453444,0 39.60620104591591,24.50483795288443,0 39.6062061881148,24.50486015420852,0 39.60620848961339,24.50488697516003,0 39.60621035018748,24.50490903972431,0 39.60621511588178,24.50492657921561,0 39.60621699917071,24.50494877768759,0 39.60621851396032,24.50496663065845,0 39.60621343625954,24.50498482580424,0 39.60621523188565,24.50500660815004,0 39.60621380308577,24.505029307145,0 39.60621572143145,24.50505220652855,0 39.60621726219595,24.50507058289882,0 39.6062187120071,24.50508837548725,0 39.60622018309261,24.50510644677314,0 39.60621864863215,24.50512900522797,0 39.60620981867045,24.50514608507893,0 39.60620439835586,24.50516365738102,0 39.60619127368403,24.50517091688094,0 39.60617765629503,24.50517244447143,0 39.60615358227973,24.50517376635552,0 39.60613978900387,24.50517387110384,0 39.60612259615904,24.50517579471085,0 39.60610941915609,24.50518490709749,0 39.60611495805102,24.50521303628914,0 39.60612414374948,24.50524301728013,0 39.60613623353706,24.5052640947281,0 39.60614739251067,24.50527313776894,0 39.60616279378664,24.50529230768235,0 39.60618464066655,24.50530338239894,0 39.60619905810302,24.5053098237772,0 39.60621666584924,24.50531213614385,0 39.60623174121703,24.50532695754968,0 39.60624644528259,24.50533682688278,0 39.60626083663988,24.50534232623243,0 39.6062783006179,24.50534322213371,0 39.60629227497418,24.50534366236852,0 39.60630625190235,24.50534410236986,0 39.60632713076583,24.5053443023403,0 39.6063415880776,24.50534955923496,0 39.60635603182342,24.50535471733663,0 39.60637111543827,24.50536571979329,0 39.6063862170728,24.50537669520908,0 39.60639672528112,24.50537691240367,0 39.60641478420238,24.50538222033029,0 39.60643572459632,24.50538214532208,0 39.6064537196394,24.50538708122571,0 39.60647459316385,24.50538646557685,0 39.60649195438467,24.50538580341737,0 39.60650517270496,24.50537986247454,0 39.60652596644609,24.50537898762899,0 39.60653915079103,24.50537305038604,0 39.60655574097252,24.50536691261456,0 39.60657570708698,24.50536038758876,0 39.60658887993976,24.5053550113573,0 39.60660193445317,24.50534898769141,0 39.60661841304131,24.50534275121149,0 39.60662877252295,24.50534234845576,0 39.6066460134803,24.50534176122254,0 39.60666245242507,24.50533576079537,0 39.60667892122218,24.50533003340985,0 39.60668933631234,24.50533015303017,0 39.60670677891994,24.5053305319215,0 39.60672412065269,24.50533044192914,0 39.60674126537562,24.50532965913287,0 39.60675557910429,24.50533343069783,0 39.60677141606486,24.50534716886748,0 39.6067829662308,24.50535548178266,0 39.6067994329194,24.50537334805251,0 39.60681952674622,24.50539166562341,0 39.60682862628212,24.50540574566811,0 39.60684211286128,24.50542513712818,0 39.60684797364981,24.50544008627373,0 39.60685577385092,24.50546644311565,0 39.60685214974866,24.50548763728976,0 39.60684235324791,24.50549277702742,0 39.60682552108617,24.50549813529342,0 39.60680869357494,24.50550363997003,0 39.60678741051125,24.50550352337905,0 39.60678386311557,24.5055035036743,0 39.6067590465339,24.50550337899527,0 39.6067415738059,24.50550431934982,0 39.60673102329487,24.50550465571645,0 39.60671695410029,24.5055051038559,0 39.60669164253072,24.50550086342558,0 39.60667078218066,24.505502622223,0 39.60665686660293,24.5055037968708,0 39.60663589123433,24.50550513613273,0 39.60662190185073,24.50550602911356,0 39.60660847124429,24.50551169076242,0 39.60659507096678,24.50551753414749,0 39.60657813449511,24.50552357391982,0 39.6065610478205,24.50552901499667,0 39.60654031589752,24.50553411583212,0 39.60652363162423,24.50554393040314,0 39.6065063007057,24.50554854244037,0 39.60648835923529,24.50554785538792,0 39.60647432853864,24.50555109721698,0 39.60646025430299,24.50555411197283,0 39.60644662291241,24.50556171383539,0 39.60643209544872,24.50556023303022,0 39.60641524606123,24.5055720714792,0 39.60639757460925,24.50557497962701,0 39.60638409485951,24.50558399858066,0 39.60637030394416,24.50558923442694,0 39.60635612266669,24.50559006083757,0 39.60634235959565,24.50559568792971,0 39.60632502557459,24.50560152966071,0 39.60630764135812,24.50560724649109,0 39.60629126353127,24.50562428598507,0 39.60628099449595,24.50562998095015,0 39.60626401242108,24.50564139660959,0 39.606246495605,24.50564711352092,0 39.60623302268375,24.50565853968707,0 39.6062158971899,24.50566985438263,0 39.60620186053624,24.50567532041874,0 39.60618416416352,24.50568058836036,0 39.60616276889869,24.50568524847796,0 39.60614195351048,24.50569732434664,0 39.60611691358936,24.50570288520944,0 39.60609617040815,24.50571730609951,0 39.60607490176075,24.50572519190766,0 39.60605725588997,24.5057329105586,0 39.6060394449774,24.50573942673979,0 39.60602521512886,24.50574565475555,0 39.60601062043555,24.50574572474161,0 39.60599602579767,24.50574579398305,0 39.60598540114119,24.50575201472327,0 39.60596352301726,24.50575215007912,0 39.6059489275303,24.50575224120065,0 39.60593793483417,24.50575189214042,0 39.6059235342279,24.50575705600633,0 39.60590178230527,24.50576186814151,0 39.60588344420396,24.50576096633828,0 39.60586532927231,24.50576593290262,0 39.60585066122005,24.50576517452184,0 39.60583618884579,24.50577033547556,0 39.60582518594918,24.50576976569639,0 39.60581069118147,24.50577493185936,0 39.60579235925226,24.50577422151142,0 39.6057741933157,24.50577986573283,0 39.6057595348973,24.50577963986043,0 39.6057376829185,24.5057855544667,0 39.6057230232734,24.50578580469985,0 39.60569738411748,24.50578653558285,0 39.60567908111687,24.50578706513133,0 39.60566075800584,24.50578757927703,0 39.60563876455561,24.50578819648436,0 39.60562410001587,24.50578860861485,0 39.60560576574925,24.50578912329338,0 39.60559109650309,24.50578953479695,0 39.60557642339128,24.50579579783103,0 39.60556171550591,24.5058079400215,0 39.6055469630323,24.50582011938019,0 39.60553216191952,24.5058327642672,0 39.6055173539941,24.50583980128264,0 39.6054987048509,24.50585901508038,0 39.60547989817197,24.50588374469557,0 39.60546487073319,24.50589643251431,0 39.60544979604666,24.50590916124519,0 39.60543467283829,24.50592193021785,0 39.60541961090767,24.50592891518829,0 39.60540077494446,24.50593620525741,0 39.60538188216346,24.50594317441414,0 39.60536677765094,24.50595004238425,0 39.60534787927989,24.50595642916397,0 39.60532519646702,24.50596295472389,0 39.60530999438137,24.50596923308904,0 39.60528748358051,24.50596998929706,0 39.60527222640496,24.50597630807253,0 39.60526072478251,24.50598238915271,0 39.60523795310834,24.50598820000647,0 39.60522293007897,24.50598787899548,0 39.60520766762912,24.50599310936677,0 39.60518112614253,24.50599776381086,0 39.60515460094519,24.50600222607735,0 39.60513585490391,24.50600125001415,0 39.60512055334252,24.50600662123256,0 39.60509796851629,24.50600652011092,0 39.60507872044212,24.50601267232968,0 39.60505600404327,24.50601383906846,0 39.60504423879116,24.50602096507261,0 39.60503242522329,24.50602801539528,0 39.60501298401705,24.50603550071914,0 39.60500155568139,24.50603624149896,0 39.60498631372462,24.50603723056741,0 39.60496734955022,24.50603767273492,0 39.60494082970052,24.50603811401765,0 39.60492900501934,24.50604429453549,0 39.60491381159883,24.50604471176448,0 39.6048986156722,24.50604512894416,0 39.60487576894952,24.50604616590523,0 39.60484911793994,24.50604732512141,0 39.60482584581198,24.50605353082676,0 39.6048068975534,24.506053451772,0 39.60479125565438,24.50605895653788,0 39.60477560016066,24.50606437584744,0 39.60475671552968,24.50606382036676,0 39.60473731320733,24.50606882636898,0 39.60471413846206,24.50607351696343,0 39.60469847396133,24.50607864883421,0 39.60468334045576,24.50607824819939,0 39.60466811572367,24.50607853375414,0 39.60464904659303,24.50607886371807,0 39.6046376068972,24.50607908271811,0 39.60461086569263,24.50607989357765,0 39.60460890349628,24.50606301770883,0 39.60460818752283,24.50603493484785,0 39.60460332432672,24.50601123494133,0 39.60460300908095,24.50598137258955,0 39.60459825220332,24.50595769025541,0 39.60459726706213,24.50593409371383,0 39.60460072519513,24.50590471046593,0 39.60459675408553,24.505875179137,0 39.60459619710143,24.50584988048126,0 39.60459588701953,24.50582340690614,0 39.60459568300488,24.5057944905235,0 39.60459471363278,24.50577188236326,0 39.60459374888616,24.50574939707643,0 39.60458616680444,24.50572155137367,0 39.60458523115556,24.50569934054421,0 39.6045812644945,24.50567219408912,0 39.60458383880238,24.50565079519352,0 39.6045876501835,24.50561908995163,0 39.60458659259784,24.50559807077126,0 39.60457839541193,24.5055771233929,0 39.60456896006571,24.5055666638557,0 39.60455468752859,24.50556659408369,0 39.6045361744285,24.50557170883339,0 39.60451825331801,24.50557199510403,0 39.60450387314347,24.50557241387529,0 39.604485866113,24.50557302386255,0 39.60446795257062,24.5055732029372,0 39.6044500474341,24.50557334434201,0 39.60444156442416,24.50555743368702,0 39.60444028708016,24.50554128007887,0 39.60445124411628,24.50551438710123,0 39.6044542912946,24.50549303499088,0 39.60445939113671,24.50545667110195,0 39.60446350098395,24.50542687372699,0 39.60446894347909,24.50538726559408,0 39.604477213515,24.50537767392323,0 39.60449452521912,24.50537826397177,0 39.60451250788951,24.50537385561401,0 39.60452649857999,24.50537367573879,0 39.60454048804942,24.50537349593629,0 39.60455860073079,24.50536833762564,0 39.6045732054902,24.50536319376488,0 39.60458717928218,24.50536299023432,0 39.6046086898773,24.50535790395394,0 39.60462670960046,24.5053528377623,0 39.6046406420614,24.50535274515774,0 39.60465516894558,24.50534769324267,0 39.6046702384986,24.50533765094906,0 39.60468414742527,24.50533757810583,0 39.60470208484326,24.50533247062026,0 39.60471996376149,24.5053273807871,0 39.60473437271346,24.50532236579669,0 39.60474876414531,24.50531735704686,0 39.6047661003544,24.50531719388507,0 39.60477453320923,24.50530241868644,0 39.6047765209825,24.50528289279216,0 39.6047760654071,24.5052537233046,0 39.60477954366378,24.50521982187303,0 39.60478303978373,24.5051859540087,0 39.60477723732492,24.50517629695308,0 39.60475685143282,24.50517622702445,0 39.60473986366094,24.50517616896082,0 39.60472627426515,24.50517612232955,0 39.60471767311554,24.50516181294288,0 39.60470910430534,24.50514755629213,0 39.60470056209662,24.50513336726614,0 39.60469258404076,24.50511457469731,0 39.60468410267745,24.50510053032281,0 39.60467951179799,24.50508202437839,0 39.60469398305812,24.50507290381011,0 39.60470454949103,24.50506840998108,0 39.60472235368503,24.50505931582196,0 39.60473624441002,24.5050547696143,0 39.60475061566395,24.50504564524265,0 39.60476444850448,24.50504126255359,0 39.60478250351143,24.50502795457847,0 39.60478767605066,24.50501006464746,0 39.60479322148048,24.504988102468,0 39.60479542905544,24.50496629021831,0 39.60479806433997,24.50494021914377,0 39.60480069147888,24.50491429724223,0 39.60480619078659,24.5048926220046,0 39.60480885909944,24.50486658239694,0 39.60480740345945,24.50484914676458,0 39.6047953295524,24.50484021748663,0 39.60478281119902,24.50483569374868,0 39.60476982729687,24.50483555903462,0 39.60475733376965,24.50483104126219,0 39.60474485582991,24.504826529585,0 39.60473613374108,24.50481768954561,0 39.6047214749573,24.50480445300486,0 39.60470958582458,24.50479563285532,0 39.604697722671,24.50478682824482,0 39.60469606949503,24.5047738205071,0 39.60469815412308,24.50475659101705,0 39.60470120851895,24.5047311731633,0 39.60470373455595,24.50471017787286,0 39.6047057301254,24.50469349528868,0 39.60470720307173,24.50468100079815,0 39.60471066604514,24.50465206922455,0 39.60471263846736,24.50463570602,0 39.60471507354624,24.50461532317081,0 39.60471701205142,24.50459909946919,0 39.60472472895599,24.50458706149194,0 39.60473820329931,24.50457917055674,0 39.60474805915944,24.50457527237213,0 39.60476415953303,24.5045714609681,0 39.60478024353988,24.50456765289865,0 39.60479318645903,24.50456380808207,0 39.60480880421186,24.50456400285157,0 39.60481818693215,24.50456409313425,0 39.60483382676366,24.50456420013127,0 39.60484989829497,24.50456019241136,0 39.6048655605486,24.50456015729275,0 39.60487809052747,24.50456012955076,0 39.60489138096337,24.50455213842166,0 39.60490389662993,24.50455211054601,0 39.60489801489567,24.50454814939093,0 39.60488237909815,24.50454818419924,0 39.60486987010968,24.5045482125235,0 39.60487338673172,24.50454423487822,0 39.60488627099424,24.50454024073981,0 39.6049022631662,24.50453624419619,0 39.60491787275594,24.50453620970852,0 39.60493036079728,24.50453618184191,0 39.60494320170878,24.50453224189503,0 39.60495566354142,24.50453234170676,0 39.60496812573772,24.50453244103113,0 39.60498058897456,24.50453254078971,0 39.60499244097013,24.50454038456558,0 39.6049977465489,24.50455210319045,0 39.60500620706491,24.50456387587059,0 39.60501780388973,24.50457579344117,0 39.60502691197797,24.50457980179759,0 39.60504231660357,24.50458376788386,0 39.60505803715967,24.50458367033938,0 39.60507061271832,24.50458359240717,0 39.60508661045795,24.50457944470574,0 39.60509944841107,24.50457532110442,0 39.60511253489591,24.50456716647605,0 39.60512271476158,24.50455502733372,0 39.60512998591906,24.50453894409607,0 39.6051343690746,24.50451901426539,0 39.60513820153724,24.50450727163344,0 39.60514554997162,24.50448774177894,0 39.60515276353157,24.50447189582184,0 39.60516536898795,24.50446774671907,0 39.60517795923346,24.50446377563186,0 39.60519032479921,24.50446368086252,0 39.60520289407075,24.50445971431779,0 39.60521834045257,24.50445959570932,0 39.60522451939754,24.50445954847356,0 39.60619202903143,24.50480791305447,0 
						</coordinates>
					</LinearRing>
				</outerBoundaryIs>
			</Polygon>
		</Placemark>
		<Placemark id="615591A6C1E3E7DEE6624">
			<name>32</name>
			<styleUrl>#m_ylw-pushpin00</styleUrl>
			<Polygon>
				<tessellate>1</tessellate>
				<outerBoundaryIs>
					<LinearRing>
						<coordinates>
							39.60675681802934,24.50502953191192,0 39.60675215395138,24.5050423497001,0 39.60674749420603,24.50505536489179,0 39.60674331916847,24.50507194348977,0 39.60674481051826,24.50508216126872,0 39.60674638636349,24.50510756007988,0 39.60674471950384,24.50512613354217,0 39.60674529381572,24.50512995050191,0 39.60673192263487,24.5051462671845,0 39.60672846219862,24.50518558434056,0 39.60673076951691,24.50521831157443,0 39.60672846933321,24.50523524917736,0 39.60672153846991,24.50523478611634,0 39.60671274257661,24.5052375773153,0 39.60669931523164,24.50524006174362,0 39.60668831098111,24.50524336234838,0 39.60667683159423,24.50524301716609,0 39.60666581341663,24.50524636694555,0 39.60665434185326,24.50524608285675,0 39.60664062324051,24.50524598930576,0 39.60662919201009,24.50524591139287,0 39.60662008149441,24.50524607327355,0 39.60661101767509,24.50524652945453,0 39.60660421838338,24.50524687117897,0 39.60659015679754,24.50524346935139,0 39.60658109913786,24.50524392584291,0 39.60656932156436,24.50524041332316,0 39.60656253481712,24.5052407547056,0 39.60655035502115,24.505233179817,0 39.60653905634905,24.50523374862675,0 39.60652734381004,24.50523025344352,0 39.60651789096345,24.50522664614749,0 39.60650434690486,24.50522732476201,0 39.60649077323598,24.50522799546419,0 39.60647949804083,24.50522884556153,0 39.60646599758105,24.50523018933038,0 39.60645247572922,24.50523142677691,0 39.60644113460614,24.5052318804836,0 39.60643205949054,24.50523224370782,0 39.60642075669752,24.50523320458285,0 39.60640696910623,24.50523091489008,0 39.60639336626596,24.50523163612595,0 39.6063798287846,24.5052331715302,0 39.60637079643018,24.50523419567995,0 39.60635949772894,24.50523547697511,0 39.60634592710739,24.50523701578694,0 39.60633460827952,24.50523829939885,0 39.60632324039197,24.50523902981016,0 39.60631186601109,24.50523974432114,0 39.60630503894654,24.50524017334024,0 39.60628896016395,24.5052378026869,0 39.60628427263153,24.50523467153701,0 39.60628349531975,24.50521468258185,0 39.60628748222104,24.50520111867702,0 39.60628695226794,24.50518779639604,0 39.60628629682125,24.50517150773975,0 39.60628568214444,24.50515588349479,0 39.60628507112326,24.50514035975009,0 39.60628656630516,24.50512175183668,0 39.60628817286698,24.50510633933053,0 39.60628989358013,24.50509407738351,0 39.60628928139379,24.50507901443912,0 39.60629098961274,24.5050668924533,0 39.60629037737428,24.50505200030036,0 39.60629631272087,24.50503678864128,0 39.60630259588462,24.50503048480136,0 39.60631090388451,24.50502114625814,0 39.60631929711536,24.50501450382184,0 39.60632985304937,24.50500812845142,0 39.60634005106996,24.50499550284637,0 39.60635050872972,24.50498874407449,0 39.60635848295182,24.50497689651186,0 39.60636650233713,24.50496590684589,0 39.6063680277423,24.5049549276583,0 39.60637152611105,24.50494116409343,0 39.60637057366531,24.50492473878234,0 39.60636929700337,24.50490300430853,0 39.60636807613628,24.50488188820411,0 39.60636729306012,24.5048685795216,0 39.60636634735183,24.50485251796445,0 39.6063650906253,24.50483117153435,0 39.60636446110995,24.50482053502234,0 39.60636749754727,24.50480175142961,0 39.60637996226145,24.50480155285316,0 39.60639225811512,24.50479860125716,0 39.60640260466646,24.50479815933355,0 39.60641084721301,24.50479750884552,0 39.60641927265007,24.50479947462857,0 39.60643182032251,24.50480111943318,0 39.60644477772067,24.50480798675137,0 39.60645549883485,24.50481240938338,0 39.60646602399101,24.50481420795359,0 39.6064788390517,24.50481847410107,0 39.60649394040603,24.50482501503039,0 39.60650905639451,24.50483141951277,0 39.60652190214594,24.50483540802579,0 39.60653682502507,24.50483918426752,0 39.6065471223471,24.50483809631717,0 39.60655329675233,24.50483744366278,0 39.60656177824604,24.50483916463292,0 39.60656507501783,24.50485153748181,0 39.60656838862856,24.50486397396726,0 39.60656965349211,24.50487673577764,0 39.60657118026884,24.50489214013386,0 39.60657246001469,24.50490505146186,0 39.60657390527822,24.50492003463299,0 39.60657068044833,24.50493052986186,0 39.60656605568866,24.5049488899191,0 39.6065562324606,24.50495766797251,0 39.60654802418025,24.50496114734866,0 39.60654212355114,24.50496682949315,0 39.6065363990424,24.50497485237499,0 39.60653727188096,24.50498492970625,0 39.60654264416979,24.50499724954992,0 39.60654736796018,24.50500199381796,0 39.60655639859605,24.50500650963116,0 39.60656495339758,24.5050057985709,0 39.60657540527156,24.50500236764733,0 39.60658615683814,24.50500194970563,0 39.60659662162024,24.50499878614338,0 39.60660277804315,24.50499578933627,0 39.60661565886109,24.50499530074827,0 39.60662855139924,24.50499487155109,0 39.60663715702879,24.50499466502527,0 39.60664791267546,24.50499440681122,0 39.60665651615268,24.50499420004045,0 39.60666517008698,24.50499426157451,0 39.60667565070148,24.50499155689334,0 39.60668430376037,24.50499163463282,0 39.60669582450505,24.50499732420591,0 39.60670267514246,24.50500017214399,0 39.60671386680536,24.50500304246874,0 39.60672339649194,24.505009274505,0 39.60673254303801,24.50501254867449,0 39.60674170324496,24.50501582709586,0 39.60675047457532,24.50501623082185,0 39.60675971818326,24.50501982940243,0 39.60677111421882,24.50502323218559,0 39.60677328828644,24.50502322833243,0 39.60675681802934,24.50502953191192,0 
						</coordinates>
					</LinearRing>
				</outerBoundaryIs>
			</Polygon>
		</Placemark>
		<Placemark id="62EC2A1E1D03E7DEE6624">
			<name>33</name>
			<styleUrl>#m_ylw-pushpin00</styleUrl>
			<Polygon>
				<tessellate>1</tessellate>
				<outerBoundaryIs>
					<LinearRing>
						<coordinates>
							39.60446519006285,24.50596494584868,0 39.60445297487467,24.50597164178834,0 39.60444386375595,24.50597836234208,0 39.60443839571883,24.50599868691828,0 39.60442974274493,24.50601912763535,0 39.60441446353725,24.50603276666521,0 39.60440205564614,24.50603921840326,0 39.60438942296798,24.50603915017327,0 39.60437360843263,24.50603910443439,0 39.60436413544937,24.50603908600556,0 39.60434519023975,24.5060390481947,0 39.60432613190706,24.50603251301747,0 39.60431339014334,24.50602568990406,0 39.60428809748455,24.50601929476895,0 39.60427225881505,24.50601332945651,0 39.60425961157548,24.50600730788292,0 39.60424704679708,24.50600775439618,0 39.60422818452673,24.50600831396897,0 39.60420931929336,24.50600882851678,0 39.60419045604072,24.50600799655995,0 39.60417473576965,24.50600742835052,0 39.60415899625123,24.50601398796572,0 39.60414012232738,24.50601361908751,0 39.60412439905162,24.50601330488442,0 39.60411181998697,24.50601330253902,0 39.60409915301006,24.50601997447012,0 39.60408655374324,24.50602007908294,0 39.60406766804287,24.50602069201626,0 39.60405179108924,24.50602714816283,0 39.60403268034018,24.50603370382154,0 39.60401375005507,24.50603417685794,0 39.60399483493509,24.50603467822696,0 39.60397587808945,24.5060350591855,0 39.60396007498399,24.50603537415729,0 39.60395058271698,24.5060355073882,0 39.60393503926934,24.50602927824298,0 39.60391927189524,24.5060294040803,0 39.60390348156899,24.50602935086576,0 39.60389402136263,24.50602927232768,0 39.60388173268442,24.50602281184446,0 39.6038628323287,24.50602284210883,0 39.6038505677037,24.50601625132284,0 39.6038285866773,24.50601562228318,0 39.60381605689358,24.50601526854688,0 39.60380071194193,24.50600860402082,0 39.6037881684277,24.50600822016429,0 39.60377562599714,24.50600783617579,0 39.60375997946237,24.50600726985627,0 39.60374432697779,24.50600664775573,0 39.60372905691516,24.50599996283626,0 39.6037165514924,24.50599938108435,0 39.60370135254495,24.50599269383542,0 39.60368929908518,24.50598617575074,0 39.60368038766782,24.50597984710312,0 39.60366526401847,24.50597334006276,0 39.6036501856028,24.50596700073674,0 39.60363770383245,24.50596689310042,0 39.6036252224182,24.50596678516128,0 39.60361223198031,24.50597269598619,0 39.60359296243079,24.50597853398523,0 39.60357733680268,24.50597839895408,0 39.60355803913526,24.5059843793477,0 39.6035386522467,24.50599046818203,0 39.60352609318395,24.50599065240653,0 39.60351290705469,24.50599703912807,0 39.60349967580275,24.50600361379027,0 39.60348706911586,24.50600396516659,0 39.60347123807324,24.50600491138834,0 39.60345149425068,24.50601264447746,0 39.60343562419365,24.50601367712408,0 39.60341586084134,24.5060210951315,0 39.60340241352236,24.50602815760803,0 39.6033857899947,24.50603516407606,0 39.60337628216234,24.50603542614721,0 39.6033636031713,24.50603577511326,0 39.60334773319605,24.50603617960322,0 39.60333506931751,24.50603644004774,0 39.60332321678236,24.50603036972704,0 39.60331138368659,24.5060243151744,0 39.60330273480785,24.50601814451077,0 39.60329094804141,24.50601203918623,0 39.60327921953131,24.50600582271496,0 39.60326348951606,24.506005971022,0 39.6032517816759,24.50599982050718,0 39.60323292078044,24.50599999798649,0 39.60322034655867,24.50600011701886,0 39.60320149081566,24.50600022776976,0 39.60319299168241,24.50599401001052,0 39.60317729892724,24.50599404538483,0 39.60315848712184,24.50599410755387,0 39.60314279663587,24.50599417306185,0 39.6031280910456,24.50598799570513,0 39.60311655557958,24.5059817901397,0 39.60310090193416,24.50598181068043,0 39.60308940255273,24.5059756154212,0 39.60307479948064,24.50596943673563,0 39.60306022366066,24.50596326917589,0 39.6030477361904,24.50596328499065,0 39.6030363575775,24.50595696458501,0 39.60302501873998,24.50595056707304,0 39.60301482358991,24.50593790033241,0 39.60300777864386,24.50592521123034,0 39.60299773929042,24.50591230378049,0 39.60298774560963,24.50589942395323,0 39.60297237796879,24.5058990898617,0 39.60295705696765,24.50589858568844,0 39.60294482606562,24.50589807870898,0 39.60292950192952,24.50589741225655,0 39.60291732058738,24.50589680395062,0 39.60290209589139,24.5058960427652,0 39.60288687812955,24.50589528145617,0 39.60287592801135,24.5058885720506,0 39.60289012536526,24.50586376002058,0 39.60288788229881,24.50584446959607,0 39.60288663776547,24.50580598792105,0 39.6028874716399,24.50578712833861,0 39.60288658143801,24.50576207975003,0 39.60288679980929,24.50573169943786,0 39.6028885134312,24.50570856294765,0 39.6028928706731,24.50568672476977,0 39.60289550692028,24.50565892950854,0 39.60290106427092,24.50563144282495,0 39.6029065705997,24.50560422858918,0 39.60291383505987,24.50558278243538,0 39.60292394077246,24.50556160205513,0 39.60293479139973,24.5055511656257,0 39.60294762269297,24.50553045703771,0 39.60295838116188,24.50552012316773,0 39.60297204153771,24.50550972318344,0 39.60298357677136,24.50551004489715,0 39.6029980169136,24.50551038883086,0 39.60301245938963,24.50551073261242,0 39.60302304585856,24.50551623044856,0 39.60303268794413,24.50552697911367,0 39.60304427563719,24.50552725588423,0 39.60305781888653,24.5055328530489,0 39.60306848459675,24.50553839106949,0 39.6030734667206,24.50555973002619,0 39.60308233615615,24.50557595412331,0 39.60308350102549,24.50560297736522,0 39.60308560274989,24.50562485367165,0 39.60309067438614,24.50564695142568,0 39.60310148455014,24.50567019571326,0 39.6031143719248,24.50568210853717,0 39.6031282826754,24.50568818289588,0 39.60314419901866,24.5057002990682,0 39.60315613211387,24.50570054132948,0 39.60316806690797,24.50570078308147,0 39.60318188463049,24.50568926791241,0 39.6031965340152,24.50567208754265,0 39.60320513971317,24.5056550768089,0 39.60321156984342,24.50563275317549,0 39.60322802886926,24.50562187491098,0 39.60323770520382,24.50561649328353,0 39.60325032019367,24.5056111450997,0 39.60326507456525,24.50561125183399,0 39.60327392810584,24.50561131610237,0 39.60328200755139,24.50561681318266,0 39.60328246575268,24.50565521961286,0 39.6032822993159,24.50567743464858,0 39.60328209594496,24.50569994830134,0 39.60328484044717,24.50572306775531,0 39.60328532745144,24.50574084698477,0 39.60328414431083,24.50577057256216,0 39.60328466544183,24.50578844479861,0 39.60328952704118,24.50581891513155,0 39.60329784982252,24.50582495972295,0 39.60331485226263,24.50581240130067,0 39.60331818713989,24.5057879034363,0 39.60332973159286,24.50576975772054,0 39.60334950166423,24.50575774169461,0 39.6033593267945,24.50575189257652,0 39.60337215328325,24.50574604822596,0 39.60338568124799,24.50573441493631,0 39.6033984483906,24.50572860220318,0 39.60341489782076,24.50571702560832,0 39.60342751599173,24.5057112275362,0 39.60344398699872,24.50569965587968,0 39.60345364258585,24.50569391768251,0 39.60346623692261,24.50568823445973,0 39.60346874502977,24.50566591964138,0 39.60346826346484,24.50564377049658,0 39.60347198288601,24.50561081810953,0 39.60346916509889,24.50558363930287,0 39.60347100939057,24.50556743134145,0 39.60346636766362,24.5055567088835,0 39.6034816305762,24.50555129158089,0 39.60349218640323,24.5055352653431,0 39.6035044010531,24.50553005421189,0 39.60351954193828,24.50552515377143,0 39.60353750649217,24.50552036114235,0 39.60354622126703,24.50552052408417,0 39.60355831625218,24.50551571311819,0 39.60357041371822,24.50551092237222,0 39.60358054255007,24.5054961183918,0 39.60359109095906,24.50547641596555,0 39.60360354346514,24.50546674244169,0 39.60361506918942,24.50546695479128,0 39.60362991146445,24.50546228724547,0 39.60364185494423,24.50545757355678,0 39.60365666278277,24.50545286190843,0 39.60366818536146,24.50545293361506,0 39.60368258915091,24.50545302444965,0 39.60369699387221,24.50545311483111,0 39.60370563682916,24.50545316892554,0 39.60371611782839,24.50542870090019,0 39.60372043737535,24.50540920705728,0 39.6037275799851,24.50538983279355,0 39.60372938540993,24.50536539641947,0 39.60372832978298,24.50534135133198,0 39.60372337064672,24.50533200116185,0 39.60371274764108,24.50532276042668,0 39.60370180202511,24.50531822562792,0 39.60369049797131,24.50531837873135,0 39.60367636869938,24.50531867551704,0 39.60367070441486,24.50531885412493,0 39.60368278003425,24.50530913736146,0 39.60368752001473,24.50528566963423,0 39.60368905338946,24.50526685996959,0 39.60369095626901,24.50524351109215,0 39.60369281838548,24.50522047303443,0 39.60369540688841,24.50518849158256,0 39.60369695719657,24.50517002356333,0 39.60369929221323,24.50514159314886,0 39.60370084134064,24.50512292775401,0 39.60370311198007,24.50509551895095,0 39.60370459664136,24.5050774811195,0 39.6037033638212,24.50505961058755,0 39.60370251203114,24.50503740911212,0 39.60370239664506,24.50500660468737,0 39.60370421040265,24.50498486645409,0 39.60370298535802,24.50496765586888,0 39.60370478613942,24.50494624219004,0 39.60370427615635,24.50492084398462,0 39.6037037707105,24.50489567009231,0 39.6037029171958,24.50487486777129,0 39.60370208074711,24.50485418622122,0 39.60370314278064,24.50484180628057,0 39.60370227913136,24.50482124922592,0 39.6037037006367,24.50480482903351,0 39.60370550001466,24.50478433481969,0 39.60370692770401,24.50476793766785,0 39.60370872746491,24.50474736713577,0 39.60370577711691,24.50472291310864,0 39.60370503566876,24.50470264717336,0 39.60370683539523,24.50468245902954,0 39.60370866253011,24.50466226674056,0 39.60371472484688,24.50465042356096,0 39.6037276506896,24.50464624029705,0 39.60373016779514,24.50464618155732,0 39.60372009917391,24.5046464163897,0 39.60369959860358,24.50465081577212,0 39.60368698153363,24.50465122839963,0 39.60367434808958,24.50465171624264,0 39.60366171728618,24.50465220768859,0 39.6036549041522,24.50464471784107,0 39.60365894757106,24.5046291172457,0 39.60366547349938,24.50461352249673,0 39.60367518088024,24.50459042960892,0 39.60368692369778,24.5045712584491,0 39.60368797774407,24.50455999899458,0 39.60368691426454,24.50454509940465,0 39.60368091838667,24.5045304230238,0 39.60367538817061,24.50451159815282,0 39.60366954749185,24.50449653394197,0 39.60366374690651,24.50448151665127,0 39.6036551682096,24.50447027615252,0 39.60365391961693,24.50445896355886,0 39.60365105677267,24.50444015839738,0 39.60364541567974,24.50442520185717,0 39.60364222208107,24.50441024026868,0 39.60363547361457,24.50438431183965,0 39.60363151062153,24.50437699600901,0 39.60363404803996,24.50435451299889,0 39.60363457577388,24.5043286496741,0 39.60364015865694,24.50432105037329,0 39.60365005957436,24.50431698880677,0 39.60366262035448,24.50430954719018,0 39.60367478830203,24.50430575014252,0 39.60368692547432,24.50430200477046,0 39.60369667957288,24.50429834875303,0 39.60370641908433,24.50429469877921,0 39.60371345972853,24.50429463377432,0 39.60371513807959,24.50427707095515,0 39.60371413777605,24.50426316738591,0 39.60371081723423,24.5042493730102,0 39.60370551903021,24.50423235907532,0 39.6036978266226,24.50421626301808,0 39.60369475488876,24.50420030490557,0 39.60369338710581,24.50419080918903,0 39.60369233991995,24.50417823779311,0 39.60369159411809,24.50416261638829,0 39.60369054512596,24.50415019175868,0 39.60368980009346,24.504134808266,0 39.60369071228433,24.50412562737298,0 39.60368030863194,24.50411654208645,0 39.60367414703539,24.50411049945346,0 39.60366860894998,24.5040985476482,0 39.60366534702647,24.50408664823837,0 39.60366240339185,24.50407188390772,0 39.60365947868196,24.50405720755658,0 39.60365881121982,24.50404257493203,0 39.60365591235401,24.50402809102479,0 39.60365303135821,24.50401369347238,0 39.60364986049567,24.50400219904307,0 39.60364891340846,24.50399073030416,0 39.60364576447515,24.50397935734047,0 39.60364515413113,24.50396511305645,0 39.60364171794366,24.50395665453652,0 39.60363861591732,24.50394538849483,0 39.60363773236509,24.50393404540612,0 39.60363500179056,24.50391996014091,0 39.60363195768026,24.50390876310593,0 39.6036307690349,24.50390039024753,0 39.60362591624887,24.50388653093182,0 39.60362291715613,24.50387549294855,0 39.60361776981957,24.50386455777952,0 39.60361265021597,24.5038536819901,0 39.60360721868766,24.5038455706679,0 39.60361252705717,24.50383722518146,0 39.60362572311068,24.50383417138144,0 39.6036367762081,24.50383114013355,0 39.60365606469179,24.50383060285772,0 39.60366709833299,24.50382746129736,0 39.60367781196649,24.50382708204313,0 39.6036863811862,24.50382677845141,0 39.60368787040235,24.50381302656073,0 39.60368937047214,24.50379923885905,0 39.60368667030873,24.50378539426505,0 39.60368365882692,24.50377447932618,0 39.6036870030334,24.50376339307518,0 39.60368852478418,24.50374971893213,0 39.60368974847483,24.50373879074159,0 39.60368707364135,24.50372536217314,0 39.60369038799425,24.5037144368545,0 39.60369935562647,24.50370866836149,0 39.60371038373513,24.50370283471378,0 39.60371901078906,24.50369980278075,0 39.60372999694497,24.50369391385881,0 39.60373860373801,24.50369082093237,0 39.60374747371711,24.50368500759425,0 39.60375685875908,24.50367378614808,0 39.60376361584305,24.50366803941926,0 39.60377268698093,24.50365944627837,0 39.60377785360384,24.50364841502365,0 39.60378093788028,24.50363755196179,0 39.60378223936974,24.50362400110229,0 39.60378355376945,24.50361039864713,0 39.60378459932552,24.50359958010173,0 39.60378563962158,24.50358881711661,0 39.6037846670953,24.50357809642626,0 39.60378570170615,24.50356744492459,0 39.6037867309726,24.50355684832825,0 39.60378601958915,24.50354366499822,0 39.60378729689775,24.50353058000168,0 39.60378805927563,24.50352276885094,0 39.60378907153035,24.50351240046746,0 39.60379032951175,24.50349951392326,0 39.60379133016981,24.50348926346607,0 39.60379231681389,24.50347911866591,0 39.60379713297534,24.50346950918652,0 39.60379999223473,24.50345983994475,0 39.60380444052043,24.50345338592532,0 39.60381099291838,24.50344486346648,0 39.60380075926643,24.50342894056739,0 39.60479996668767,24.50367899401919,0 39.60465315690327,24.5047030221751,0 39.60446519006285,24.50596494584868,0 
						</coordinates>
					</LinearRing>
				</outerBoundaryIs>
			</Polygon>
		</Placemark>
		<Placemark id="638A4EA77C53E7DEE6624">
			<name>34</name>
			<styleUrl>#m_ylw-pushpin00</styleUrl>
			<Polygon>
				<tessellate>1</tessellate>
				<outerBoundaryIs>
					<LinearRing>
						<coordinates>
							39.60306249066932,24.50384700469317,0 39.60306403868477,24.50383949757747,0 39.6030642589432,24.5038263743857,0 39.60306588563248,24.50381333079692,0 39.60306609921673,24.5038003705277,0 39.60306770008757,24.50378774533867,0 39.603069233992,24.50377879713772,0 39.60306939807554,24.50376807708465,0 39.60307094481604,24.50375745580896,0 39.60307243231982,24.50375036593168,0 39.60307256149169,24.50374150912115,0 39.60307411293567,24.50372922074982,0 39.60307560456876,24.50372050919123,0 39.60307570007269,24.5037135499843,0 39.60307581896676,24.50370489350281,0 39.60307465956283,24.50369092316573,0 39.60307480879971,24.50368049634217,0 39.60307229273475,24.50366834855326,0 39.60307110917021,24.5036580366304,0 39.60306993371334,24.50364779329945,0 39.60306737687993,24.50364095660655,0 39.60306621787979,24.50363083992316,0 39.60306497945376,24.50362577992722,0 39.60306245222763,24.50361903638656,0 39.60306132132521,24.50360905013723,0 39.60306013151209,24.50360243022532,0 39.60305763372477,24.50359581010897,0 39.60305649113343,24.50358761895342,0 39.6030553549728,24.50357947233651,0 39.60305422482155,24.50357136979858,0 39.60305443461399,24.50356173787513,0 39.6030533489641,24.50355213984615,0 39.60305363038375,24.50353947456761,0 39.60305390944982,24.50352691655754,0 39.60305287330269,24.50351598805686,0 39.60305304856024,24.50350825044401,0 39.60305318815769,24.5035020895905,0 39.60305336184366,24.50349442466545,0 39.60305353446608,24.50348679974039,0 39.60305367205736,24.50348072835887,0 39.60305387739694,24.50347166842702,0 39.60305404746948,24.50346416145492,0 39.60305411528567,24.50346116951486,0 39.60305310064395,24.50345072116162,0 39.60305198971574,24.50344477378143,0 39.60305095407637,24.50343593881111,0 39.60305109096377,24.50343014759101,0 39.60304878538714,24.5034228852412,0 39.60304769059837,24.50341711853588,0 39.60304656299458,24.5034127925735,0 39.60304428468883,24.50340558220886,0 39.60304320712769,24.50339985439253,0 39.60304213395064,24.50339414970878,0 39.60303988184219,24.50338703356578,0 39.60303755832838,24.50338276622596,0 39.60303650232684,24.50337714209437,0 39.60303306231101,24.50337009920598,0 39.60303080765009,24.50336450044936,0 39.60302851715176,24.50336030344873,0 39.60302507114685,24.50335471886447,0 39.60302159155576,24.50335052717064,0 39.6030169183414,24.50334632369312,0 39.6030122071402,24.50334349612804,0 39.60300750605971,24.50334067479027,0 39.60300275784405,24.5033392179799,0 39.60299681553554,24.50333773884739,0 39.60298961773721,24.50333759439052,0 39.60298362075012,24.50333747383547,0 39.60297889248576,24.50333602081884,0 39.60297170244669,24.50333587833244,0 39.60296585987027,24.50333305343624,0 39.60296241990532,24.50333029951731,0 39.60295913946168,24.50332487616055,0 39.60295817922877,24.50332083548053,0 39.60295388862124,24.5033127582489,0 39.60295310067837,24.50330609164935,0 39.60295105210736,24.50330076703361,0 39.60295019327823,24.50329547513869,0 39.60294933758539,24.50329020350771,0 39.602948723117,24.50328108961936,0 39.60294794995144,24.50327462192406,0 39.60294718038893,24.50326818456041,0 39.6029464157728,24.50326177146407,0 39.60294999623635,24.50326053396096,0 39.60295590654379,24.50325931881428,0 39.60296173923306,24.50325937604629,0 39.60296764338872,24.50325815772931,0 39.60297464164986,24.50325821701784,0 39.60297930828593,24.50325825635784,0 39.6029863145758,24.50325825259658,0 39.60299098555057,24.5032582501548,0 39.60299799191228,24.50325824642407,0 39.60300266304604,24.50325824401033,0 39.60300733371365,24.50325824718415,0 39.60301317125686,24.50325825792207,0 39.60301891516805,24.50326082332649,0 39.60302579535209,24.50326467721067,0 39.60303043489128,24.50326596856668,0 39.60303499878908,24.50326984420144,0 39.60303965200141,24.50327113876716,0 39.60304427360904,24.50327373400768,0 39.6030523986155,24.50327763561902,0 39.60305819160124,24.50328154976329,0 39.60306287589217,24.50328285553272,0 39.60306874383576,24.50328416193671,0 39.60307579713405,24.50328546902007,0 39.60308285691232,24.50328677738475,0 39.60308875778558,24.50328677432415,0 39.60309229814394,24.50328677667478,0 39.60309937680306,24.50328680755268,0 39.60310645226302,24.50328808173224,0 39.6031123561317,24.50328807822518,0 39.60311707919993,24.503288075458,0 39.60312534809702,24.50328939727767,0 39.60313007882812,24.50329073114546,0 39.60313599681982,24.5032920655357,0 39.6031431031063,24.50329335199791,0 39.60314903201808,24.50329463342183,0 39.60315616850504,24.50329724717654,0 39.60316213298791,24.50329987775579,0 39.60316927073878,24.50330115319596,0 39.60317644335392,24.50330377927702,0 39.60318362611077,24.50330632652653,0 39.60319082093079,24.50330887281158,0 39.60319683932283,24.50331144938346,0 39.60320520644495,24.50331262399791,0 39.60321124593781,24.50331522837215,0 39.60321725748783,24.50331660113428,0 39.60322452235084,24.50331935169793,0 39.60323054991877,24.50332072879418,0 39.60323532932788,24.50332072826379,0 39.60324136569994,24.50332210683505,0 39.60324860329321,24.50332346702891,0 39.60325703381419,24.50332472765281,0 39.60326427485165,24.50332601950481,0 39.60327384046444,24.50332591556441,0 39.60327870501742,24.5033272547204,0 39.60328348953978,24.50332720263001,0 39.60328964526601,24.50332992366482,0 39.60329572215044,24.50333125364098,0 39.60330171048253,24.50333118834639,0 39.60330669444897,24.50333393044172,0 39.60331278746041,24.50333526051192,0 39.60332128463943,24.50333655812331,0 39.60332618985612,24.50333790115042,0 39.60333470098239,24.50333920115438,0 39.60334081794916,24.50334053180736,0 39.60334694064555,24.5033418638096,0 39.60335306921288,24.50334319705613,0 39.6033580008009,24.50334454637466,0 39.60336401745132,24.50334448295825,0 39.60337003875985,24.50334446040217,0 39.60337485546351,24.50334444247925,0 39.60337967213257,24.5033444244134,0 39.60338702729271,24.50334576203888,0 39.60339318411856,24.50334710549856,0 39.60339814089293,24.50334845460909,0 39.60340324095228,24.50335117497166,0 39.60340955882305,24.50335389597015,0 39.6034158890186,24.50335662226479,0 39.60342223046858,24.50335935426609,0 39.60342980342341,24.50336211542359,0 39.60343876884447,24.50336629765747,0 39.60344654851886,24.5033705076968,0 39.60345296204777,24.5033733062209,0 39.60345939131349,24.50337612130635,0 39.60346704976988,24.50337891814335,0 39.6034731267092,24.50337883010454,0 39.60348063320455,24.50338026784975,0 39.60348546280487,24.5033800646574,0 39.60349150145813,24.5033798241782,0 39.60349875298123,24.50337956578145,0 39.60350257914835,24.50338088119317,0 39.60350983059154,24.50338062247327,0 39.60351587140809,24.50338040687446,0 39.60352191040311,24.50338019143522,0 39.60352915489987,24.50337993294109,0 39.60353519006536,24.5033797175865,0 39.60353881020733,24.50337958845847,0 39.60354604848391,24.50337933011811,0 39.60355351218186,24.50338051538645,0 39.60356218769359,24.50338165832902,0 39.60356820007289,24.50338138296928,0 39.60357554468334,24.50338216948007,0 39.60358054017273,24.50338322961283,0 39.60358771202166,24.50338278380539,0 39.60359273485277,24.50338391782811,0 39.60359797905566,24.50338640256808,0 39.60360158753834,24.5033862416302,0 39.60361022762471,24.50338721676964,0 39.60361503727277,24.50338700198373,0 39.60362270785038,24.50338938327615,0 39.6036289529467,24.50339046739441,0 39.60363520137787,24.50339155210832,0 39.60364169157217,24.50339399342012,0 39.6036467459634,24.50339513429126,0 39.6036535022866,24.50339896192267,0 39.60365964517862,24.50340579633935,0 39.60366556165886,24.5034112798668,0 39.60367052994248,24.50341818475033,0 39.60367553100587,24.50342514717358,0 39.60367905447698,24.50343074416685,0 39.60368409688459,24.50343776577866,0 39.60368819238721,24.50344624936608,0 39.60369079347356,24.50345336170093,0 39.60369317116022,24.5034591729489,0 39.60369639268437,24.50346861236194,0 39.60369896671027,24.50347492866689,0 39.60370066846254,24.50348297901198,0 39.60370238036127,24.5034910770916,0 39.60370444786516,24.50350085775555,0 39.60370653022032,24.50351070823051,0 39.60370757687217,24.50351565993701,0 39.60370932972595,24.50352395194424,0 39.60371073965418,24.50353062144429,0 39.60371411789905,24.50354058862198,0 39.60371554762275,24.50354733774718,0 39.60371734455579,24.50355581996357,0 39.60372077692129,24.50356596693664,0 39.60372260165491,24.50357456199264,0 39.60372406938868,24.50358147568646,0 39.60372755721051,24.50359180766872,0 39.60372994799255,24.5035969504921,0 39.60373171602374,24.50360545444265,0 39.60373313517682,24.50361228818702,0 39.60373326262028,24.50361922111069,0 39.60373208456904,24.50362624747743,0 39.60372957161522,24.5036332931919,0 39.60372664783094,24.50363852791751,0 39.60372538732832,24.50364548039532,0 39.60372246121823,24.50365079753052,0 39.603720204963,24.50365959237422,0 39.60371725564117,24.50366496013102,0 39.60371463433622,24.50367209180978,0 39.60371367039465,24.50368095649992,0 39.60371202222653,24.50368634509433,0 39.60371170455063,24.50369169641909,0 39.60371036672947,24.50369883684264,0 39.60370867813923,24.5037042173655,0 39.60370596846258,24.50371143782293,0 39.60370356030389,24.50372044119894,0 39.60370015184775,24.50372412502958,0 39.60369466706794,24.50373146757837,0 39.60369019669378,24.50373701055813,0 39.60368507636665,24.50373900141264,0 39.60367994895987,24.50374099489456,0 39.60367512635833,24.50374478072334,0 39.60367060097415,24.50375037192995,0 39.6036715323087,24.50375576326184,0 39.60367581763145,24.50376464771931,0 39.60367812545842,24.50377001278162,0 39.60368075557621,24.50377721264089,0 39.60368510539999,24.50378625005354,0 39.60368884540583,24.50379169285971,0 39.60369153982074,24.50379906131173,0 39.60369592098434,24.50380813643608,0 39.60369718299591,24.50381541347177,0 39.6037001661685,24.50382450519766,0 39.60370208845299,24.50383554918914,0 39.60370230598368,24.50384490140518,0 39.60369970251148,24.50385440453872,0 39.60369502329623,24.50386024133965,0 39.60369142265844,24.50386416045918,0 39.60368496085361,24.5038681300713,0 39.60367989204528,24.50387202833779,0 39.60367308959977,24.50387411914814,0 39.60366627815398,24.50387621254626,0 39.60366118212984,24.50388015227649,0 39.60365577670457,24.50388221102193,0 39.60365238485703,24.50388801709547,0 39.60365325849022,24.50389366444299,0 39.60365501056074,24.50390499249555,0 39.60365647937419,24.5039144892767,0 39.60365910331744,24.50392208020864,0 39.60366348460177,24.50393158204879,0 39.60366643886375,24.5039411803469,0 39.60366910091731,24.50394887956384,0 39.60367353134591,24.50395848639476,0 39.60367536274876,24.50397016667848,0 39.60367805694315,24.50397795236784,0 39.60367990023602,24.50398971412792,0 39.60368083104642,24.50399562296767,0 39.60368237987862,24.50400551590361,0 39.60368393204431,24.50401543982289,0 39.6036858060537,24.50402742102355,0 39.6036876946805,24.50403949699317,0 39.60369078089518,24.50404959049351,0 39.60369324730684,24.50405568439,0 39.60369487138701,24.50406596153611,0 39.6036980432225,24.50407636435663,0 39.60370156912924,24.50408892863361,0 39.60370444185898,24.50409735037195,0 39.60370766891234,24.50410793461403,0 39.60370903725189,24.50411645327156,0 39.60371229475128,24.50412714846359,0 39.60371368089987,24.50413575670019,0 39.60371198314709,24.50414442297994,0 39.60371183520186,24.50415315896773,0 39.60371169138056,24.50416194908386,0 39.60371154707612,24.50417078122208,0 39.60371296180585,24.50417964655824,0 39.60371509686551,24.50419302413922,0 39.60371652857862,24.50420199620297,0 39.60371868706116,24.5042155427224,0 39.60372053417952,24.50422699280755,0 39.60372248670262,24.50423890184138,0 39.60372454363208,24.50425124029334,0 39.60372620430866,24.50426119560664,0 39.6037246877099,24.50427125932356,0 39.60372476553265,24.50428136600104,0 39.60372323646244,24.50429154221852,0 39.60372331054913,24.50430176238075,0 39.60372338510022,24.50431203977547,0 39.60371818490414,24.50431986151984,0 39.60371256594069,24.50432520130823,0 39.60370650359322,24.50432790427987,0 39.60370044581501,24.50433066674225,0 39.60369439375835,24.50433349606492,0 39.6036879130953,24.5043336483865,0 39.60368143161627,24.50433380084488,0 39.60367332753726,24.50433398283449,0 39.60366724847239,24.50433681251981,0 39.60365913742734,24.50433699260721,0 39.60365304195327,24.50433982701212,0 39.60364695823615,24.50434282181911,0 39.60364049177739,24.50434313141004,0 39.60363277757497,24.50434617587175,0 39.6036282843985,24.50434905269309,0 39.6036218050064,24.50434937959598,0 39.60361570343238,24.50435246490587,0 39.60360959117062,24.50435555593691,0 39.60360147230092,24.50435596293372,0 39.60359530236294,24.50435886717521,0 39.6035887843879,24.50435910933765,0 39.6035826047795,24.50436205020983,0 39.60357445445982,24.50436238982867,0 39.60356824174421,24.50436524854441,0 39.60356002869805,24.50436530074312,0 39.60355540314627,24.50436794380208,0 39.60354882747311,24.50436798574948,0 39.60354090047019,24.50437065355065,0 39.60353625467155,24.5043733040605,0 39.60352637687368,24.5043733671898,0 39.60351814522097,24.50437341950676,0 39.60351347978816,24.50437607406132,0 39.60350361951998,24.5043762953477,0 39.60349731397877,24.50437911071133,0 39.60349099875095,24.50438193048267,0 39.60348277884889,24.50438219644882,0 39.60347452769088,24.50438226155956,0 39.60346816183621,24.50438489672469,0 39.60346155087154,24.50438491271767,0 39.60345493996378,24.50438492877156,0 39.60344667626124,24.50438494886411,0 39.60344028660387,24.50438758764752,0 39.60343388806771,24.50439023052937,0 39.60342581225044,24.50439278637787,0 39.6034175180186,24.50439269535349,0 39.60342000078157,24.50440320941438,0 39.60343040928443,24.50440859018325,0 39.60344040515987,24.50440870082429,0 39.6034472861604,24.50441134501466,0 39.60345394308602,24.50441132872116,0 39.60346059996892,24.50441131257325,0 39.60346892120446,24.50441129216672,0 39.60347582585485,24.50441393532826,0 39.60348107343558,24.50441658606882,0 39.60348988231819,24.50442164203267,0 39.60349705008768,24.50442675848488,0 39.60350259955361,24.50443212385288,0 39.60351011507485,24.5044402082982,0 39.60351738017532,24.50444560203274,0 39.60352298559629,24.50445102230693,0 39.60352860681198,24.50445645744148,0 39.60353791134702,24.50446463370854,0 39.60354387617943,24.50447286685676,0 39.60354989485865,24.50448129687388,0 39.60355764241814,24.50448978792075,0 39.60355999484161,24.504495475107,0 39.60356642036093,24.50450689698119,0 39.60357322165288,24.50452127232505,0 39.60357936941629,24.5045298877731,0 39.60357519052706,24.50453831652039,0 39.60356896232211,24.50454405136597,0 39.6035644339641,24.50454974254471,0 39.60355611968204,24.50455257872727,0 39.60354921193181,24.50455257437868,0 39.60354290607545,24.50455824003303,0 39.60353628512532,24.50456107680684,0 39.60352936279559,24.5045610728774,0 39.60352244056926,24.50456106877312,0 39.60351378797658,24.5045610635875,0 39.60350686586907,24.50456105941662,0 39.60350167437516,24.50456105626792,0 39.60349302195923,24.50456105138771,0 39.60348610013294,24.50456104715363,0 39.60347944055401,24.50456388635186,0 39.60347251374829,24.50456388200286,0 39.60346558689083,24.50456387776714,0 39.60345692842444,24.50456387283491,0 39.60344827013916,24.50456386775227,0 39.60343788000954,24.50456383405902,0 39.60342921865673,24.50456378365955,0 39.60342055787236,24.50456373232041,0 39.60341189713761,24.5045636814522,0 39.60340495473202,24.50456355952624,0 39.6033945253085,24.50456315207213,0 39.60338757742647,24.50456291621454,0 39.60338063481436,24.50456271777701,0 39.60337369359025,24.50456251906141,0 39.60336329702928,24.50456225093724,0 39.60335636057756,24.50456208341652,0 39.60334942587569,24.50456191624585,0 39.60334231636939,24.50455870776678,0 39.60333487980424,24.50454944715858,0 39.60332764258216,24.50454324346163,0 39.60332042005474,24.50453706593963,0 39.60331323216742,24.5045309267051,0 39.60330763148382,24.50452192212907,0 39.60330207206867,24.50451303521794,0 39.60329640271115,24.50450126282367,0 39.60329080272405,24.50449003805963,0 39.60328352843258,24.50447883647778,0 39.60327799058289,24.5044676665596,0 39.60327081292989,24.50445659749142,0 39.60326550253763,24.50444923112252,0 39.60326012285172,24.50443938527531,0 39.6032547626461,24.5044295522199,0 39.60324942289763,24.50441956298057,0 39.60324418872158,24.50441214090455,0 39.60324054906928,24.50440189454377,0 39.60323360880476,24.50439169091935,0 39.60323015248119,24.50438660921774,0 39.6032266342559,24.50437899472022,0 39.60321970544621,24.50436638131911,0 39.60321458518068,24.50435886304105,0 39.60320773245061,24.50434636594508,0 39.60320102786385,24.50433887711046,0 39.60319592877756,24.50432892304601,0 39.60319257607043,24.50432396896633,0 39.60318281780495,24.50432400667126,0 39.60317634759788,24.50432647898534,0 39.60316990167249,24.50433139767359,0 39.60316341006711,24.50433382416704,0 39.60315859410223,24.50434129219485,0 39.60315539681467,24.5043488089574,0 39.6031505460275,24.50435633602259,0 39.60314569341413,24.50436643784951,0 39.60314081522556,24.50437659313071,0 39.60313587866358,24.50437907574592,0 39.60312762822528,24.50437891179733,0 39.60312102906398,24.50437878070618,0 39.60311278094726,24.5043786166475,0 39.60310453097811,24.50437876391822,0 39.60309792912641,24.50437900108593,0 39.60308802403955,24.50437935711624,0 39.60308141897572,24.50437959442489,0 39.60307481272787,24.50437983195818,0 39.60306820524536,24.5043800693442,0 39.60305998466092,24.50437776595728,0 39.60305017067557,24.50437293070224,0 39.60304367002409,24.50436799057542,0 39.60303719373067,24.5043630278327,0 39.60303408729996,24.50435543541504,0 39.6030294598506,24.50434298122272,0 39.60302324060761,24.5043304745636,0 39.60301711334332,24.50431588197467,0 39.60301250943784,24.50430617589496,0 39.60300794269865,24.50429637275619,0 39.60300339306598,24.50428675804293,0 39.60299725542986,24.50427727554315,0 39.60298979680107,24.5042606297712,0 39.60298542354091,24.50424878362436,0 39.60298249359857,24.50424172785306,0 39.60297966591087,24.50423230827299,0 39.60297834931857,24.50422523445999,0 39.60297713167778,24.50421578870809,0 39.60297443671834,24.50420406909223,0 39.60297175874326,24.50419242429495,0 39.60297056665036,24.50418319695853,0 39.60296780957025,24.50417412004233,0 39.60296370316711,24.50416054111861,0 39.60296098385028,24.50415152625785,0 39.60295827462226,24.50414261074361,0 39.60295557259838,24.50413380541762,0 39.60295298502636,24.50412283993997,0 39.60294887421784,24.50411197721567,0 39.60294632858209,24.50410107415952,0 39.60294237990252,24.50408805471831,0 39.60294128824412,24.50407939468554,0 39.60293727233731,24.50406862853287,0 39.60293491854559,24.50405568597922,0 39.60293363367128,24.50405140156942,0 39.6029299165348,24.50403648435672,0 39.60292749216934,24.50402590836035,0 39.6029266967747,24.50401326759651,0 39.60292567209626,24.5040048994393,0 39.60292465257348,24.50399657153124,0 39.60292363764395,24.50398828348555,0 39.60292274642703,24.50397797360036,0 39.60292026642465,24.50396974357159,0 39.60291928069304,24.50396148202131,0 39.60291682910524,24.50395328990372,0 39.60291304784638,24.50394311961449,0 39.60291062449556,24.50393501575755,0 39.60290967207897,24.50392692214694,0 39.60291018006936,24.50391883864418,0 39.60291213782162,24.50391076595419,0 39.60291686160097,24.50390467371409,0 39.60292277791097,24.50390256332989,0 39.60292867882329,24.50390053259352,0 39.60293456501025,24.50389865073009,0 39.60294044384013,24.50389669674529,0 39.60294765414525,24.50389674121516,0 39.60295352227644,24.50389478926899,0 39.60296072865012,24.50389483359691,0 39.60296659063101,24.50389288084475,0 39.60297235296222,24.50389290802624,0 39.6029781979889,24.50389099902602,0 39.60298691428557,24.50388912072674,0 39.60299425418319,24.50388530325567,0 39.60300156907015,24.50388164021354,0 39.60300886881518,24.5038779849595,0 39.6030160345485,24.50387818423912,0 39.6030232571261,24.50387645870536,0 39.60302898884618,24.50387661800098,0 39.60303620269754,24.50387489374058,0 39.6030420222905,24.50387121222388,0 39.60304644211323,24.50386558603408,0 39.60304518376139,24.50385791728682,0 39.60304393129384,24.50385028402765,0 39.60304126568217,24.50384264698422,0 39.60304560678774,24.50383899606732,0 39.60305123813097,24.50384103295197,0 39.60305691264485,24.50384118759269,0 39.6030598522543,24.50383562201621,0 39.60306002143599,24.50382626005393,0 39.60306159866477,24.50381694656717,0 39.60306310445853,24.50381138322826,0 39.6030632655219,24.50380210838622,0 39.60306338895724,24.50379485227784,0 39.6030649078898,24.50378766705651,0 39.60306639133319,24.50378230828625,0 39.60306249066932,24.50384700469317,0 
						</coordinates>
					</LinearRing>
				</outerBoundaryIs>
			</Polygon>
		</Placemark>
		<Placemark id="6438921459C3E7DEE6624">
			<name>35</name>
			<styleUrl>#m_ylw-pushpin00</styleUrl>
			<Polygon>
				<tessellate>1</tessellate>
				<outerBoundaryIs>
					<LinearRing>
						<coordinates>
							39.60764755502183,24.50077765300093,0 39.60790480948786,24.49895740116204,0 39.6089268581698,24.49906966410472,0 39.60886084404581,24.50092364273349,0 39.60764755502183,24.50077765300093,0 
						</coordinates>
					</LinearRing>
				</outerBoundaryIs>
			</Polygon>
		</Placemark>
		<Placemark id="65F5951F3F03E7DEE6624">
			<name>36</name>
			<styleUrl>#m_ylw-pushpin00</styleUrl>
			<Polygon>
				<tessellate>1</tessellate>
				<outerBoundaryIs>
					<LinearRing>
						<coordinates>
							39.60428932328459,24.4999578041429,0 39.60442524580282,24.49880273338935,0 39.605475970798,24.49890895664962,0 39.60533898783395,24.50009383418112,0 39.60428932328459,24.4999578041429,0 
						</coordinates>
					</LinearRing>
				</outerBoundaryIs>
			</Polygon>
		</Placemark>
		<Placemark id="66C4CC3056F3E7DEE6624">
			<name>37</name>
			<styleUrl>#m_ylw-pushpin00</styleUrl>
			<Polygon>
				<tessellate>1</tessellate>
				<outerBoundaryIs>
					<LinearRing>
						<coordinates>
							39.60429451635105,24.49940211547179,0 39.60325872132206,24.49932366550984,0 39.60317496198941,24.49841583804403,0 39.60426671177918,24.49846978651212,0 39.60429451635105,24.49940211547179,0 
						</coordinates>
					</LinearRing>
				</outerBoundaryIs>
			</Polygon>
		</Placemark>
		<Placemark id="67CCA71B3F63E7DEE6624">
			<name>38</name>
			<styleUrl>#m_ylw-pushpin00</styleUrl>
			<Polygon>
				<tessellate>1</tessellate>
				<outerBoundaryIs>
					<LinearRing>
						<coordinates>
							39.60381044919623,24.49965839929181,0 39.6038180387955,24.49965820335155,0 39.60383070069665,24.49965790794874,0 39.60384592075268,24.49965789717821,0 39.60385860447212,24.4996578864256,0 39.60387128781943,24.49965787571149,0 39.60388397661378,24.49965794207833,0 39.60389413361654,24.49965802577326,0 39.60390683160284,24.4996581301753,0 39.60391699077704,24.49965821392959,0 39.60392969018715,24.49965831710883,0 39.60394238980405,24.49965841779625,0 39.60395509018483,24.49965851848333,0 39.60396779140917,24.49965861950465,0 39.60398049390105,24.49965872049163,0 39.60399319703423,24.49965882106884,0 39.60400336254214,24.49965885603453,0 39.60401351688331,24.49965887032109,0 39.60402391171463,24.49966212080563,0 39.60403407100094,24.49966213521228,0 39.60404473108112,24.49966863114131,0 39.60405490021711,24.49966864542924,0 39.60407015338886,24.4996686670174,0 39.60408059033555,24.49967192707109,0 39.60409330771775,24.4996719450705,0 39.60410602596413,24.49967196311581,0 39.60411874342179,24.49967198093787,0 39.60412695578157,24.4996784927074,0 39.60413549070338,24.49968839729526,0 39.6041469699926,24.49970179826795,0 39.60415271284027,24.49970848952894,0 39.60416324349465,24.49971177384962,0 39.60417850495772,24.4997113257361,0 39.60418873919735,24.49971131666902,0 39.60419612529343,24.49970824123461,0 39.60420639751942,24.49970845026873,0 39.6042188725609,24.49970527778875,0 39.60422872982075,24.49970187755746,0 39.60423820882073,24.49969510583033,0 39.60424184001997,24.49968165579742,0 39.60424549347889,24.49966843525823,0 39.60424914688444,24.49965530839819,0 39.60425024493492,24.49964222761482,0 39.60425134170633,24.49962919734497,0 39.60425243447187,24.49961621828268,0 39.60425352280031,24.49960329006795,0 39.60425209331608,24.49959040649128,0 39.6042531778639,24.49957757887957,0 39.60425425849662,24.4995648013537,0 39.60425532559763,24.49955211123736,0 39.60425646122502,24.49953963264216,0 39.60425722920839,24.4995240821948,0 39.60425619650059,24.49951477067916,0 39.60425440505878,24.49949900306342,0 39.60425048567006,24.49948636615073,0 39.60424375467768,24.49947062540066,0 39.6042423398859,24.49945811980549,0 39.60425149017762,24.49945196267728,0 39.60426098225569,24.4994489245174,0 39.60427366522708,24.49945213414955,0 39.60428389824369,24.49945532978277,0 39.60429242769286,24.49946475520511,0 39.60430136586678,24.49947734690157,0 39.60431033483753,24.49948998532814,0 39.60431680309044,24.4995024204963,0 39.60432077596271,24.49951478759604,0 39.60432516144115,24.49953038689618,0 39.60432631177646,24.49953980117108,0 39.60432825284265,24.49955562189035,0 39.6043273268296,24.49956839810735,0 39.60432636026673,24.49958108670415,0 39.60432578288555,24.49959701606317,0 39.60432483706645,24.49960992057446,0 39.60432390787371,24.49962294654213,0 39.6043229778649,24.49963604270035,0 39.60431950295028,24.49964916615165,0 39.60431897596644,24.49966571480821,0 39.60431548372055,24.49967898411816,0 39.60431748231636,24.49969571699744,0 39.6043161313225,24.49970576755608,0 39.60431813821801,24.49972255781778,0 39.60431973006578,24.49973597090634,0 39.60432132814572,24.4997494381319,0 39.60432371821737,24.49976970164044,0 39.60432565265226,24.49978636509268,0 39.60432759655667,24.49980310911232,0 39.60432653781513,24.49981641433913,0 39.60432323701667,24.49983307355399,0 39.60432216736552,24.4998465526206,0 39.60432107575099,24.49986008787842,0 39.60431514758165,24.49987709256032,0 39.60431420786978,24.49989140874245,0 39.60431063974784,24.49990582109788,0 39.60430747390993,24.49992390581557,0 39.60430167013153,24.49994217778956,0 39.60429807205302,24.49995691469502,0 39.60429403138225,24.49996804537682,0 39.60428774721514,24.49998297106327,0 39.60428105784067,24.49999432520639,0 39.60427440968156,24.50000613484377,0 39.60426787926335,24.50001851878248,0 39.60426175769612,24.50003494193604,0 39.60425293635286,24.5000515567041,0 39.60424896497953,24.5000639686761,0 39.60424524836442,24.50007961102612,0 39.60423958794532,24.50010291600644,0 39.60423579780816,24.50011854256482,0 39.60423198553968,24.50013424280707,0 39.60422502732288,24.5001460963525,0 39.60421452211261,24.50015011894211,0 39.60420359824413,24.50015019404866,0 39.60418996319983,24.50015029739156,0 39.60417943054047,24.5001543253084,0 39.60416578728236,24.50015443191617,0 39.60415214392148,24.50015453566535,0 39.60413814747686,24.50015069496823,0 39.60412144045082,24.5001468791695,0 39.6041068086071,24.50013518802404,0 39.60409222647029,24.500123536599,0 39.60408072304135,24.50011580439512,0 39.60406924820268,24.50010808958996,0 39.60405779454413,24.50010039241704,0 39.60404666352786,24.50009659081171,0 39.60403527932942,24.5000890312806,0 39.60402367769878,24.50007799317211,0 39.60401237440586,24.50007072924215,0 39.60399814339771,24.5000597864924,0 39.60398958622774,24.50005252806934,0 39.6039754390392,24.50004171837466,0 39.60396421518377,24.5000343300855,0 39.60395325158672,24.50003071122928,0 39.60394229938402,24.50002709551021,0 39.6039286655362,24.50002352333109,0 39.60391773655774,24.50001991530527,0 39.60390414377662,24.5000163501899,0 39.60389323802444,24.50001274924393,0 39.60387967133263,24.50000919156891,0 39.6038739383306,24.50000177148374,0 39.60386537608608,24.49999061815805,0 39.60386991907263,24.49997540815476,0 39.60387729606253,24.49996389103248,0 39.60388176358862,24.4999485056772,0 39.60387802829015,24.49992910590623,0 39.6038749528879,24.49992131259929,0 39.60386882422014,24.49990578346928,0 39.60386272928131,24.49989035349251,0 39.60385423401966,24.49987873277441,0 39.60384557756866,24.49986337240047,0 39.60383715845735,24.49985189237371,0 39.6038289329693,24.49984427849698,0 39.60381813311457,24.49983660969407,0 39.60380720087723,24.4998252685067,0 39.60379617079165,24.49981044957293,0 39.60379068827499,24.49980322461525,0 39.60378509235956,24.49979275449925,0 39.60377938675373,24.49977893551564,0 39.60377114302033,24.4997655142285,0 39.60376286928646,24.49974937956414,0 39.60375740600637,24.49973972455366,0 39.60374929139697,24.49972691046387,0 39.60374131770636,24.49971755353675,0 39.60373337624011,24.4997083572117,0 39.60372536525674,24.49969604886331,0 39.60371755574172,24.4996900329016,0 39.60370712974501,24.49968098573808,0 39.60369672892247,24.49967196059033,0 39.60368635340606,24.49966295739995,0 39.60367346938212,24.49965405688899,0 39.60366314685493,24.49964509687921,0 39.6036654056685,24.49963230734108,0 39.60367536296391,24.49962553076891,0 39.6036852989295,24.49961876917464,0 39.60369790125808,24.49961822322933,0 39.60370796766245,24.49961771606854,0 39.60372306008676,24.49961695479415,0 39.60373311766926,24.4996164475406,0 39.60374318992906,24.49961613076533,0 39.60375577745486,24.49961579650966,0 39.60376365784266,24.49962498370847,0 39.60377408200061,24.4996341273792,0 39.60378453360516,24.49964329534656,0 39.60379501117944,24.49965248570178,0 39.60380538687635,24.49965853562789,0 39.6038180387955,24.49965820335155,0 39.60383084327823,24.49966109058714,0 39.60384607042076,24.49966107733522,0 39.60385622191808,24.49966106872073,0 39.60386891076963,24.49966105816457,0 39.60381044919623,24.49965839929181,0 
						</coordinates>
					</LinearRing>
				</outerBoundaryIs>
			</Polygon>
		</Placemark>
		<Placemark id="68CBFAE83103E7DEE6624">
			<name>39</name>
			<styleUrl>#m_ylw-pushpin00</styleUrl>
			<Polygon>
				<tessellate>1</tessellate>
				<outerBoundaryIs>
					<LinearRing>
						<coordinates>
							39.60316843009435,24.49779107628298,0 39.60318324761725,24.49778806478126,0 39.60319582673053,24.49778827573137,0 39.60320837390027,24.49778844360253,0 39.60321786437682,24.49778208744439,0 39.60322761601937,24.49777898025692,0 39.60323541844659,24.49778232193835,0 39.60322594293148,24.49778867877574,0 39.60322170659334,24.49779824552143,0 39.60321214547586,24.49780438570162,0 39.60320258579715,24.49781054201523,0 39.60318998674561,24.49781033222284,0 39.60318014117463,24.49781329129873,0 39.60316775652171,24.49781614177186,0 39.60316018873825,24.49781597567818,0 39.60315028627834,24.49781868872232,0 39.60314037625498,24.49782138551428,0 39.60313043479218,24.49782392126767,0 39.6031177521767,24.49782319808024,0 39.60310505913085,24.49782244609646,0 39.60309237661979,24.49782167286515,0 39.60307970032999,24.49782089955118,0 39.60306956393909,24.4978202811871,0 39.60305436706117,24.49781935457911,0 39.60304169098422,24.49781843541296,0 39.60303155241104,24.49781767176329,0 39.60301888622892,24.49781671771946,0 39.60300624692483,24.49781585845783,0 39.60299362493986,24.49781521822478,0 39.60298605711061,24.4978148243077,0 39.60297799445559,24.49780281275724,0 39.60296966833383,24.497784611937,0 39.60296136200016,24.49776633767035,0 39.60295585687476,24.49775427868436,0 39.60295283896008,24.49774215485562,0 39.60294485815698,24.49772994305865,0 39.60294186976077,24.49771789140712,0 39.60293642189887,24.49770591028022,0 39.6029285197147,24.49769392902019,0 39.60292544081788,24.49767895886303,0 39.60292003275131,24.49766696061194,0 39.60291466240093,24.49765507505562,0 39.60291172559928,24.49764324412669,0 39.60290884305758,24.4976315544619,0 39.60290587357804,24.49761721088608,0 39.6029029154645,24.49760292392602,0 39.60290027285449,24.49759723903302,0 39.60289986004948,24.49758583705919,0 39.60289459519139,24.49757452617365,0 39.6028941915751,24.49756319216873,0 39.60288894971567,24.4975518715326,0 39.60288588802287,24.49753455690491,0 39.60288055850306,24.49752018461554,0 39.60287763694617,24.49750575599485,0 39.60287232979741,24.49749143220714,0 39.60286953529373,24.49747998668173,0 39.602866849279,24.49747145604586,0 39.6028640747763,24.49746011346955,0 39.602861204607,24.49744581622562,0 39.60285832332059,24.4974313434099,0 39.6028531806238,24.49741987811923,0 39.6028504232804,24.49740839409882,0 39.6028452174758,24.49739413597645,0 39.60284248436268,24.49738273928297,0 39.60283976017524,24.49737138033575,0 39.6028345842212,24.49735702190017,0 39.6028317702581,24.49734257157586,0 39.60282905918515,24.4973310543394,0 39.60282392780263,24.4973167031993,0 39.60282124132681,24.49730527811196,0 39.60281856449182,24.49729389353984,0 39.60281356835757,24.49728253327926,0 39.60280860680604,24.49727145630676,0 39.60280365634756,24.49726035060622,0 39.60279638382897,24.49724890398723,0 39.60279145669083,24.49723762421039,0 39.6027841689574,24.49722356689161,0 39.60277704381784,24.49721507741566,0 39.60276987648725,24.49720386519655,0 39.60276503346383,24.49719276365833,0 39.60276020729462,24.49718170158658,0 39.60275540866109,24.49717083947168,0 39.60275058183987,24.49715754776178,0 39.60274582308747,24.49714700925863,0 39.6027433623316,24.49713662945084,0 39.60273624119848,24.4971184710738,0 39.6027314165995,24.49710044755101,0 39.60272903684874,24.49709281506518,0 39.60272432904557,24.49708012878456,0 39.6027219649636,24.49707256245273,0 39.60271957186814,24.49706250972518,0 39.60271714958572,24.4970499626302,0 39.60271473690201,24.4970374460259,0 39.60271236553888,24.49702746231053,0 39.60271000272486,24.49701756338917,0 39.60270985034731,24.49700532019085,0 39.60270969948009,24.4969931226703,0 39.60270735727476,24.49698346733548,0 39.60270724235667,24.49697384612911,0 39.60270269218603,24.49696423729452,0 39.60270034351157,24.49695227464199,0 39.60269802808278,24.49694273297805,0 39.60269567988349,24.49692883755707,0 39.60269338961993,24.49691977305788,0 39.60269110295479,24.49691071896665,0 39.60268881105166,24.49690120133845,0 39.60268872003573,24.49689168554923,0 39.60268643820763,24.49688222202758,0 39.60268416630526,24.49687291748349,0 39.60268408713411,24.49686369678667,0 39.60268182628943,24.4968545369756,0 39.60267954810391,24.49684278915531,0 39.60267946733804,24.49683327462165,0 39.60267934528737,24.49681905446824,0 39.60267709851207,24.49680964460245,0 39.60267700264669,24.49679787496913,0 39.60267472496555,24.4967835517858,0 39.6026746248836,24.4967714048068,0 39.60267453158234,24.4967596481304,0 39.60267229259782,24.49674790389168,0 39.602670061843,24.49673620451982,0 39.60266784004909,24.4967245506174,0 39.60266562669119,24.49671294979947,0 39.60266556552011,24.49670367457171,0 39.60266547455297,24.4966898149424,0 39.60266329397773,24.49668071429993,0 39.60266320828698,24.4966669595701,0 39.60266102540118,24.49665564738304,0 39.60265885157455,24.49664433580443,0 39.60265669413614,24.49663542738914,0 39.60265663737896,24.49662438368696,0 39.60265659411371,24.49661561255838,0 39.6026544549506,24.49660698816039,0 39.60265441534774,24.49659834981228,0 39.60265435812897,24.49658543584895,0 39.60265429894447,24.49657257383021,0 39.60265424981122,24.49656189473118,0 39.6026541873249,24.49654868790004,0 39.60265414413471,24.49653980519598,0 39.60265409045237,24.49652874049772,0 39.60265404762669,24.4965199195671,0 39.60265400794992,24.49651140194146,0 39.6026539684763,24.49650292179286,0 39.60265392908807,24.4964944651802,0 39.60265387835521,24.49648400482134,0 39.60265177995492,24.49647373072565,0 39.6026496963815,24.49646556097994,0 39.60264761964802,24.49645749485882,0 39.60264554695132,24.49644945751081,0 39.60264347897655,24.49644144464781,0 39.60263937717662,24.49643359357263,0 39.60263528074665,24.49642373966359,0 39.6026352681369,24.49641581351331,0 39.602635251337,24.49640598781621,0 39.60263523802891,24.49639814751311,0 39.60263724741446,24.49638831734583,0 39.60263926005744,24.49638245357193,0 39.60264328631013,24.49637458934045,0 39.60264730939112,24.49636865769081,0 39.60265536838403,24.49636446580643,0 39.60266945992225,24.49635994213706,0 39.60268151158138,24.49635551789739,0 39.60268956493132,24.4963552851599,0 39.60269758085481,24.49635138325873,0 39.60270562715919,24.49635119564655,0 39.60271364542454,24.49634906563881,0 39.60272368965935,24.49634871750647,0 39.60273169239822,24.49634652736037,0 39.6027437025076,24.49634423458496,0 39.60275372347233,24.49634239148043,0 39.60276571741139,24.49633872504943,0 39.60277174345327,24.49633871233272,0 39.60277773502148,24.49633688026511,0 39.60278970978469,24.49633321851666,0 39.60280572784427,24.4963313685063,0 39.60281772568947,24.4963295272551,0 39.60282974683861,24.49632792527051,0 39.60283578438259,24.49632806461263,0 39.6028458490819,24.49632829569657,0 39.60285390336497,24.49632848146457,0 39.60286391680037,24.49632687374884,0 39.60287600196455,24.49632714769201,0 39.60289608623852,24.49632574922851,0 39.60290811075282,24.49632417365382,0 39.60292416473097,24.49632268656744,0 39.60294224570335,24.49632274434609,0 39.6029563019921,24.49632274878513,0 39.60297439349804,24.49632284199962,0 39.60299261937554,24.49632497664864,0 39.60300870702655,24.49632504264425,0 39.60302077339066,24.49632509200313,0 39.60302680760489,24.49632511693756,0 39.60303498342093,24.49632712527251,0 39.60304114931641,24.49632911573837,0 39.60304370369414,24.4963370778703,0 39.60304437707401,24.49634702556031,0 39.60304303095212,24.4963569968316,0 39.60304357028338,24.49636500364507,0 39.60304208383603,24.49637302265526,0 39.60304289375594,24.49638510279911,0 39.60304153672426,24.49639519675791,0 39.60304017491671,24.49640531824182,0 39.60304465917851,24.49641143563654,0 39.6030547177098,24.49640944903512,0 39.60306273179983,24.49640745220773,0 39.60307277925452,24.49640546552029,0 39.60308093143981,24.49640550107615,0 39.60309097163925,24.4964035200295,0 39.60310116531971,24.49640358462762,0 39.60310932103632,24.49640363628585,0 39.6031193508702,24.49640165526052,0 39.60312733630703,24.49639965818461,0 39.60313548320349,24.49639969299659,0 39.60314361810114,24.49639968341586,0 39.60315174754437,24.49639965706093,0 39.60315969891245,24.49639758716597,0 39.60316965900132,24.49639546230208,0 39.60317775841998,24.49639536729026,0 39.60318345341605,24.49639119485364,0 39.60319135365491,24.49638904911535,0 39.60319885879367,24.49638281870134,0 39.60320414796575,24.49637462898941,0 39.60320741921849,24.49636651894863,0 39.60321270059949,24.49635842620076,0 39.60321595200114,24.49635035916092,0 39.60321919447381,24.4963423136727,0 39.60322041803366,24.49633429374164,0 39.60322364624808,24.49632629088874,0 39.60322486022773,24.49631831334731,0 39.60322807413685,24.49631035273782,0 39.6032292792468,24.49630241742123,0 39.60323467674102,24.49629647015279,0 39.60324246560469,24.49629447760394,0 39.60325045508998,24.49629446070709,0 39.60325865280261,24.49629641949648,0 39.6032668387972,24.49629833552909,0 39.60327517167035,24.49630205324866,0 39.60328153802301,24.49630584271707,0 39.60328990481555,24.49630961113794,0 39.60329807414774,24.49631143416195,0 39.60330624710998,24.49631325810403,0 39.60331304948251,24.49632093088033,0 39.60331786473337,24.4963286362395,0 39.60332093747024,24.49633842438168,0 39.6033238345217,24.49634634850584,0 39.60332495292758,24.49635630231101,0 39.60332384975135,24.49636433603648,0 39.60332274341449,24.49637239086817,0 39.60332164590503,24.49638049344329,0 39.60331857994024,24.49638877569714,0 39.60331549998429,24.49639706766791,0 39.60331016172642,24.4964033729507,0 39.60330503949852,24.49641174345219,0 39.60329764856443,24.49641810928066,0 39.60329226467432,24.49642444267822,0 39.60328686657329,24.49643078690957,0 39.60328145554575,24.49643714267579,0 39.60327151378599,24.4964393995494,0 39.60326359692053,24.49644162151745,0 39.60325386113838,24.49644598399722,0 39.60324614527489,24.49645031359783,0 39.6032383780929,24.49645453518066,0 39.60323263284936,24.49645870208791,0 39.60322502709759,24.49646495959878,0 39.60321720874241,24.49646914754805,0 39.60320976918054,24.49647751250729,0 39.60320398337522,24.49648171036232,0 39.60320063431116,24.49649009467043,0 39.60319521188567,24.49649850878297,0 39.60319203172036,24.49650904557586,0 39.60318865177688,24.49651750355513,0 39.60318526246537,24.49652598430718,0 39.60317978820708,24.49653449526161,0 39.60317674971222,24.49654728658423,0 39.60317522586785,24.49655370177249,0 39.60316971373047,24.49656228789994,0 39.60316836282875,24.49657088254946,0 39.60316946839212,24.49658380712869,0 39.6031700366505,24.49659034110745,0 39.6031730956427,24.49660127966648,0 39.60317424922658,24.49661445207182,0 39.60317501970219,24.49662325422985,0 39.60317808617194,24.49663425400967,0 39.60318116344055,24.49664529204711,0 39.60318598198161,24.49665194348202,0 39.60319445980294,24.4966519717106,0 39.60320566284465,24.49665865869126,0 39.60321922078124,24.496667591749,0 39.60322622417113,24.49667429760217,0 39.60323558466557,24.4966832609392,0 39.60324262273576,24.49669000010996,0 39.60324989425774,24.49669900039414,0 39.6032520299554,24.49669900786981,0 39.6032616871986,24.4967102963001,0 39.60326878312481,24.49671709304733,0 39.60327566543947,24.49672163971027,0 39.60328255783738,24.49672619311755,0 39.6032911378573,24.4967262232191,0 39.60330162495317,24.4967239946952,0 39.6033080580992,24.49672402855817,0 39.60331878695217,24.49672407487416,0 39.60332926044027,24.49672184347254,0 39.60333997581873,24.49672186937309,0 39.60334826278872,24.49671953692921,0 39.60335680698873,24.49671948632336,0 39.60336508408606,24.49671715515257,0 39.60337334927533,24.49671481148545,0 39.60338133595061,24.49671019353341,0 39.60338718081621,24.49670560058742,0 39.60339486922248,24.49669873166446,0 39.60340069382455,24.49669415517818,0 39.60340595085215,24.49668507417385,0 39.60341147358506,24.49667826766034,0 39.60341486685043,24.49667149342377,0 39.6034200845498,24.49666247816996,0 39.60342106471727,24.4966535222302,0 39.60342597383474,24.49664233459504,0 39.60342694265606,24.49663343637311,0 39.603430294665,24.49662675869479,0 39.60343335420475,24.49661788856734,0 39.60343669092993,24.49661124426696,0 39.60344182710348,24.49660240204394,0 39.60344723811595,24.49659577474271,0 39.60345205592623,24.49658479330443,0 39.60345714815105,24.49657602669942,0 39.60346043709949,24.49656947205242,0 39.60345926640065,24.49656079681207,0 39.60345988325803,24.49654997110642,0 39.60346049818226,24.49653918337629,0 39.6034614039003,24.49653058032615,0 39.60345995184055,24.49651988369161,0 39.60345850521779,24.49650922447231,0 39.60345706341212,24.49649860225159,0 39.60345562667856,24.49648801660893,0 39.60345419471683,24.49647746731696,0 39.60345248311803,24.49646485627017,0 39.60345143252008,24.4964566582264,0 39.60344961681541,24.49644389159942,0 39.60345017773019,24.49643334282027,0 39.60345103660584,24.4964249388294,0 39.60345187205613,24.49641651405486,0 39.60345474545785,24.49640812584732,0 39.60345792060091,24.49640186946601,0 39.60346282625342,24.49639356125238,0 39.60346834816283,24.4963894804364,0 39.60347591564815,24.49638545732268,0 39.60348410975478,24.496385626939,0 39.60349202082592,24.49638377368214,0 39.60349995221029,24.49638196781897,0 39.60350788180067,24.49638016332435,0 39.60351818791893,24.49638049601596,0 39.60351827129292,24.49635695420626,0 39.60374721902069,24.49636710618398,0 39.60320028937374,24.49778182855435,0 39.60316843009435,24.49779107628298,0 
						</coordinates>
					</LinearRing>
				</outerBoundaryIs>
			</Polygon>
		</Placemark>
		<Placemark id="69FD6677A8B3E7DEE6624">
			<name>40</name>
			<styleUrl>#m_ylw-pushpin00</styleUrl>
			<Polygon>
				<tessellate>1</tessellate>
				<outerBoundaryIs>
					<LinearRing>
						<coordinates>
							39.59396652875756,24.50014782502086,0 39.59366212176818,24.49704166654592,0 39.5936687684614,24.49703871847061,0 39.59368204684305,24.49703283037764,0 39.59369530896024,24.49702694883686,0 39.59370853343895,24.49702110168889,0 39.59372146312135,24.49701818758457,0 39.5937344395569,24.49701519317005,0 39.59374742911635,24.49701213085053,0 39.5937607081451,24.49700612408666,0 39.59377660106874,24.49700591942619,0 39.59379221973239,24.49700864232325,0 39.59380439836019,24.49701433805564,0 39.59381685321168,24.49701710567227,0 39.59383567173734,24.49701979731884,0 39.59385397932584,24.49702838767199,0 39.59386349448472,24.49702833309131,0 39.59387277795682,24.4970311809773,0 39.59388523936974,24.4970340125844,0 39.59390382838647,24.49703971845888,0 39.59392220043219,24.49704838461746,0 39.59393763245377,24.49705417710587,0 39.59394694158128,24.49705707235812,0 39.59395943071222,24.49705996278173,0 39.59397151775553,24.49706869472175,0 39.59398423236688,24.4970686638236,0 39.5939968247736,24.49707135140551,0 39.59401241936593,24.49707692071458,0 39.59402801746674,24.49708251613444,0 39.59403740911736,24.49708531935731,0 39.59405637381499,24.4970880300304,0 39.59407515496586,24.49709373396432,0 39.59409057419852,24.49710245028965,0 39.59410317613815,24.4971052784719,0 39.5941187878653,24.49711106194106,0 39.59412820612479,24.49711395014664,0 39.59414383823082,24.49711978852304,0 39.59415931821498,24.49712863326378,0 39.5941719512697,24.49713151456183,0 39.59418762946488,24.49713738073662,0 39.5942001207379,24.4971432812634,0 39.59421262296294,24.49714920163235,0 39.59423135577909,24.49715827216978,0 39.59424386348888,24.49716432563807,0 39.59425332149682,24.49716737281355,0 39.59426906358922,24.49717341679903,0 39.59428165076259,24.49717932442289,0 39.59430068026143,24.49718518127372,0 39.59431329703591,24.49719110200182,0 39.59433247753624,24.4971939487592,0 39.59434512118189,24.49719988173344,0 39.59436109573831,24.49720278005782,0 39.5943770553457,24.49720583426246,0 39.59438661173193,24.49720879306065,0 39.5943994235167,24.497211540731,0 39.59441223935058,24.49721428940702,0 39.59442828608226,24.49721697407575,0 39.59444433713416,24.49721965936937,0 39.59445724122472,24.49721939961453,0 39.59447006655546,24.49722217758176,0 39.59448939705975,24.49722196026193,0 39.59450866936373,24.49722472699879,0 39.59451832276537,24.49722473276994,0 39.5945342780218,24.4972309836887,0 39.59455034937469,24.4972312862139,0 39.59456321016702,24.49723152825942,0 39.59457600650028,24.49723762342012,0 39.59459523739259,24.49724409577202,0 39.59461446482939,24.49725363110216,0 39.59463050374317,24.49726312235606,0 39.59464339437427,24.49726644070326,0 39.59465948862898,24.49727588601082,0 39.59467239771207,24.49728218090219,0 39.59468533362993,24.49728549985039,0 39.59469826888797,24.49729197349099,0 39.59471446526033,24.49730148062731,0 39.59473069453369,24.49730760866737,0 39.59474695393097,24.49732000922321,0 39.59475996829325,24.49732309828217,0 39.59476976320771,24.49733259176405,0 39.59478281896253,24.49733888665569,0 39.59479587451205,24.49734218739532,0 39.59480894156669,24.49734555111564,0 39.594822019939,24.49734891764464,0 39.59483843755206,24.49735857766336,0 39.5948614332158,24.49736838866359,0 39.5948745995407,24.49737473831117,0 39.59489436527397,24.49738405616135,0 39.59491083735751,24.49739027709414,0 39.59493060612773,24.49739650989119,0 39.59494712000958,24.4974027670773,0 39.59496030556902,24.49740590588417,0 39.59498348938661,24.49741530839248,0 39.5949967014438,24.49741845447925,0 39.59500663545779,24.49742159411312,0 39.59501994974196,24.49742793632887,0 39.59503320272381,24.49743120661098,0 39.59504976423274,24.49743454622863,0 39.59506303907648,24.49743783347974,0 39.59507972929273,24.49744436032441,0 39.59509644779551,24.49745093035199,0 39.59510966031463,24.49745111536253,0 39.59512309214806,24.49745757383046,0 39.59513985085402,24.49746408304776,0 39.59514977747319,24.49746422839511,0 39.59516654525787,24.49747063256861,0 39.59518319712897,24.49747384065055,0 39.59519998500564,24.49748017085945,0 39.59521666676937,24.4974834110143,0 39.59522992286525,24.49748355177314,0 39.59525008201866,24.49748998069881,0 39.59526345973511,24.49749310156762,0 39.59527999574801,24.49749303467634,0 39.59529668927988,24.49749613562937,0 39.59531355714305,24.49750240358441,0 39.59532678161759,24.49750229497254,0 39.59534364845939,24.49750846536123,0 39.59535725170652,24.4975147785905,0 39.5953706949468,24.49751794607207,0 39.59538434193616,24.49752433714135,0 39.59540132182038,24.4975307230509,0 39.59541852490236,24.49754033603483,0 39.59543574954974,24.49754993475241,0 39.59544593163226,24.49755312627874,0 39.59545987138372,24.49756275611084,0 39.59547694852832,24.4975691644824,0 39.59549403360651,24.49757554207421,0 39.59550800329547,24.49758508048176,0 39.59551843830547,24.49759143848849,0 39.59553175674118,24.49759131762584,0 39.59554886107515,24.49759758491797,0 39.59556263804532,24.49760385262413,0 39.59557975688958,24.49761007797913,0 39.59559357381131,24.49761639103667,0 39.59560405591233,24.49762270519375,0 39.59561815442403,24.49763227362525,0 39.59562922519081,24.49764524052832,0 39.59563390050387,24.49766159749713,0 39.59563832017989,24.49767470984994,0 39.59563940196518,24.49768790642017,0 39.59564051307095,24.49770121140826,0 39.59564526614643,24.49771784368259,0 39.59565003397079,24.4977345264867,0 39.59565116277081,24.49774794526227,0 39.59565257762138,24.49776476536012,0 39.59565434778698,24.49778521242796,0 39.5956555876423,24.49779905368005,0 39.59565336064243,24.49781274183363,0 39.59565143241469,24.49782993159241,0 39.5956532203373,24.49785065823114,0 39.5956512905879,24.49786798920796,0 39.59565308435977,24.49788886389878,0 39.59565114817089,24.49790631920689,0 39.59564950459653,24.49792734114149,0 39.59564785457601,24.4979484454533,0 39.59564563681755,24.49796267805971,0 39.59564343186055,24.4979770138947,0 39.5956377600231,24.49799139166266,0 39.59562890471373,24.49800938785136,0 39.59562697195582,24.49802745751052,0 39.59561365970293,24.49803464059137,0 39.59560002120116,24.49803817364888,0 39.59558284213286,24.49804152437812,0 39.59556911417111,24.49804480226475,0 39.59555189488677,24.49804806382815,0 39.59553813462598,24.49805127370765,0 39.59552426629845,24.49805409640844,0 39.59550686173509,24.49805671400193,0 39.59549271274087,24.49805582672368,0 39.59547499252623,24.49805454721581,0 39.59546108742212,24.49805719296075,0 39.59544692738231,24.49805616926245,0 39.59542924166531,24.49805489056352,0 39.59541510451567,24.49805386846242,0 39.59539739465183,24.4980523599401,0 39.59538324226816,24.49805116214021,0 39.59536910203983,24.49804996528007,0 39.59535163815196,24.49805201045731,0 39.59533751863223,24.49805081403565,0 39.59532361500167,24.49805319881483,0 39.59530620755434,24.49805541723678,0 39.59528880459538,24.4980576350018,0 39.59527140680434,24.49805985213343,0 39.5952575318368,24.49806237184908,0 39.59524365774584,24.49806489127171,0 39.59522645728077,24.49807084167341,0 39.59521258185082,24.49807336134665,0 39.59519521767295,24.49807574994655,0 39.59517791991384,24.49807855612599,0 39.59516761734965,24.498081815321,0 39.5951505030352,24.49808859661551,0 39.59514051409512,24.49809688550015,0 39.59513080757859,24.49811274034682,0 39.59512470870856,24.49812992973263,0 39.59511850947999,24.49814653164496,0 39.59511567623735,24.49816234108033,0 39.59510564197537,24.49817407850641,0 39.59509185364523,24.49818130355124,0 39.59507446952197,24.49818786080471,0 39.59506026785782,24.49818874713589,0 39.59506077395915,24.49820668299104,0 39.59506856306851,24.49822969766089,0 39.59507613899669,24.49825044452772,0 39.59508362903767,24.49826760760589,0 39.59509098037775,24.49828599223583,0 39.5950946094427,24.49829214217294,0 39.59510890361665,24.49829882538927,0 39.59512325121815,24.49830848714252,0 39.59513755086288,24.49831234427981,0 39.59514844013976,24.49832244133847,0 39.59516645640055,24.49833277730017,0 39.59517721147116,24.4983363779865,0 39.59519502563782,24.49833709413,0 39.59521283954431,24.49833776212233,0 39.59522715433361,24.4983413170651,0 39.59524147678957,24.49834487352106,0 39.59525586541076,24.49834880666677,0 39.59527026635202,24.49835274385789,0 39.59528129886385,24.49836301060117,0 39.59529245227716,24.49837657098937,0 39.59530353348331,24.49838694211177,0 39.59532154118238,24.49839086885527,0 39.59533263646184,24.49839851793802,0 39.59535137264622,24.49841153425742,0 39.59566395031865,24.49841366855462,0 39.5961524435959,24.4985357102497,0 39.59623842920471,24.49880518418567,0 39.59577234535795,24.50086977854723,0 39.59396652875756,24.50014782502086,0 
						</coordinates>
					</LinearRing>
				</outerBoundaryIs>
			</Polygon>
		</Placemark>
		<Placemark id="6AB4F89FB543E7DEE6624">
			<name>41</name>
			<styleUrl>#m_ylw-pushpin00</styleUrl>
			<Polygon>
				<tessellate>1</tessellate>
				<outerBoundaryIs>
					<LinearRing>
						<coordinates>
							39.59584069366081,24.49769861356156,0 39.59584884408468,24.49770821398612,0 39.59586134144072,24.49770881039392,0 39.59587117423465,24.49770697314459,0 39.59639724403074,24.49789153570458,0 39.59632092106541,24.49811332849962,0 39.59579351226222,24.49805903290118,0 39.59577578254377,24.49806184853157,0 39.59584069366081,24.49769861356156,0 
						</coordinates>
					</LinearRing>
				</outerBoundaryIs>
			</Polygon>
		</Placemark>
		<Placemark id="6BE1AB2B9F23E7DEE6624">
			<name>42</name>
			<styleUrl>#m_ylw-pushpin00</styleUrl>
			<Polygon>
				<tessellate>1</tessellate>
				<outerBoundaryIs>
					<LinearRing>
						<coordinates>
							39.5976668679212,24.50012530661909,0 39.59766976661526,24.50012537760922,0 39.59768426243715,24.50012573251811,0 39.5976958382998,24.50012597739293,0 39.59771293493426,24.5001259209375,0 39.59772433243007,24.50012588321913,0 39.59773818263909,24.50012305198905,0 39.5977524245294,24.50012300499946,0 39.59776951398948,24.5001229486652,0 39.5977867474311,24.50012310460811,0 39.59779820494632,24.50012316018903,0 39.59781530864021,24.50012312273342,0 39.59782385223599,24.50012309210396,0 39.59783849210159,24.50012578885776,0 39.59785027858396,24.50012848129375,0 39.59786491503033,24.50013115635709,0 39.59787671457803,24.50013385166256,0 39.59789421020008,24.50013651057822,0 39.59791171447272,24.50013917069517,0 39.59792638128274,24.50014185119222,0 39.59793536220013,24.50014457119148,0 39.59795051506345,24.50015006762414,0 39.59796241555435,24.50015284743534,0 39.59797672863159,24.50015284124827,0 39.59799436765191,24.50015562023871,0 39.59801488166123,24.50015839955737,0 39.59802683597742,24.50016121412153,0 39.59803895718236,24.5001642328178,0 39.59805691658912,24.50016736740891,0 39.59806960177477,24.50017325582091,0 39.59807938644026,24.50017909589893,0 39.59809210679158,24.50018500165354,0 39.59810484613304,24.50019091625419,0 39.59811467774171,24.50019678188797,0 39.5981289291751,24.50021112477094,0 39.59813924091074,24.50021976014217,0 39.59815009954522,24.50023126268149,0 39.59816045401661,24.50023993486786,0 39.59816834861595,24.50025134562183,0 39.5981757375728,24.50025992754619,0 39.59818711363195,24.50027426565112,0 39.59819218032056,24.50028578136983,0 39.59819967988253,24.50029450218436,0 39.59820886097999,24.50031195808127,0 39.59821400304097,24.50032360194964,0 39.59822263864459,24.50033819361239,0 39.59822781280308,24.50034990300203,0 39.5982300724932,24.50036164711047,0 39.59823235630711,24.50037344358291,0 39.59823250449392,24.50039075859411,0 39.5982359444031,24.50041081858422,0 39.59823649348733,24.50043101592806,0 39.59823995424913,24.50045122975502,0 39.59823952111255,24.50046577767862,0 39.59824150673028,24.50047739515373,0 39.59824008022824,24.50048618752965,0 39.5982401433665,24.50050375389341,0 39.59824313554977,24.50052131553369,0 39.59824320434892,24.50053899936987,0 39.5982427258309,24.50055372860713,0 39.59824225903176,24.50056851704407,0 39.59824179200348,24.50058334685227,0 39.59823801438419,24.5005955080562,0 39.59823971245155,24.5006046961316,0 39.59823654661276,24.50062005859597,0 39.59823580991108,24.50063238035478,0 39.59822774013869,24.50065402916101,0 39.59822265339024,24.50067576823641,0 39.59822246073175,24.50069134884119,0 39.59821867793183,24.50070386078312,0 39.59821799684262,24.50071651950627,0 39.59821386940335,24.5007262961536,0 39.59821044826112,24.50073946002751,0 39.59820703859337,24.50075270009931,0 39.5982019050458,24.50077263493278,0 39.59819605066273,24.50078927194687,0 39.59819101539686,24.50080959146303,0 39.59818611720839,24.50083025429317,0 39.59817800833457,24.5008508549295,0 39.59817068086379,24.5008609191299,0 39.59816604390365,24.50088473190818,0 39.59815858724658,24.50089472527479,0 39.5981555314274,24.50091160306076,0 39.59815179726255,24.5009250864601,0 39.59814841215411,24.50094156819127,0 39.59814441314512,24.50095473487863,0 39.59814040402673,24.50096793568506,0 39.59813637002863,24.50098114926842,0 39.59813601891487,24.5009977319474,0 39.59812929951086,24.50101419874296,0 39.59812240380965,24.50103045079866,0 39.59811647920762,24.50105326813368,0 39.59811406956054,24.50107926647222,0 39.59811064029163,24.50109877910618,0 39.59810400406327,24.50111830285464,0 39.59810103293666,24.50114123115716,0 39.59809724024984,24.50116037055417,0 39.5980902822425,24.50117960830489,0 39.59808663372941,24.50119918492259,0 39.59808068204097,24.50122537765436,0 39.59807458335467,24.50124900487608,0 39.59807119953371,24.5012694064972,0 39.59806780347581,24.50128988248891,0 39.59806391275785,24.50130704546597,0 39.59806291346502,24.50132117360056,0 39.59806269289682,24.50133935624402,0 39.59806188883502,24.50135398240171,0 39.59806089809615,24.50136828488895,0 39.59806312304799,24.50138258900221,0 39.59806144924728,24.50139313001618,0 39.59804693225079,24.50140643495743,0 39.59803293366234,24.50142337246521,0 39.59802464215999,24.50143381673439,0 39.5980169669801,24.50144808194646,0 39.59800982500703,24.50146604392662,0 39.59800020415487,24.50148829446819,0 39.59799323534865,24.501506889355,0 39.59798352795302,24.50152929065672,0 39.59797330767863,24.50155074128633,0 39.59796034996213,24.50157613331343,0 39.59795325045075,24.50159755097213,0 39.59794243355113,24.50161815895899,0 39.59793539040957,24.50164252384101,0 39.59792836227821,24.50166453104107,0 39.59792123047516,24.50168647551499,0 39.59791688715084,24.50170469849109,0 39.59791208764506,24.50171936178176,0 39.59790734175409,24.50173420633062,0 39.59790544344244,24.50174537418543,0 39.59789739590488,24.50175792594516,0 39.59788240219127,24.50176737603129,0 39.59786684717328,24.50177295649957,0 39.59785386562368,24.50177404821271,0 39.59784132444924,24.50177884271038,0 39.59782498273037,24.50177997760307,0 39.59781186277874,24.50178077042262,0 39.59779485915509,24.50177763715532,0 39.59777785349711,24.50177450148917,0 39.59776115958048,24.50177473361521,0 39.59774385850307,24.50177071698274,0 39.59771935039259,24.50176268838688,0 39.59769925766953,24.50176270240305,0 39.59768200362359,24.50175869666203,0 39.5976652597079,24.5017587093718,0 39.59765186483347,24.50175871947846,0 39.59763515356292,24.50175883456553,0 39.59762180315226,24.50175898948461,0 39.59760845105544,24.50175914422086,0 39.59759509852004,24.50175929917948,0 39.59758842174372,24.50175937660735,0 39.5975717473288,24.50175962709717,0 39.59755550166618,24.50176383212858,0 39.59754216652178,24.50176407766725,0 39.59741135534492,24.50169342069217,0 39.5976668679212,24.50012530661909,0 
						</coordinates>
					</LinearRing>
				</outerBoundaryIs>
			</Polygon>
		</Placemark>
		<Placemark id="6CC22D218903E7DEE6624">
			<name>43</name>
			<styleUrl>#m_ylw-pushpin00</styleUrl>
			<Polygon>
				<tessellate>1</tessellate>
				<outerBoundaryIs>
					<LinearRing>
						<coordinates>
							39.59737408073494,24.50186973659319,0 39.59738927017509,24.50186985620508,0 39.59740141679838,24.50186983644085,0 39.59741963610678,24.5018698065806,0 39.59742874584808,24.50186979164107,0 39.5977826584806,24.50190525090667,0 39.59794482563051,24.50202521250845,0 39.59776403422362,24.50288909326939,0 39.59735652393637,24.50278322980781,0 39.59737408073494,24.50186973659319,0 
						</coordinates>
					</LinearRing>
				</outerBoundaryIs>
			</Polygon>
		</Placemark>
		<Placemark id="6DC0E8D14903E7DEE6624">
			<name>44</name>
			<styleUrl>#m_ylw-pushpin00</styleUrl>
			<Polygon>
				<tessellate>1</tessellate>
				<outerBoundaryIs>
					<LinearRing>
						<coordinates>
							39.59916744505912,24.50195396361927,0 39.59913204112067,24.50209868404551,0 39.59878024667079,24.50252436098901,0 39.59880621835981,24.50256483637384,0 39.59877913407022,24.50255316016258,0 39.59875943004859,24.50259650506219,0 39.59871083574479,24.5026515942302,0 39.59861141407105,24.50269801892511,0 39.59846275490682,24.50277221458957,0 39.59778605547694,24.50293715781767,0 39.59828002403596,24.50125748646836,0 39.59929437837055,24.50147424743329,0 39.59916744505912,24.50195396361927,0 
						</coordinates>
					</LinearRing>
				</outerBoundaryIs>
			</Polygon>
		</Placemark>
		<Placemark id="6EAFFFF8AF13E7DEE6624">
			<name>45</name>
			<styleUrl>#m_ylw-pushpin00</styleUrl>
			<Polygon>
				<tessellate>1</tessellate>
				<outerBoundaryIs>
					<LinearRing>
						<coordinates>
							39.60279973069522,24.50789856116003,0 39.60159156600434,24.50732878172754,0 39.60222315061232,24.50607344486636,0 39.60389833209697,24.50632741927592,0 39.6037630325232,24.50674019703531,0 39.60354336445491,24.50690633833453,0 39.60341718706067,24.50703571884236,0 39.60279973069522,24.50789856116003,0 
						</coordinates>
					</LinearRing>
				</outerBoundaryIs>
			</Polygon>
		</Placemark>
		<Placemark id="6F8CA14CEF23E7DEE6624">
			<name>46</name>
			<styleUrl>#m_ylw-pushpin00</styleUrl>
			<Polygon>
				<tessellate>1</tessellate>
				<outerBoundaryIs>
					<LinearRing>
						<coordinates>
							39.60359945761194,24.5068912777528,0 39.60436303025756,24.50736840277855,0 39.60411603878404,24.50775062074695,0 39.6033106475705,24.50724890050482,0 39.60330576478007,24.50724899351568,0 39.60359945761194,24.5068912777528,0 
						</coordinates>
					</LinearRing>
				</outerBoundaryIs>
			</Polygon>
		</Placemark>
		<Placemark id="7035A928F183E7DEE6624">
			<name>47</name>
			<styleUrl>#m_ylw-pushpin00</styleUrl>
			<Polygon>
				<tessellate>1</tessellate>
				<outerBoundaryIs>
					<LinearRing>
						<coordinates>
							39.6027849865681,24.50871252537581,0 39.60208861673648,24.50967158268323,0 39.6015526528044,24.50950624895302,0 39.6006173017464,24.50916448905024,0 39.60149321684535,24.50742180036403,0 39.6026561576319,24.5079774225482,0 39.6027849865681,24.50871252537581,0 
						</coordinates>
					</LinearRing>
				</outerBoundaryIs>
			</Polygon>
		</Placemark>
		<Placemark id="7132601F3B83E7DEE6624">
			<name>48</name>
			<styleUrl>#m_ylw-pushpin00</styleUrl>
			<Polygon>
				<tessellate>1</tessellate>
				<outerBoundaryIs>
					<LinearRing>
						<coordinates>
							39.60332622868662,24.51000502442379,0 39.60279110394556,24.51108826371755,0 39.60230347883913,24.51171581574488,0 39.60178111867361,24.51152856669987,0 39.60101013631501,24.51117711144537,0 39.60255290758974,24.50911020152652,0 39.60342312455631,24.509724385292,0 39.60332622868662,24.51000502442379,0 
						</coordinates>
					</LinearRing>
				</outerBoundaryIs>
			</Polygon>
		</Placemark>
		<Placemark id="723C408A2EB3E7DEE6624">
			<name>49</name>
			<styleUrl>#m_ylw-pushpin00</styleUrl>
			<Polygon>
				<tessellate>1</tessellate>
				<outerBoundaryIs>
					<LinearRing>
						<coordinates>
							39.59903565234139,24.51140525297943,0 39.60006527842342,24.50939742287912,0 39.60174078436091,24.51010398596156,0 39.60038482635116,24.5117437427162,0 39.59903565234139,24.51140525297943,0 
						</coordinates>
					</LinearRing>
				</outerBoundaryIs>
			</Polygon>
		</Placemark>
		<Placemark id="73934D914213E7DEE6624">
			<name>50</name>
			<styleUrl>#m_ylw-pushpin00</styleUrl>
			<Polygon>
				<tessellate>1</tessellate>
				<outerBoundaryIs>
					<LinearRing>
						<coordinates>
							39.6000637227654,24.51283802287458,0 39.60092098299076,24.51110786137293,0 39.60002408248838,24.51282616464429,0 39.60006545646067,24.51284628021292,0 39.60091009142084,24.5111377706463,0 39.60316623818689,24.51228214927457,0 39.60276528479808,24.51329348281626,0 39.6000637227654,24.51283802287458,0 
						</coordinates>
					</LinearRing>
				</outerBoundaryIs>
			</Polygon>
		</Placemark>
		<Placemark id="74A28B4384E3E7DEE6624">
			<name>51</name>
			<styleUrl>#m_ylw-pushpin00</styleUrl>
			<Polygon>
				<tessellate>1</tessellate>
				<outerBoundaryIs>
					<LinearRing>
						<coordinates>
							39.59957637767901,24.51272070209102,0 39.59982742582107,24.51194688796413,0 39.600295843883,24.512118637988,0 39.60005014317119,24.51279392628415,0 39.59957637767901,24.51272070209102,0 
						</coordinates>
					</LinearRing>
				</outerBoundaryIs>
			</Polygon>
		</Placemark>
		<Placemark id="75BA9EFDFE13E7DEE6624">
			<name>52</name>
			<styleUrl>#__managed_style_0BC49F75993E7E31EFA0</styleUrl>
			<Polygon>
				<tessellate>1</tessellate>
				<outerBoundaryIs>
					<LinearRing>
						<coordinates>
							39.59821346585854,24.51409930042754,0 39.59856006246827,24.51263062204199,0 39.59949900183076,24.51276799536949,0 39.59883713583378,24.51425888546983,0 39.59821346585854,24.51409930042754,0 
						</coordinates>
					</LinearRing>
				</outerBoundaryIs>
			</Polygon>
		</Placemark>
		<Placemark id="76459E8EAC23E7DEE6624">
			<name>53</name>
			<styleUrl>#m_ylw-pushpin00</styleUrl>
			<Polygon>
				<tessellate>1</tessellate>
				<outerBoundaryIs>
					<LinearRing>
						<coordinates>
							39.60119708481489,24.5158945774127,0 39.60137187232867,24.51543274926928,0 39.60194174384113,24.51559749411548,0 39.60174538428144,24.51607194602578,0 39.60119708481489,24.5158945774127,0 
						</coordinates>
					</LinearRing>
				</outerBoundaryIs>
			</Polygon>
		</Placemark>
		<Placemark id="7714791E46B3E7DEE6624">
			<name>54</name>
			<styleUrl>#m_ylw-pushpin00</styleUrl>
			<Polygon>
				<tessellate>1</tessellate>
				<outerBoundaryIs>
					<LinearRing>
						<coordinates>
							39.59928607175741,24.50953374014454,0 39.59929231020269,24.50951661460874,0 39.59929527412548,24.50949533544381,0 39.5992982989885,24.50947833757131,0 39.59930126225405,24.50946164727718,0 39.59930101275461,24.50944082980153,0 39.59930709664666,24.50941996901241,0 39.59930693667039,24.50940757346935,0 39.59931298085122,24.50938688269019,0 39.59931270073693,24.50936641137115,0 39.59931869994386,24.5093459380488,0 39.59932159952194,24.5093297182266,0 39.59932767854873,24.50931760500366,0 39.59933367370372,24.50930150556274,0 39.5993365944757,24.50928946987331,0 39.59934255009492,24.50927353432441,0 39.59935160282121,24.50925801651653,0 39.59935436311084,24.50923907153545,0 39.59936027734803,24.50922407291439,0 39.59936315309225,24.50921282798615,0 39.59936903355524,24.50919792204357,0 39.5993748148097,24.50917933292968,0 39.59938380810265,24.50916832794682,0 39.59939278628735,24.5091573981445,0 39.59940499274263,24.50915402018551,0 39.59941725759668,24.5091542800217,0 39.59942944863806,24.50915087042216,0 39.59944174101088,24.50915098435893,0 39.5994539055019,24.50914733106098,0 39.5994661816405,24.50914743949449,0 39.59948152292107,24.50914758178353,0 39.59949685873107,24.50914770458848,0 39.59950635053567,24.5091552830367,0 39.59951892730851,24.50916288456235,0 39.59953137808392,24.50916674800974,0 39.59954368011849,24.50916667425618,0 39.59955613306353,24.50917033594042,0 39.59956859626572,24.50917400080262,0 39.59958124524461,24.5091814447548,0 39.59959373639112,24.50918511940639,0 39.59960623848394,24.50918879733999,0 39.59962222120357,24.50920003458412,0 39.59963475852017,24.509203725797,0 39.59964710062829,24.50920362040618,0 39.59966007753286,24.50921492390191,0 39.59967243578586,24.50921481843767,0 39.59968546474155,24.5092261525104,0 39.59969853150195,24.5092375494202,0 39.59971139808585,24.50924514142729,0 39.59972448378513,24.50925621788604,0 39.59973757485996,24.50926711903212,0 39.59974763006399,24.50927837993509,0 39.59976036053788,24.50928229627714,0 39.59977028494937,24.50929033896607,0 39.59978646532611,24.5092983185874,0 39.5997995824461,24.50930652677636,0 39.59981305783521,24.50931894524114,0 39.59982029640503,24.50933136527957,0 39.59983351721148,24.5093397185777,0 39.5998467665318,24.50934808971072,0 39.59986046093383,24.50936110114615,0 39.59986549414898,24.50938277672473,0 39.59987351928365,24.50940340519501,0 39.59987554465047,24.509428107653,0 39.59987723511496,24.50944876336318,0 39.59987539286799,24.50946529752949,0 39.59986362253168,24.50947762767034,0 39.59984827095941,24.50948583043371,0 39.59983579249165,24.50948997136675,0 39.59982329978791,24.5094940685285,0 39.59981139021848,24.50950651029142,0 39.59980618333428,24.5095232798046,0 39.59980421235134,24.50954031316124,0 39.59980514652332,24.50955313540286,0 39.59980316644182,24.50957029213457,0 39.59979825040354,24.50959183803438,0 39.59978945904729,24.50960478917914,0 39.59978062616282,24.50961778337568,0 39.59977176159666,24.50963063528357,0 39.59976308477188,24.5096477529521,0 39.59975744571328,24.50966073092916,0 39.59975208252305,24.50967847547005,0 39.59974673437878,24.50969665331825,0 39.59974135493049,24.50971480376111,0 39.59973920626031,24.50973268480164,0 39.59973704798276,24.50975064249089,0 39.59973157319347,24.50976866341708,0 39.59972275627882,24.50978672764899,0 39.59972054753686,24.50980489505841,0 39.59971831575902,24.50982297389929,0 39.59971272547241,24.50984105519906,0 39.59970711179135,24.50985921201727,0 39.59969785885821,24.50987283101841,0 39.59968857518996,24.50988646529758,0 39.59968624141209,24.50990481208954,0 39.59968390060254,24.50992325859796,0 39.59967479524515,24.50994173089735,0 39.59966540417567,24.5099556126633,0 39.59965260177889,24.50996959889607,0 39.59963952851466,24.50997893118904,0 39.5996264276009,24.50998828354853,0 39.59961329896542,24.50999765543013,0 39.59960036296791,24.51001184215936,0 39.59958718078531,24.51002140275857,0 39.59957355143667,24.5100212591612,0 39.59956012429386,24.5100259748772,0 39.59954668294125,24.51003069574968,0 39.59952966010916,24.51003088576788,0 39.59951605056095,24.5100312834121,0 39.59949924869719,24.51003691594725,0 39.59948579339892,24.51004241719349,0 39.59947215934417,24.5100429143403,0 39.59945514779372,24.51004398813201,0 39.59943812879268,24.51004506247116,0 39.59941441248138,24.51005153454309,0 39.59939417782907,24.51006278362015,0 39.5993770831611,24.5100632855636,0 39.59935997613049,24.51006346862212,0 39.59934286780178,24.51006365124214,0 39.59932918219625,24.510063902995,0 39.59931201193717,24.51005934523166,0 39.59929827722575,24.51005472575812,0 39.59927776522098,24.51005512503628,0 39.5992503832104,24.51005077553542,0 39.59924013109304,24.51005098273734,0 39.5992161942615,24.51005168130123,0 39.59919568241518,24.51005196328664,0 39.59917858808511,24.51005193319961,0 39.59916491372043,24.51005180229096,0 39.59915464289784,24.51005173625122,0 39.59914095732115,24.51005234271033,0 39.59912726893196,24.51005294981801,0 39.59910668432784,24.51005879325592,0 39.59908613943707,24.51005924005652,0 39.59907244089761,24.51005953857026,0 39.59904846450358,24.51006006120959,0 39.59903476152925,24.51006035919058,0 39.59901763084423,24.51006073171861,0 39.5989970710525,24.51006117988129,0 39.59897993447017,24.51006155320647,0 39.5989662215561,24.51006188936281,0 39.59894564462741,24.51006249590597,0 39.59893193430315,24.51006264212548,0 39.59891137352567,24.51006282539142,0 39.59889440447828,24.51005831067223,0 39.5988806965938,24.51005859513896,0 39.59886033014467,24.51005392452885,0 39.59884323294177,24.51005399154984,0 39.59882974191991,24.51004930020654,0 39.59881284157297,24.51004468259419,0 39.59879619459052,24.51003511764946,0 39.59878275692258,24.51003044646529,0 39.5987659161563,24.51002584846144,0 39.59875250819979,24.51002118658441,0 39.59873938395366,24.51001160506656,0 39.59872969533004,24.51000197589002,0 39.59871665239977,24.50999229390843,0 39.59870397883443,24.50997711595086,0 39.59869124511982,24.50996298436267,0 39.59867824410624,24.50995381299324,0 39.59866199401588,24.50994382360905,0 39.59864581667504,24.50993360014959,0 39.59863270584729,24.50992835717379,0 39.59861995131133,24.50991826707623,0 39.59860688355645,24.50991304402238,0 39.59859119340481,24.50989806900131,0 39.59858572127636,24.50988238826428,0 39.59858360290229,24.50986688332023,0 39.59857610585326,24.5098357470429,0 39.59857401921118,24.50982042711391,0 39.59856889520655,24.50980071811095,0 39.59856757476641,24.50977628837258,0 39.59856241400941,24.50975766014172,0 39.59855521349268,24.50972440988025,0 39.59856033437259,24.5097012573743,0 39.59857731726727,24.50969275148981,0 39.59859461886373,24.50967964180145,0 39.59860827162623,24.50967110297132,0 39.59862514865027,24.50966265680494,0 39.59863844552961,24.50965858282797,0 39.59865231505837,24.50964566169019,0 39.59866289972881,24.50963289237146,0 39.59867049977166,24.50961555361479,0 39.59868102867163,24.50960265608839,0 39.59869475384244,24.50958983769056,0 39.59870840346215,24.50957705970133,0 39.59872179506482,24.5095686365661,0 39.59873491756862,24.50956451166701,0 39.59874826389627,24.50955611369393,0 39.59875862683145,24.50954339946325,0 39.59877169563741,24.50953928728521,0 39.59878475224929,24.50953517872048,0 39.59879779728725,24.50953107446584,0 39.59880742636485,24.50953129071336,0 39.59882344996084,24.50953179328171,0 39.59883964957893,24.50952763629691,0 39.59885249400805,24.50952762565515,0 39.59886532978509,24.50952768726701,0 39.59888139191924,24.50952783480353,0 39.59890064001265,24.50952800842131,0 39.5989166512369,24.50952809887459,0 39.59893593512902,24.50952826772777,0 39.59894877869467,24.50952834023113,0 39.5989648360915,24.50952841114048,0 39.59897756705838,24.50953259377528,0 39.59899020215089,24.50954103194015,0 39.59900619646337,24.50954519584737,0 39.59901898275811,24.50954929673355,0 39.59903160218931,24.50956191484734,0 39.59904110131428,24.5095704003634,0 39.59905395327822,24.50957449537002,0 39.59906673998289,24.50958286199161,0 39.59908285015183,24.50958688765565,0 39.59910221294749,24.5095908622143,0 39.59911835420994,24.5095948953626,0 39.59913454516818,24.50959462144634,0 39.59914746862898,24.50959871283016,0 39.59916364504572,24.50960275275152,0 39.59917661775075,24.50960699759765,0 39.59918958805604,24.50960684528494,0 39.5992057946323,24.50960680529331,0 39.599222001292,24.50960675080818,0 39.5992349236102,24.50960242314223,0 39.59924786662319,24.50959815131995,0 39.59926079758913,24.50959388459294,0 39.59927695190815,24.5095939201012,0 39.59928328183951,24.50957679293204,0 39.59928633526984,24.50955950662902,0 39.59928611597412,24.50953802322463,0 39.59928919435661,24.50952516859229,0 39.59929857271846,24.50950380793176,0 39.59930476176877,24.50948680655069,0 39.59931094815889,24.50946980976603,0 39.59932024830496,24.50945302429019,0 39.59932960366002,24.50944050189557,0 39.59933271368983,24.50943633792718,0 39.59928607175741,24.50953374014454,0 
						</coordinates>
					</LinearRing>
				</outerBoundaryIs>
			</Polygon>
		</Placemark>
		<Placemark id="782A915F6B13E7DEE6624">
			<name>55</name>
			<styleUrl>#m_ylw-pushpin00</styleUrl>
			<Polygon>
				<tessellate>1</tessellate>
				<outerBoundaryIs>
					<LinearRing>
						<coordinates>
							39.59897576062596,24.50833374681191,0 39.59897775186413,24.50833373787216,0 39.59898571755375,24.50833370251779,0 39.59899378591762,24.50833578171779,0 39.59900385285147,24.50833785363566,0 39.59900994025701,24.50833994473872,0 39.59901802612494,24.50834202860336,0 39.59902802172429,24.50834214563251,0 39.59903401968054,24.50834221719705,0 39.59904212974392,24.50834437239662,0 39.59905210844017,24.50834434840725,0 39.59906221922093,24.50834646878258,0 39.59907034269686,24.50834860668076,0 39.59908074510845,24.50835501451316,0 39.59908716475545,24.50836143208767,0 39.5990977529343,24.50837001399582,0 39.59910837337055,24.50837862225714,0 39.59911701355835,24.50838725363758,0 39.59912550562342,24.50839364354124,0 39.59913384868278,24.50839783557538,0 39.59914220337227,24.50840203332211,0 39.59915046506048,24.50840434926362,0 39.59915880963109,24.50840701831838,0 39.59916904119235,24.50840764080206,0 39.59917927943055,24.5084082637362,0 39.59918737950906,24.50840833844694,0 39.59919352347352,24.50840868991414,0 39.59920159127622,24.50840722330708,0 39.59920986227903,24.50840802231866,0 39.59921771885527,24.50840427987857,0 39.59922296999224,24.50839541139479,0 39.59922617695356,24.50838651568063,0 39.59923141197243,24.50837775988614,0 39.59923257719645,24.50836888631561,0 39.59923554513932,24.50835788910538,0 39.5992369163844,24.50835129766516,0 39.59924210130503,24.50834265218909,0 39.59924727016963,24.50833403344231,0 39.59925242315487,24.50832544125723,0 39.59925800877458,24.50832126010271,0 39.59926336708796,24.50831491429528,0 39.59926853588224,24.50830658498157,0 39.59927547435374,24.50829621492365,0 39.59928081939966,24.50829002967122,0 39.59928813565027,24.50828388649488,0 39.59929344940734,24.50827770512122,0 39.59929831417511,24.50826736400209,0 39.59930360178456,24.50826121106446,0 39.59930667448538,24.5082529587347,0 39.59930973802933,24.50824473339124,0 39.59931279476136,24.50823652981963,0 39.59931581546499,24.50822827264375,0 39.59931683116511,24.50821991413973,0 39.59931784335252,24.50821158188634,0 39.59931885247459,24.50820327555018,0 39.59932180737901,24.50819500043156,0 39.5993228073989,24.50818674570798,0 39.59932574673606,24.50817852183161,0 39.59932433761268,24.50816625794348,0 39.5993234137851,24.50815814848956,0 39.59932226293007,24.5081480461648,0 39.5993211163224,24.50813798200427,0 39.5993202022527,24.50812995799419,0 39.59931952110037,24.50812395565143,0 39.59932076088562,24.5081179755623,0 39.59932798790055,24.50811402449501,0 39.59933782537642,24.50811605859218,0 39.5993495934233,24.50811810292808,0 39.59936328827905,24.50812014975488,0 39.59936930150556,24.50812216463488,0 39.59937724292747,24.50812418452953,0 39.59938544636555,24.50812821574268,0 39.59939314427846,24.50812822906532,0 39.59940574653348,24.50813630363217,0 39.59941152980602,24.50813631408756,0 39.59942390958442,24.50814239188971,0 39.59943163029632,24.50814240263129,0 39.59943769582755,24.50814443213529,0 39.59944762828111,24.50814646733801,0 39.5994581401543,24.50815256370566,0 39.59946616039897,24.50815459863649,0 39.59947641036614,24.50815866088385,0 39.5994869756671,24.50816477394277,0 39.59949695718218,24.5081668022973,0 39.59950725145112,24.50817087503513,0 39.59951337352724,24.50817291116094,0 39.59952143891154,24.50817494330357,0 39.59952982833569,24.50817903425427,0 39.59953790060725,24.50818105245231,0 39.59955017797972,24.50818510156529,0 39.5995605338483,24.50818916963097,0 39.59957056983427,24.50819117370861,0 39.59957478858986,24.50819321802202,0 39.59958289522214,24.50819523805185,0 39.59959100763478,24.50819725939713,0 39.599601418082,24.50820134602201,0 39.59961113992591,24.50820128126203,0 39.59962351888395,24.50820536020502,0 39.59962970950605,24.50820738980662,0 39.5996382155728,24.50821149409559,0 39.59964636371748,24.50821350822051,0 39.59965916123421,24.50821968065947,0 39.59967042066323,24.50822799375052,0 39.59968366801865,24.50823631233092,0 39.599689916746,24.50823836525464,0 39.59970126344832,24.50824673642131,0 39.5997102862795,24.5082530274897,0 39.59972129609796,24.50825931625944,0 39.5997299401084,24.50826348104603,0 39.59973900546961,24.5082697689345,0 39.59974808728357,24.50827606891681,0 39.59975718787653,24.50828237843233,0 39.59976630749519,24.50828870005098,0 39.59977586810091,24.50829718106219,0 39.59978460925458,24.50830138672552,0 39.59979181496286,24.50830777460884,0 39.59979903408448,24.50831417340031,0 39.59980824938409,24.50832055821986,0 39.59981791869262,24.50832911663377,0 39.59982475398775,24.50833338879677,0 39.59983203932592,24.50833983500159,0 39.59983934165864,24.50834629623552,0 39.59984666079372,24.50835277232036,0 39.59985399706749,24.50835926384041,0 39.59986335127979,24.50836575293657,0 39.59986872119165,24.50837229198743,0 39.59987858556926,24.50838102671728,0 39.59989006343648,24.50838763485912,0 39.59989800207919,24.5083964795142,0 39.59990751257374,24.50840312724686,0 39.59991907169717,24.5084097888759,0 39.59992611747867,24.50841423959679,0 39.59993471389426,24.50841646143941,0 39.59994785647228,24.50842089564223,0 39.59995594046705,24.50842083138431,0 39.59997060120108,24.50842297523449,0 39.59998384347378,24.50842750990626,0 39.59999808005477,24.50842751558097,0 39.60000621530259,24.50842751880321,0 39.60001896391056,24.50842979838372,0 39.60003117785993,24.50842981099347,0 39.60003987032709,24.50843209022966,0 39.60004857030607,24.5084343710765,0 39.60005932072417,24.50843666390721,0 39.60006803198816,24.50843894143663,0 39.60007673473216,24.50844119757641,0 39.60008952852143,24.50844346257017,0 39.60010489178512,24.50844792781169,0 39.60011007628646,24.5084524135876,0 39.60012343839151,24.50845689296693,0 39.6001362421224,24.50845909721379,0 39.60014701135183,24.50846131202388,0 39.60015574695834,24.50846353599245,0 39.60016654537517,24.50846577567085,0 39.60017852261219,24.50847254639065,0 39.60018935091274,24.50847479592292,0 39.60019873066302,24.50847932017978,0 39.60020752880254,24.50848157840374,0 39.60021961356951,24.50848842465278,0 39.6002289395922,24.5084928299619,0 39.60024030838635,24.50849719984524,0 39.60025027723979,24.50850390552668,0 39.60026230411748,24.50851058658271,0 39.60027106891731,24.50851272371916,0 39.60028109904484,24.50851946461741,0 39.60029316922757,24.50852615503911,0 39.60030339900937,24.50853312804647,0 39.60031247158116,24.50854277746156,0 39.60031938242105,24.50855230566787,0 39.60032631487298,24.50856186365196,0 39.60033327210211,24.50857145632202,0 39.60033894135544,24.50858359536926,0 39.60034668102209,24.50859572015987,0 39.60035442636497,24.50860786113265,0 39.60036015433891,24.5086201269611,0 39.60036590757939,24.50863244752131,0 39.60037320633008,24.50864253868037,0 39.60037706826814,24.50865519712784,0 39.60037975481956,24.50866479529576,0 39.60038035417149,24.50867446468143,0 39.60038095550843,24.50868416572535,0 39.6003815590132,24.50869389844014,0 39.60037862995178,24.5087061838958,0 39.60037636453481,24.50872096668364,0 39.60037273161453,24.50873090425122,0 39.60036976395914,24.50874334227581,0 39.60036677205866,24.50875580633854,0 39.60036597149244,24.50876076436536,0 39.60036080414464,24.50877331333339,0 39.6003522379828,24.5087811425666,0 39.6003433569303,24.50879626714541,0 39.60033668814911,24.50880380638969,0 39.60033000240128,24.50881136419299,0 39.60032548274841,24.50881894810237,0 39.60031876690473,24.50882654332498,0 39.60031355183335,24.50883161459924,0 39.60030157163762,24.50884433333031,0 39.60029260501228,24.50885198359317,0 39.60028515140742,24.50885708889114,0 39.60027834392056,24.50886477859133,0 39.60027372017164,24.50887249542382,0 39.60026378274802,24.50888539169532,0 39.60025626507333,24.50889055212763,0 39.60025158990558,24.50889832814331,0 39.60024247859434,24.50890610660643,0 39.60023768996621,24.50891377902813,0 39.60022895230901,24.50892383451882,0 39.60022243109528,24.50893396681042,0 39.60021596434206,24.50894425461017,0 39.60020947756777,24.50895457046412,0 39.60020622239657,24.50895973580069,0 39.60019503699073,24.50895963376333,0 39.60018325381645,24.50895692788574,0 39.6001722080153,24.50895706417086,0 39.60016076751739,24.50895494706769,0 39.60015207437765,24.50895531141324,0 39.60014120436192,24.50895576686377,0 39.60013250586574,24.50895613149293,0 39.6001216292325,24.50895658729698,0 39.60010477037961,24.50895989310057,0 39.60009170187151,24.50896044137314,0 39.60007426861304,24.50896117269246,0 39.60005673697172,24.50896173977259,0 39.60003705731441,24.50896402135057,0 39.60001908197909,24.50896373065467,0 39.60000156296727,24.50896590182373,0 39.59998583695889,24.5089656471565,0 39.59997236016358,24.50896542907224,0 39.59995929795502,24.50896762886386,0 39.59994855292393,24.50897001988209,0 39.59993780120045,24.50897241236989,0 39.59992662557912,24.50897235724042,0 39.59992439056246,24.5089723463748,0 39.59990427624639,24.50897224716389,0 39.59989533792613,24.50897220744695,0 39.59987995308375,24.50897270775213,0 39.5998666751175,24.50897294010942,0 39.59985779966143,24.5089730449161,0 39.5998466372403,24.5089730204811,0 39.59983502359352,24.50897039350636,0 39.59982341968692,24.50896776882473,0 39.59980916213229,24.508962563063,0 39.59979981279864,24.50895995412244,0 39.59979046992528,24.50895733957097,0 39.59977424329492,24.50895419656969,0 39.59976747509015,24.50895395628255,0 39.59975619840505,24.50895355586197,0 39.59974943403998,24.50895331547272,0 39.59974082654966,24.50895557446526,0 39.59973528503083,24.50896308288489,0 39.5997278774024,24.50897311993015,0 39.59972011677452,24.50898076589623,0 39.59971235253577,24.50898847069345,0 39.59970498000822,24.50899883877338,0 39.5996953872412,24.50900935694384,0 39.59968801350514,24.5090199240632,0 39.59968021635501,24.50902786199308,0 39.59967240008402,24.50903581931627,0 39.59966642697575,24.50904113159157,0 39.59966083643894,24.509049131303,0 39.59965071061298,24.50905713026186,0 39.59964359506314,24.50907054994876,0 39.59963721898447,24.50908944764478,0 39.59963388205753,24.50909771599937,0 39.59962518540303,24.50910049776105,0 39.59961384186636,24.50910055034104,0 39.59960664824366,24.50909781470434,0 39.59959492687258,24.50909510237741,0 39.59958774811085,24.50909237160639,0 39.59957416501092,24.50909246670688,0 39.59956510713781,24.50909252914299,0 39.59955605278269,24.50909260223667,0 39.59954664281406,24.50908992633742,0 39.59953531597384,24.50908999360982,0 39.59952623020246,24.50908995722178,0 39.59951486624406,24.50908988017837,0 39.59950577580001,24.50908981826505,0 39.59949669448709,24.50908977252665,0 39.59948535713036,24.50908978028275,0 39.59947368758796,24.50908701642402,0 39.59946429348339,24.50908425324812,0 39.59945004509752,24.50907869716625,0 39.59943613192161,24.50907588079791,0 39.59941966442204,24.50907031416314,0 39.59941030506569,24.50906751075825,0 39.59940095404502,24.50906470954606,0 39.59938510084056,24.50906453350951,0 39.59937601865276,24.50906433515089,0 39.59936693829198,24.50906413691614,0 39.59935785769306,24.50906393909545,0 39.59934877648446,24.50906372371904,0 39.59934023520502,24.50906897640355,0 39.59932940970966,24.50907418132209,0 39.59932084414816,24.50907946483806,0 39.59931733502225,24.50909035721114,0 39.5993117913115,24.50910399900398,0 39.59930648072421,24.5091204946241,0 39.59930353942908,24.50913757025592,0 39.59929995434807,24.50914859164766,0 39.59929863455713,24.50915958406953,0 39.59929731077597,24.50917061276391,0 39.59929622087967,24.50918443380559,0 39.59929488764529,24.50919554517059,0 39.59929355013793,24.50920669391074,0 39.59929220830446,24.50921787976024,0 39.59929087782783,24.50922919736331,0 39.59928757080022,24.50924385327403,0 39.59928622024461,24.50925528078846,0 39.59928255092031,24.50926671573432,0 39.5992812026406,24.50927823408593,0 39.59927753569303,24.50928999940453,0 39.59927390134979,24.50930188646928,0 39.5992707786891,24.50931994698027,0 39.59926686812117,24.50932905707052,0 39.59926580755024,24.5093441979893,0 39.59926187489737,24.50935337714349,0 39.59925818530215,24.50936562799355,0 39.59925448134988,24.50937792567471,0 39.5992507635839,24.50939027001711,0 39.59924703116763,24.50940266142448,0 39.59924378188293,24.50942127660375,0 39.59923785769917,24.50943680862632,0 39.59923858814207,24.50944609699504,0 39.59922736438605,24.50945556543024,0 39.59921347753044,24.50946189710664,0 39.59920216409174,24.50947133512125,0 39.5991910597432,24.50948392046304,0 39.59918165840393,24.50948712835767,0 39.59917380637101,24.5094778117121,0 39.59916357902793,24.50946854163417,0 39.59915335841634,24.5094592922,0 39.59914318950976,24.50945009365802,0 39.59913345749403,24.50944723151476,0 39.59912372911488,24.50944441223833,0 39.59911383280439,24.50943858140974,0 39.59910174020367,24.50943581863712,0 39.59909458855728,24.50943596803624,0 39.59908456526482,24.50942714620357,0 39.59907472078263,24.5094212964282,0 39.59906726978519,24.50941541595925,0 39.59905507712463,24.50940960382532,0 39.599045279941,24.50940377257874,0 39.59903549818518,24.50939795949219,0 39.59902349697177,24.50939516393013,0 39.59901387375455,24.50939231688074,0 39.59900662750521,24.50938940623942,0 39.59899677350656,24.5093805855012,0 39.5989869190896,24.50937153012799,0 39.5989770915127,24.50936249991212,0 39.59896965468399,24.50935353079871,0 39.59895742556247,24.50934181876031,0 39.59895015711045,24.5093360432583,0 39.59894054684743,24.50933025021278,0 39.59892877067891,24.50933006987254,0 39.59891933163406,24.50932963985137,0 39.59890989588232,24.50932921009164,0 39.59890053337747,24.50933173172337,0 39.59889120307422,24.50933442919478,0 39.59888427052353,24.50934010292315,0 39.59887747983196,24.50935168964645,0 39.5988729757332,24.50936043393287,0 39.59886858244777,24.50937512648762,0 39.59886640994371,24.50938401762218,0 39.59885955643156,24.50939600169971,0 39.59885505671072,24.50940815214853,0 39.59885055025399,24.50942046969407,0 39.59883863671757,24.50942044075317,0 39.59882671772618,24.50942043184184,0 39.59881718315045,24.5094203646275,0 39.59880522078827,24.50941700537601,0 39.59879564522237,24.50941356944468,0 39.59878602201394,24.50940418374886,0 39.59877405293419,24.50939479203343,0 39.59876448900696,24.50938546107772,0 39.59875260384177,24.50937917799666,0 39.59874547258922,24.5093729736783,0 39.59873600217071,24.50936979364256,0 39.59872418308624,24.50936962841246,0 39.59871236524899,24.50936946325322,0 39.59870054898618,24.50936929807989,0 39.59869344865788,24.50937223883177,0 39.59881662620815,24.50869555846242,0 39.59882286228425,24.50868828138473,0 39.59883124556347,24.50868345142553,0 39.59883966683429,24.50868109335692,0 39.59884808199547,24.50867875726085,0 39.59885655046968,24.50867884031891,0 39.59886707591481,24.50867653982472,0 39.59887329835087,24.5086717992916,0 39.59888169204417,24.50866948329768,0 39.59889226431264,24.50866958637686,0 39.59890064868695,24.50866727186418,0 39.59890903205243,24.50866499786169,0 39.59892174693884,24.50866551682868,0 39.59893012712094,24.50866331946143,0 39.59893849650861,24.50866105789013,0 39.59894898517302,24.5086589693173,0 39.59895747332171,24.50865942815835,0 39.59897212366097,24.50865539422606,0 39.59898050484256,24.50865343590639,0 39.59899111932398,24.50865400761202,0 39.59899525054011,24.50865182093807,0 39.59899737367557,24.50865193517008,0 39.59884940583751,24.50873754417325,0 39.59895006389942,24.50868434089923,0 39.59932802506518,24.50866176069997,0 39.59897576062596,24.50833374681191,0 
						</coordinates>
					</LinearRing>
				</outerBoundaryIs>
			</Polygon>
		</Placemark>
		<Placemark id="79C6EE2599E3E7DEE6624">
			<name>56</name>
			<styleUrl>#m_ylw-pushpin00</styleUrl>
			<Polygon>
				<tessellate>1</tessellate>
				<outerBoundaryIs>
					<LinearRing>
						<coordinates>
							39.59206267869382,24.50603018471263,0 39.59149570099593,24.50618584255852,0 39.59095615538386,24.50614490684813,0 39.59089767913643,24.50494952394925,0 39.59200505271257,24.50504538622855,0 39.59199655986087,24.50504541517893,0 39.59212853226775,24.50567048739851,0 39.59212244182294,24.50567041921731,0 39.59206267869382,24.50603018471263,0 
						</coordinates>
					</LinearRing>
				</outerBoundaryIs>
			</Polygon>
		</Placemark>
		<Placemark id="7A3C6CCC7533E7DEE6624">
			<name>57</name>
			<styleUrl>#m_ylw-pushpin00</styleUrl>
			<Polygon>
				<tessellate>1</tessellate>
				<outerBoundaryIs>
					<LinearRing>
						<coordinates>
							39.59465310751966,24.50481450980073,0 39.5945766851646,24.50521352375831,0 39.59351021798489,24.50515550993287,0 39.59343238869462,24.50482425870576,0 39.59465310751966,24.50481450980073,0 
						</coordinates>
					</LinearRing>
				</outerBoundaryIs>
			</Polygon>
		</Placemark>
		<Placemark id="7B780F072923E7DEE6624">
			<name>58</name>
			<styleUrl>#m_ylw-pushpin00</styleUrl>
			<Polygon>
				<tessellate>1</tessellate>
				<outerBoundaryIs>
					<LinearRing>
						<coordinates>
							39.59441015573287,24.50527686464302,0 39.59445989916956,24.50529156662074,0 39.59399388376136,24.50561402514047,0 39.59325801275495,24.50607623525622,0 39.5926886405535,24.50610465472754,0 39.59217372986512,24.50598690406974,0 39.59232571947656,24.50491393140708,0 39.59302253802696,24.50515624332811,0 39.59378912187863,24.50521204144786,0 39.59418711711308,24.50524393563945,0 39.59432925075964,24.50523822739653,0 39.59441015573287,24.50527686464302,0 
						</coordinates>
					</LinearRing>
				</outerBoundaryIs>
			</Polygon>
		</Placemark>
		<Placemark id="7CC31B752663E7DEE6624">
			<name>59</name>
			<styleUrl>#m_ylw-pushpin00</styleUrl>
			<Polygon>
				<tessellate>1</tessellate>
				<outerBoundaryIs>
					<LinearRing>
						<coordinates>
							39.59209123432532,24.50743974102358,0 39.59135511046727,24.50741190022137,0 39.59132195446342,24.50622520008809,0 39.59261505957973,24.50621836405154,0 39.59262374067875,24.50621838980199,0 39.59254441973064,24.50741266261856,0 39.59209123432532,24.50743974102358,0 
						</coordinates>
					</LinearRing>
				</outerBoundaryIs>
			</Polygon>
		</Placemark>
		<Placemark id="7D632374AE23E7DEE6624">
			<name>60</name>
			<styleUrl>#m_ylw-pushpin00</styleUrl>
			<Polygon>
				<tessellate>1</tessellate>
				<outerBoundaryIs>
					<LinearRing>
						<coordinates>
							39.59285885559596,24.50616625120055,0 39.59335810364373,24.50607630511447,0 39.59286302192825,24.50736310716622,0 39.59263790088168,24.50733172973325,0 39.59285885559596,24.50616625120055,0 
						</coordinates>
					</LinearRing>
				</outerBoundaryIs>
			</Polygon>
		</Placemark>
		<Placemark id="7E3146A20143E7DEE6624">
			<name>61</name>
			<styleUrl>#m_ylw-pushpin00</styleUrl>
			<Polygon>
				<tessellate>1</tessellate>
				<outerBoundaryIs>
					<LinearRing>
						<coordinates>
							39.59254043113442,24.50871743533961,0 39.59273076528488,24.50795308029513,0 39.59346361969659,24.50817376495209,0 39.59300946367384,24.50893264776626,0 39.59254043113442,24.50871743533961,0 
						</coordinates>
					</LinearRing>
				</outerBoundaryIs>
			</Polygon>
		</Placemark>
		<Placemark id="7F0DE6C76BD3E7DEE6624">
			<name>62</name>
			<styleUrl>#m_ylw-pushpin00</styleUrl>
			<Polygon>
				<tessellate>1</tessellate>
				<outerBoundaryIs>
					<LinearRing>
						<coordinates>
							39.59329725414291,24.50648839520374,0 39.59342133249031,24.50609992796256,0 39.59356643843103,24.50600033715976,0 39.59412691129269,24.50562277438966,0 39.59441937408757,24.5057367521734,0 39.59364682033014,24.50762587988892,0 39.59299478510356,24.50734906101915,0 39.59329725414291,24.50648839520374,0 
						</coordinates>
					</LinearRing>
				</outerBoundaryIs>
			</Polygon>
		</Placemark>
		<Placemark id="80ECD2F2FFB3E7DEE6624">
			<name>63</name>
			<styleUrl>#m_ylw-pushpin00</styleUrl>
			<Polygon>
				<tessellate>1</tessellate>
				<outerBoundaryIs>
					<LinearRing>
						<coordinates>
							39.59210946129103,24.50765286002954,0 39.5919299353278,24.50871078558212,0 39.59162205222023,24.50866471805757,0 39.59124843260282,24.50886156708713,0 39.59105437641013,24.50765898902156,0 39.59210946129103,24.50765286002954,0 
						</coordinates>
					</LinearRing>
				</outerBoundaryIs>
			</Polygon>
		</Placemark>
		<Placemark id="81BDCABE2C53E7DEE6624">
			<name>64</name>
			<styleUrl>#m_ylw-pushpin0</styleUrl>
			<Polygon>
				<tessellate>1</tessellate>
				<outerBoundaryIs>
					<LinearRing>
						<coordinates>
							39.62169675732571,24.43340063339537,0 39.6208238070512,24.43345320115155,0 39.62083606625981,24.43298601254318,0 39.6216869817961,24.43296984844167,0 39.62169675732571,24.43340063339537,0 
						</coordinates>
					</LinearRing>
				</outerBoundaryIs>
			</Polygon>
		</Placemark>
		<Placemark id="822F64D676E3E7DEE6624">
			<name>65</name>
			<styleUrl>#m_ylw-pushpin0</styleUrl>
			<Polygon>
				<tessellate>1</tessellate>
				<outerBoundaryIs>
					<LinearRing>
						<coordinates>
							39.62082972400289,24.4344728946821,0 39.6208380489751,24.43355711402775,0 39.62174482179819,24.43348487421585,0 39.6218317091041,24.43438658500012,0 39.62082972400289,24.4344728946821,0 
						</coordinates>
					</LinearRing>
				</outerBoundaryIs>
			</Polygon>
		</Placemark>
		<Placemark id="83E1B4C84A13E7DEE6624">
			<name>66</name>
			<styleUrl>#m_ylw-pushpin0</styleUrl>
			<Polygon>
				<tessellate>1</tessellate>
				<outerBoundaryIs>
					<LinearRing>
						<coordinates>
							39.62174555108774,24.43301842448351,0 39.62174013672792,24.43301838574341,0 39.62174530242697,24.43301272525188,0 39.62175242989102,24.43301087934476,0 39.62172703887298,24.43296205514013,0 39.62214788815666,24.43297460345506,0 39.6222398045979,24.43417774334227,0 39.62223175828306,24.4341831198804,0 39.62222343343845,24.43418584989452,0 39.62221269030245,24.43418594572813,0 39.62220409537618,24.4341860227061,0 39.62187807678945,24.43421245594749,0 39.62174555108774,24.43301842448351,0 
						</coordinates>
					</LinearRing>
				</outerBoundaryIs>
			</Polygon>
		</Placemark>
		<Placemark id="8413FFC21643E7DEE6624">
			<name>67</name>
			<styleUrl>#m_ylw-pushpin0</styleUrl>
			<Polygon>
				<tessellate>1</tessellate>
				<outerBoundaryIs>
					<LinearRing>
						<coordinates>
							39.62246690734946,24.43483337655118,0 39.62273503644463,24.43437902365519,0 39.62344756285019,24.43450567430753,0 39.6232502528392,24.43515693703846,0 39.62246690734946,24.43483337655118,0 
						</coordinates>
					</LinearRing>
				</outerBoundaryIs>
			</Polygon>
		</Placemark>
		<Placemark id="8571A2D4C733E7DEE6624">
			<name>68</name>
			<styleUrl>#m_ylw-pushpin0</styleUrl>
			<Polygon>
				<tessellate>1</tessellate>
				<outerBoundaryIs>
					<LinearRing>
						<coordinates>
							39.62211611793459,24.43587710456857,0 39.62211046238056,24.43528525361396,0 39.62255262323084,24.4348795376844,0 39.62340161432568,24.43536630839424,0 39.6228335571032,24.43579547802987,0 39.62243000571535,24.43578556801307,0 39.62211611793459,24.43587710456857,0 
						</coordinates>
					</LinearRing>
				</outerBoundaryIs>
			</Polygon>
		</Placemark>
		<Placemark id="86DC7DB56AB3E7DEE6624">
			<name>69</name>
			<styleUrl>#m_ylw-pushpin0</styleUrl>
			<Polygon>
				<tessellate>1</tessellate>
				<outerBoundaryIs>
					<LinearRing>
						<coordinates>
							39.62047979650559,24.43558831189716,0 39.62047568341896,24.43473557183945,0 39.62198153088798,24.43454587589992,0 39.62214328487962,24.43518146930713,0 39.62199725326766,24.43555145329103,0 39.62068323082382,24.43558178822263,0 39.62069765000811,24.4360787517007,0 39.62168597703709,24.43594466681795,0 39.62197377578398,24.43555241937624,0 39.62047979650559,24.43558831189716,0 
						</coordinates>
					</LinearRing>
				</outerBoundaryIs>
			</Polygon>
		</Placemark>
		<Placemark id="878008E07913E7DEE6624">
			<name>70</name>
			<styleUrl>#m_ylw-pushpin0</styleUrl>
			<Polygon>
				<tessellate>1</tessellate>
				<outerBoundaryIs>
					<LinearRing>
						<coordinates>
							39.62073232983104,24.43680782650778,0 39.6206877346882,24.43612055861897,0 39.62188318071352,24.43601952849069,0 39.62190052850348,24.43676993444292,0 39.62073232983104,24.43680782650778,0 
						</coordinates>
					</LinearRing>
				</outerBoundaryIs>
			</Polygon>
		</Placemark>
		<Placemark id="88FE88ABD093E7DEE6624">
			<name>71</name>
			<styleUrl>#m_ylw-pushpin0</styleUrl>
			<Polygon>
				<tessellate>1</tessellate>
				<outerBoundaryIs>
					<LinearRing>
						<coordinates>
							39.62223899105395,24.43748349086059,0 39.6222368437061,24.43748341284714,0 39.62222854864623,24.43748039271986,0 39.62222026221492,24.43747737574787,0 39.62221198415966,24.43747436180714,0 39.62220645798429,24.43746603190198,0 39.62220094603449,24.4374577232299,0 39.62219768175852,24.4374475556345,0 39.62219437536066,24.43743753864023,0 39.62219557881067,24.43742522702112,0 39.62220081665355,24.4374154337607,0 39.62220459495374,24.43740006556141,0 39.62220778495988,24.43738996943586,0 39.62221122415463,24.43737739235908,0 39.62221493969002,24.43736226531625,0 39.62221866144164,24.4373471669535,0 39.622221825029,24.43733712401674,0 39.62222314192744,24.4373245674776,0 39.62222843435968,24.43731451397029,0 39.62223159845429,24.437304507831,0 39.62223263529808,24.43729454492998,0 39.62223578496911,24.43728459405287,0 39.62224475553344,24.43727957451596,0 39.622253462356,24.43727703633202,0 39.62226104393149,24.43726463570027,0 39.6222664932009,24.43725229381133,0 39.62227168227929,24.4372424352681,0 39.62227710825914,24.43723013008161,0 39.62228017795601,24.4372203233359,0 39.62228535111895,24.43721046448614,0 39.62229051233179,24.43720062722516,0 39.6222956773498,24.43719077067591,0 39.6223049893882,24.43718090913696,0 39.62231637647429,24.43717103449055,0 39.6223256396828,24.4371611499357,0 39.62233484938913,24.43715144246058,0 39.62234357389244,24.43714668200339,0 39.62234814576588,24.43714189728326,0 39.62235683256907,24.43713714275161,0 39.62236551072886,24.43713240221776,0 39.62237233193574,24.43712525014799,0 39.62238304225941,24.43712054137002,0 39.62239374908308,24.43711580034269,0 39.62240238556133,24.43711105318246,0 39.62241081347052,24.43710869309703,0 39.62241180394924,24.43709679011393,0 39.62241054538337,24.43708728655095,0 39.62241133713949,24.43707781676164,0 39.62241252076905,24.43706366118073,0 39.62241350353469,24.43705190943633,0 39.62241632333622,24.43704254474368,0 39.62241710193301,24.43703319851135,0 39.62241768175894,24.43702621955634,0 39.62241621113166,24.43701932098453,0 39.62241695729571,24.43701015365712,0 39.62241346586201,24.43700327989949,0 39.62240814744077,24.43699413383946,0 39.62240265800956,24.43698727060344,0 39.62239737267547,24.43697814531194,0 39.62239612615246,24.43696907495826,0 39.62239488242918,24.43696002886405,0 39.62239383415707,24.4369487579328,0 39.62239260025788,24.4369397552731,0 39.62239355979901,24.43692856309438,0 39.62239451557507,24.43691740843978,0 39.62239592890312,24.43690156652422,0 39.62239653476764,24.4368947945022,0 39.62239934572151,24.43688573223945,0 39.62240220693446,24.43687649975595,0 39.62240505924353,24.43686729490816,0 39.62240833780179,24.43685352584879,0 39.62240898454613,24.43684665130095,0 39.62241195057391,24.43683551792575,0 39.62241469182424,24.43682670694402,0 39.62241939362143,24.43681792918618,0 39.62242604769878,24.43680918442259,0 39.62243464672457,24.43680047221778,0 39.62244321444494,24.43679181187804,0 39.62245175970283,24.43678317649663,0 39.62245832798522,24.4367745536971,0 39.62246292722279,24.43676594396159,0 39.62245581635134,24.43675729744609,0 39.6224545655253,24.4367487034232,0 39.62244695497721,24.43674652191935,0 39.62243917005238,24.43674648276833,0 39.62242749398637,24.43674642454928,0 39.62242184138992,24.43674425433778,0 39.62240822524193,24.43674418637594,0 39.62239869250275,24.43674199858901,0 39.62239091522127,24.43674195964041,0 39.62238333590302,24.43673978309459,0 39.62237596181858,24.43673547312835,0 39.62236859799141,24.43673116911054,0 39.62235930455603,24.43672685998748,0 39.62235196149235,24.43672256767459,0 39.62234290546456,24.4367161437773,0 39.62233967493836,24.43670974708793,0 39.6223405469019,24.43670120627257,0 39.62235083419338,24.4366949018618,0 39.622359387442,24.43668646930804,0 39.62236729364406,24.43668441750881,0 39.62237326015342,24.43668237550029,0 39.62238114436614,24.4366803666172,0 39.62239150404926,24.43667215968799,0 39.62240567672459,24.43666400556682,0 39.6224138950361,24.43665785696241,0 39.62241826448901,24.4366516971543,0 39.62242471650222,24.43664350539589,0 39.62243324118311,24.43663329254748,0 39.62243793066693,24.43662304182696,0 39.62244401998098,24.43661890912476,0 39.6224518419396,24.43661682895621,0 39.62246173790431,24.43661269172463,0 39.6224712921543,24.43661266005492,0 39.62247718682579,24.43661059038797,0 39.622484987467,24.43660851579381,0 39.62249452802877,24.43660850882775,0 39.62250419334859,24.43660655966564,0 39.62251560294749,24.43660668318842,0 39.62252320647445,24.43660678431446,0 39.62253080868121,24.43660689204814,0 39.62253693654095,24.43660085459797,0 39.62253384223617,24.43659066171161,0 39.62252697452128,24.4365804363583,0 39.62252041435413,24.43656623720727,0 39.622516930255,24.43656215968805,0 39.62251374271213,24.43655408532565,0 39.62252344660234,24.43655023679848,0 39.62253096962183,24.436550388,0 39.62254253100364,24.43654661252545,0 39.62255007430547,24.43654667903276,0 39.62255950381768,24.4365467635277,0 39.62256704721041,24.43654683251144,0 39.62257459154105,24.43654690149429,0 39.62258213611901,24.43654697051919,0 39.62259156805315,24.43654705672423,0 39.62260100077719,24.43654714303894,0 39.62261043467885,24.43654722927677,0 39.62261609545661,24.43654728101359,0 39.6226237541435,24.43654535754432,0 39.6226331873144,24.43654544366186,0 39.62264051548413,24.43654953320276,0 39.62264973732936,24.43655368193837,0 39.62265519372168,24.43655778605879,0 39.62266254801983,24.43656192126175,0 39.62266991281718,24.43656606206901,0 39.62267728792534,24.43657020861229,0 39.62268485576885,24.43657035333893,0 39.62269232995256,24.43657253779134,0 39.62270178655746,24.43657277632835,0 39.62270926479907,24.43657500887265,0 39.62271872621334,24.43657526570271,0 39.62272818307388,24.43657557094711,0 39.62273952854822,24.43657599348398,0 39.62274898706887,24.4365763458113,0 39.62275844974407,24.43657669838355,0 39.62276602264696,24.4365769804176,0 39.6227735980284,24.43657726259126,0 39.62278496562055,24.43657768602933,0 39.6227944429259,24.43657803906975,0 39.62280392390733,24.4365783922701,0 39.62281340869676,24.43657874556142,0 39.62282105120173,24.43657699337244,0 39.62283243831612,24.43657741701748,0 39.62284198683511,24.43657563138596,0 39.62284963643387,24.43657371593281,0 39.62285737075189,24.43656762027153,0 39.62286693517765,24.43656380903685,0 39.62286894795999,24.43655768370671,0 39.62286536001825,24.43654724883494,0 39.62286178672912,24.43653684452982,0 39.62286002795625,24.43653059607952,0 39.62285454961309,24.43652220123095,0 39.62284908805159,24.43651383159403,0 39.62284176382844,24.43650543635271,0 39.62283638867761,24.43649507778755,0 39.62283467247935,24.43648891072508,0 39.62283862717554,24.43648077098587,0 39.6228444378555,24.43647269297698,0 39.62284831479229,24.43646668557107,0 39.62285408654633,24.43645879752733,0 39.62285988474295,24.43644893798807,0 39.62286566382035,24.43643911052516,0 39.62287327922304,24.4364293516639,0 39.62287901715992,24.43641963671514,0 39.62288278814363,24.43641577398459,0 39.62288846617749,24.43640803845668,0 39.62289407233675,24.43640421360272,0 39.62290154547703,24.43639847305699,0 39.62290895706713,24.43639662463229,0 39.62291638622003,24.43639283693883,0 39.62292565120173,24.43638907708425,0 39.622931201389,24.436387210491,0 39.6229349634473,24.43637770572203,0 39.62293872437731,24.43636642387853,0 39.6229424850367,24.4363532889192,0 39.62294618672433,24.43634768872819,0 39.62294806025015,24.43634020730298,0 39.62294994671443,24.43632912710702,0 39.62295363468704,24.43632178510353,0 39.62295731466456,24.4363144593934,0 39.62296280209937,24.43630900264077,0 39.62297009880626,24.43630535130441,0 39.62297738578626,24.43630351482202,0 39.6229864898309,24.43630345903544,0 39.62299376911482,24.43630156224437,0 39.62300286290895,24.43629965561533,0 39.6230119508236,24.43629775024647,0 39.62302104406044,24.43629769474647,0 39.62303380454109,24.436301317236,0 39.62304663744205,24.43631050871494,0 39.6230557956329,24.43631424356831,0 39.62306316727641,24.43631988967829,0 39.62307238109544,24.43632556271964,0 39.62307975296763,24.43632936148392,0 39.62308893276608,24.43633131426346,0 39.62309991504171,24.43633142045951,0 39.62310906807632,24.43633150905199,0 39.62311818157567,24.43632973007848,0 39.62312550359501,24.43632980180621,0 39.62313465704262,24.43632989155137,0 39.62314198216581,24.43632997750415,0 39.62314920790754,24.43632633454563,0 39.62315642585234,24.43632269559773,0 39.6231616452169,24.43631346013985,0 39.62316507955126,24.43630608223879,0 39.62316856218186,24.43630057394869,0 39.62317380479708,24.43629326210731,0 39.62317909443568,24.43628780797999,0 39.62318437591968,24.43628236559702,0 39.62318965059553,24.43627695092151,0 39.62319485404672,24.43626971770945,0 39.62319830070224,24.43626433191879,0 39.6232034923245,24.43625717669631,0 39.62320679498036,24.43624819193426,0 39.62320841368511,24.43624282910212,0 39.62321177574892,24.43623572835499,0 39.62321693781146,24.4362286822595,0 39.62322583815642,24.43622530058369,0 39.62323292373177,24.43622187715056,0 39.62324000104874,24.4362184477088,0 39.62324895172588,24.43621684143556,0 39.62325609474817,24.43621519991694,0 39.62326504001906,24.43621359478453,0 39.62327217779625,24.43621195441562,0 39.62328283708104,24.43620860454244,0 39.62329177169313,24.4362070014636,0 39.62330070341702,24.43620539902762,0 39.62330602452858,24.43620372621828,0 39.62331495099213,24.43620212468662,0 39.62331998010971,24.43619512675436,0 39.62332149477913,24.43618984415797,0 39.62332281422282,24.43618103609844,0 39.62332432268386,24.43617577671488,0 39.623333208649,24.4361741862411,0 39.62334038831879,24.43617429482273,0 39.62334935865017,24.4361744092721,0 39.62335650570936,24.43617439185531,0 39.6233672102192,24.4361743135342,0 39.62337602036259,24.43617249082582,0 39.62338671968506,24.43617241263591,0 39.62339743594522,24.43617239336507,0 39.62340458442755,24.43617239297565,0 39.62341530241508,24.43617237964082,0 39.62342066109746,24.43617237256792,0 39.62342959246988,24.43617236077231,0 39.62343673717713,24.43617235133861,0 39.62344731670994,24.4361705572142,0 39.62345445905702,24.4361705477936,0 39.62346338701443,24.43617053601531,0 39.62347245995712,24.43617230416022,0 39.62348213052499,24.43618120765612,0 39.62348794643876,24.43618656232422,0 39.62349377273556,24.43619192651877,0 39.62349781515505,24.43619730040862,0 39.62350350475491,24.43620088394132,0 39.623507405297,24.43620447373118,0 39.62351506199236,24.43620986431815,0 39.62352453116952,24.43621526232787,0 39.62353205288396,24.43621886493332,0 39.62353925232735,24.43621885657121,0 39.62354661943698,24.43622065536366,0 39.62355382091017,24.43622064707087,0 39.62356462263096,24.43622063454152,0 39.62357544787154,24.43622067679815,0 39.6235826639891,24.43622070258146,0 39.62358807595768,24.43622072056487,0 39.62359709566368,24.43622075063593,0 39.62360611594026,24.43622078075949,0 39.62361513651371,24.43622081084129,0 39.6236241574631,24.43622084097452,0 39.62363317885913,24.43622087105464,0 39.62364220065276,24.43622090109065,0 39.62364921890374,24.43621911524579,0 39.62365603153574,24.43621552252418,0 39.62366062891064,24.43620831986836,0 39.62366361996558,24.43620292758591,0 39.62366660595574,24.43619754484701,0 39.62367138254007,24.43619217743342,0 39.6236759442771,24.43618502979151,0 39.62368249525834,24.43617969025836,0 39.6236874533358,24.43617613764956,0 39.62369019495837,24.4361690218779,0 39.62369472358363,24.43616194036461,0 39.62369945039953,24.43615664038706,0 39.62370616350052,24.43615311760716,0 39.6237128493708,24.43614956469472,0 39.62371928890099,24.43614421428635,0 39.623722008572,24.43613722555152,0 39.62372472300789,24.43613025486502,0 39.62372385779369,24.43612325146803,0 39.62372277976242,24.43611452143182,0 39.62372191962389,24.43610755534667,0 39.62372106122777,24.43610060470104,0 39.62372198316876,24.43609369579896,0 39.6237229029831,24.43608680163151,0 39.62372758466638,24.43608169441617,0 39.62373026930701,24.43607485092924,0 39.62373294813079,24.43606802293666,0 39.62373583780807,24.43606292342544,0 39.62374026368428,24.43605613070341,0 39.62374291461605,24.43604933103189,0 39.62374380157812,24.43604253255486,0 39.62374644295999,24.43603576328828,0 39.62374732376282,24.43602899567782,0 39.62374623194786,24.43602054014844,0 39.62374536100248,24.43601379305273,0 39.62374427507559,24.4360053807921,0 39.62374515377235,24.43599868171056,0 39.6237443029252,24.43599200790844,0 39.62374520068866,24.43598537003819,0 39.62374435688805,24.43597873355572,0 39.62374330457732,24.43597045839644,0 39.62374246496309,24.43596385506919,0 39.62374898319203,24.4359606100251,0 39.62375765599411,24.43596067456885,0 39.62376806448276,24.43596075197708,0 39.62377672785524,24.43596080045002,0 39.62378538495919,24.43596083873708,0 39.62379231086096,24.43596086968043,0 39.62379923734601,24.43596090058441,0 39.62380639071849,24.43596257837897,0 39.62381376306546,24.43596588777645,0 39.62382263864243,24.43596754696927,0 39.62382806085661,24.43596920501917,0 39.62383867547997,24.43597086727419,0 39.6238510228154,24.43597252688576,0 39.62385991187983,24.43597418038419,0 39.62386534651703,24.43597583707429,0 39.62387251424052,24.43597749340203,0 39.62388141648346,24.43597914970162,0 39.62389006893405,24.43597914413616,0 39.62389699034745,24.43597913877441,0 39.62390564166345,24.43597913197521,0 39.62391231197945,24.43597747730185,0 39.62391925211649,24.43597749742581,0 39.62392619279294,24.43597751761411,0 39.62393660085504,24.43597754393022,0 39.62394527103292,24.43597756204054,0 39.62395220757378,24.43597757650893,0 39.62395914840609,24.43597759574154,0 39.62396755628893,24.43597596758528,0 39.62397276413429,24.43597598587832,0 39.62398141334786,24.43597598127949,0 39.62398977180347,24.43597430704395,0 39.62399665512068,24.43597426534804,0 39.62400345488339,24.43597413136681,0 39.62400996590547,24.43597233975203,0 39.62401845908663,24.43597217288155,0 39.62402665817838,24.43597034966394,0 39.62403344686797,24.43597021641013,0 39.62404198483512,24.43597010881828,0 39.62405053484628,24.43597001457774,0 39.62405875996777,24.43596824138838,0 39.62406901690122,24.43596813123172,0 39.62407757111399,24.43596804872832,0 39.62408408000091,24.43596630288773,0 39.62409229352608,24.43596454151471,0 39.62409879651488,24.43596280274589,0 39.62410565886585,24.43596276568731,0 39.62411354177847,24.43595935732528,0 39.62412176382689,24.43595763172289,0 39.62412862121937,24.43595759727875,0 39.62413512584445,24.43595588578889,0 39.62414162588267,24.4359541754068,0 39.62414979567326,24.43595242113005,0 39.6241545352861,24.43595068455772,0 39.62416097094638,24.43594892987403,0 39.62416776784199,24.43594885248241,0 39.62417552546604,24.43594540527176,0 39.62418364265148,24.43594363545153,0 39.62419005726797,24.4359418861373,0 39.62419853755393,24.43594179018459,0 39.62420663870472,24.43594002324695,0 39.62421468523171,24.43593821484566,0 39.62422311269765,24.43593808145586,0 39.62422985335618,24.43593797477763,0 39.62423827710612,24.43593784143652,0 39.62424838305687,24.43593768149369,0 39.62425515271921,24.4359376038428,0 39.62426196867565,24.43593756680056,0 39.62426835957184,24.4359358382149,0 39.62427869072317,24.43593587783008,0 39.62428732689089,24.4359359327983,0 39.62429598378581,24.43593600479802,0 39.62430356422981,24.43593793501276,0 39.62431394406939,24.43594342012074,0 39.62432081710185,24.4359488411688,0 39.62432637393385,24.43595593416552,0 39.62432927773717,24.43596637779807,0 39.62433304467051,24.4359734453028,0 39.62433731226793,24.43598228951245,0 39.62434025609599,24.43599284876152,0 39.62434265576456,24.43600162921014,0 39.62434416107131,24.43600696492773,0 39.62434488244979,24.4360158403813,0 39.62434689946473,24.43602299912432,0 39.62434712224696,24.43603013473609,0 39.62434965594221,24.43603913923764,0 39.62434807762312,24.43604627682427,0 39.62435062114503,24.43605534090688,0 39.62435077300881,24.43606250122596,0 39.6243508126283,24.43606958034394,0 39.62435085250073,24.43607667821906,0 39.62435318736824,24.43608564498654,0 39.62435323036001,24.43609278546553,0 39.62435327339233,24.43609994491538,0 39.62435656465973,24.43611261762161,0 39.62435842498105,24.43611986110147,0 39.62436090330983,24.43613046211207,0 39.62436438582465,24.43613758879707,0 39.62436618429144,24.43614482188629,0 39.62437075105721,24.43615577279608,0 39.6243730615092,24.43616491857354,0 39.62437672882393,24.43617227358489,0 39.62437952282132,24.43618331837733,0 39.62438274280734,24.43618887406661,0 39.62438508743929,24.43619813056939,0 39.624389265064,24.43620743514363,0 39.62439345665773,24.43621677104366,0 39.62439535559785,24.43622424896726,0 39.62439727952425,24.43623176663112,0 39.6244001802373,24.43624308632118,0 39.62440287878621,24.43625282532902,0 39.62440619981036,24.43626463028369,0 39.62440844875851,24.43627255702367,0 39.62441374074386,24.43628456607929,0 39.62441716884194,24.43629658207163,0 39.62442113263832,24.43630444912487,0 39.62442318861258,24.43631226294107,0 39.62442525563998,24.43632010481141,0 39.62442739379421,24.43632803576999,0 39.62443143095887,24.43633603186625,0 39.62443349994631,24.43634392184504,0 39.62443646405705,24.43635564370754,0 39.624438945657,24.43636545082746,0 39.62444146382269,24.43637532020979,0 39.62444451301087,24.43638722663017,0 39.62444736645921,24.43639896078723,0 39.62444975287386,24.43640877422282,0 39.62445214685453,24.4364186194882,0 39.6244545436152,24.43642849158656,0 39.62445694249389,24.43643838964635,0 39.62445743630369,24.43644829279588,0 39.62445744941546,24.43645623315977,0 39.62445746247187,24.43646419375489,0 39.62445747570107,24.4364721750158,0 39.62445604965817,24.43648215985009,0 39.62445750207792,24.43648819967464,0 39.62445558755149,24.43649621511598,0 39.62445415292182,24.43650627743016,0 39.62445416114672,24.43651436787829,0 39.62445417002312,24.43652247940691,0 39.62445466759756,24.4365326574025,0 39.62445085050103,24.43654082360056,0 39.6244508981146,24.43654905427705,0 39.62444900575819,24.43655728534067,0 39.62444760486091,24.43656761577262,0 39.62444707967209,24.43657375140058,0 39.62444311958732,24.43658189848481,0 39.624441081353,24.43659006565682,0 39.62443948739461,24.43660029570896,0 39.6244364728905,24.43660433280781,0 39.62443284816287,24.43661450777619,0 39.62443025605459,24.43662059606699,0 39.62442613312754,24.43662871817882,0 39.62442200044332,24.43663685936004,0 39.62442091522037,24.43664095212527,0 39.62441676907414,24.43664912243714,0 39.62441173282639,24.43665316977193,0 39.62440800656035,24.43666344403485,0 39.62440339345719,24.43666958672977,0 39.62439723191116,24.43667779533808,0 39.62439103356868,24.43668599799324,0 39.62438790198285,24.43669006790764,0 39.62438161865233,24.43669821033213,0 39.62437847241732,24.43670228984837,0 39.6243745710158,24.43671257420007,0 39.62437024664113,24.43672080311181,0 39.62436591245841,24.43672905080467,0 39.62436158460901,24.43673733997142,0 39.62435685623323,24.436743575304,0 39.62434731870299,24.43674557088638,0 39.6243393600591,24.43674548560754,0 39.62433180627828,24.43674750339028,0 39.62432225827322,24.43674950077725,0 39.62431429707392,24.43674941539374,0 39.62431031772057,24.4367598897687,0 39.62430195977088,24.43676826777864,0 39.62429802050191,24.43677889845658,0 39.62429326044138,24.43678527973646,0 39.62428930003768,24.43679596455014,0 39.62428492434032,24.4368045302143,0 39.62428053785542,24.43681311687022,0 39.62427574274475,24.43681956883706,0 39.62427496557408,24.43682608184451,0 39.62427259033953,24.43683477939381,0 39.62427623151318,24.43684352415471,0 39.62427988172784,24.43685229116446,0 39.62428555523883,24.4368610907799,0 39.62429082742791,24.4368677101649,0 39.62429652815898,24.43687655010346,0 39.62430224363445,24.43688541277055,0 39.62430190632931,24.43689427205231,0 39.62429018987942,24.43689644014665,0 39.62428084171943,24.43690074255819,0 39.62426784468201,24.43690725985899,0 39.62425445106851,24.43691161228066,0 39.62424506846196,24.43691593998039,0 39.62423490093174,24.43691585017165,0 39.62422753984132,24.4369202053419,0 39.62421940207718,24.43692013333959,0 39.62421164686943,24.43692227885911,0 39.62420961315179,24.43692226276139,0 39.6241981703245,24.43692660805043,0 39.62418837343154,24.43692875031826,0 39.62417933549803,24.43693537410449,0 39.62417195625095,24.43693981117916,0 39.62416494317998,24.43694649666367,0 39.62415958117165,24.43695095743724,0 39.62415217377598,24.43695541391694,0 39.6241475381111,24.4369643924701,0 39.62414326042362,24.43697565469378,0 39.62414101480409,24.43698695833142,0 39.624138024206,24.43699374958975,0 39.62413539638234,24.43700283218827,0 39.62413276209383,24.43701193785952,0 39.62413181021788,24.43701878774387,0 39.62412952848773,24.43703021718062,0 39.62412515736728,24.43704164024099,0 39.62412454340127,24.43705082026416,0 39.6241214963981,24.43705770638902,0 39.62411880544174,24.43706691588399,0 39.62411818153441,24.43707615974425,0 39.624115479502,24.4370854159149,0 39.6241131320329,24.43709702471975,0 39.62411249809404,24.43710634565559,0 39.62410977774788,24.43711567860388,0 39.62410913786206,24.43712504680433,0 39.62410640643152,24.43713442701596,0 39.62410785325618,24.43714385525207,0 39.62410092212889,24.43715326046813,0 39.62409535350238,24.43715795990791,0 39.62409013521524,24.43716503797055,0 39.62408244882882,24.4371697336756,0 39.62407684771529,24.4371744288402,0 39.62406666913347,24.43717670247572,0 39.62405824079526,24.4371766070488,0 39.62405087800956,24.43718371792184,0 39.62404350770051,24.43719086964595,0 39.62403789098394,24.43719565133062,0 39.6240326177927,24.43720286256941,0 39.62402733757038,24.43721009311455,0 39.62401993412033,24.43721732140584,0 39.62401428388797,24.43722214309503,0 39.62400685324952,24.43722939402998,0 39.6240018679076,24.43723911469559,0 39.62399508702523,24.43725129844937,0 39.62398794547509,24.43726106401038,0 39.62398078518821,24.43727085535368,0 39.62397754283566,24.43727824644916,0 39.62397251827699,24.43728817763366,0 39.62396433295581,24.43729064343071,0 39.62395401016222,24.43729310388932,0 39.62394334637025,24.43729306984871,0 39.62393482053037,24.43729304748461,0 39.62392596846153,24.43729052691808,0 39.62391712289825,24.43728800830355,0 39.62390614639808,24.43728547046346,0 39.62389729631182,24.43728290898782,0 39.62388600877739,24.43727784174846,0 39.62387291585441,24.43727525274782,0 39.62386409121712,24.43727269864441,0 39.62385527285021,24.43727014633664,0 39.62384646161932,24.43726759630968,0 39.62384007943356,24.43726754657777,0 39.62383127678671,24.43726499842308,0 39.62382248083249,24.43726245203805,0 39.6238136936613,24.4372599098143,0 39.62380491153807,24.43725736835781,0 39.62379585544065,24.43725235543323,0 39.6237831222883,24.43725225882723,0 39.62377251202434,24.43725217836416,0 39.62376189799594,24.43725208560065,0 39.6237555237362,24.43725200976596,0 39.62374489919927,24.43725187953518,0 39.62373665843651,24.43725425039024,0 39.62372603245306,24.43725411456853,0 39.62371328162373,24.43725393885379,0 39.62370690542079,24.43725385408213,0 39.62369627966939,24.43725371201565,0 39.6236856402296,24.43725352743871,0 39.62367524376317,24.43725581774007,0 39.62366673258757,24.43725566715081,0 39.62365184111591,24.43725540374243,0 39.62364333297072,24.43725525326929,0 39.62363482593247,24.43725510280314,0 39.62362632010451,24.4372549521464,0 39.62361355756394,24.43725470196983,0 39.62360292282539,24.43725449113666,0 39.62359016358975,24.4372542381612,0 39.62357953274218,24.43725402739912,0 39.62356890389336,24.43725381660527,0 39.62355827198832,24.43725358244541,0 39.62354744207798,24.43725085456529,0 39.62353469161249,24.43725056481588,0 39.62352406862122,24.43725032327837,0 39.62351344755344,24.43725008178781,0 39.62350513535229,24.43725237336819,0 39.62349452059118,24.43725215578386,0 39.62348603090123,24.43725199150138,0 39.62347559714935,24.43725428918944,0 39.62346975311095,24.43726168483499,0 39.62346619757315,24.43727165237076,0 39.62346263185022,24.43728164785654,0 39.62346118977869,24.43729171319345,0 39.62345760687634,24.43730176515198,0 39.62345632485533,24.43731443351292,0 39.62345469638375,24.43732203944608,0 39.62345340508658,24.43733478056542,0 39.62345193905831,24.43734499751411,0 39.62345279213282,24.43735786453598,0 39.62345131393303,24.43736807282752,0 39.62344997287171,24.4373808393408,0 39.62344848331449,24.43739114011769,0 39.6234471563438,24.43740406264276,0 39.6234478238003,24.43741444960536,0 39.62344632440398,24.43742484656319,0 39.62344498723615,24.43743788946399,0 39.6234434789146,24.43744835370203,0 39.62344414515752,24.43745886794192,0 39.62344263106033,24.4374693924809,0 39.62344111292579,24.43747994727214,0 39.62343959037506,24.43749053239232,0 39.62343587202923,24.43750112778037,0 39.62342994887397,24.43751173262041,0 39.62342620586639,24.43752238881321,0 39.62342244796142,24.4375330151881,0 39.62342086509134,24.43754363271585,0 39.62341706875146,24.43755421705253,0 39.62341782989433,24.43756754513744,0 39.62342097080858,24.43758365515835,0 39.6234215959978,24.43759443544823,0 39.62342428296093,24.4376025376953,0 39.62342507277966,24.43761608569809,0 39.62342586517948,24.4376296819686,0 39.62342204550559,24.43764060123443,0 39.62341348823366,24.43764637702268,0 39.6234049378975,24.43765230377737,0 39.62339622026742,24.43765547359377,0 39.62338552591773,24.43766397484412,0 39.62337897294145,24.43766681533508,0 39.62337284868227,24.4376780156933,0 39.62336418156255,24.4376836798732,0 39.62335534144292,24.4376864294065,0 39.62334434151997,24.43769160052138,0 39.6233354499204,24.4376940334323,0 39.62332442854793,24.43769921387037,0 39.62331765332725,24.43769890310052,0 39.62330901613173,24.43770712688188,0 39.62330011679728,24.43770980529961,0 39.62329133055105,24.43771509142025,0 39.62328253891225,24.43772061257567,0 39.62327130036396,24.43772257307116,0 39.62325788161415,24.43772519687988,0 39.62324883315539,24.43772499863482,0 39.6232376436368,24.4377275734897,0 39.62322861945691,24.43772744278558,0 39.62322192550982,24.43773007515249,0 39.62321289593798,24.4377298368159,0 39.62320161097556,24.4377295387164,0 39.62319257629979,24.43772928166637,0 39.62317903111466,24.4377288639979,0 39.62316548255996,24.4377284514497,0 39.62315420494777,24.43772823704151,0 39.62314293457424,24.43772797085262,0 39.62313391340607,24.43772773385464,0 39.62312263941926,24.43772743810695,0 39.6231136722263,24.43773000565552,0 39.62310465470892,24.43772982184433,0 39.62309338481371,24.43772959211332,0 39.62308436946032,24.43772940869362,0 39.62307538963352,24.43773202606398,0 39.62306411894372,24.43773171552465,0 39.6230528475045,24.43773140654197,0 39.62304383236898,24.437730984193,0 39.62303031468205,24.43773026667456,0 39.62302583150578,24.4377328464243,0 39.62302816014434,24.43774707611894,0 39.62303049345499,24.4377587257193,0 39.6230328340544,24.43777041256068,0 39.62303747333024,24.43778515757668,0 39.62304215474266,24.43780288568441,0 39.62304685923304,24.43782070041332,0 39.6230515310452,24.43783267010985,0 39.62305618517164,24.43784157375762,0 39.62306091275592,24.43785642557668,0 39.6230679205118,24.43786838704996,0 39.62307498925115,24.43788340585215,0 39.62308204374182,24.43789544667372,0 39.62308673238912,24.43790148631626,0 39.62308228005332,24.43791340625893,0 39.62307314421713,24.43792186216289,0 39.62306395415033,24.43792730463927,0 39.62305478220656,24.43793580342722,0 39.62304556782808,24.43794132157723,0 39.62303398716676,24.43794076882731,0 39.6230247376401,24.43794326201473,0 39.62301548111368,24.43794566646801,0 39.62300390596174,24.43794784988802,0 39.62299232838852,24.43795003350547,0 39.62298306367283,24.43794939866103,0 39.62297148396991,24.43795158274394,0 39.6229622172257,24.43795396160018,0 39.62295294675648,24.43795641863216,0 39.62294367355522,24.4379587873661,0 39.6229343984658,24.43796097250045,0 39.62292512111375,24.43796315835492,0 39.62291584131091,24.43796534462021,0 39.62290424599348,24.43796732592527,0 39.62289496189671,24.43796951303072,0 39.62288563830701,24.43797471478462,0 39.62287402228782,24.43797688170528,0 39.62286472111155,24.43797926163601,0 39.62285541649941,24.43798164251673,0 39.62284385111101,24.43798077917201,0 39.62283707727883,24.43797106345756,0 39.62283039407416,24.43795859284316,0 39.62282372086452,24.43794619545529,0 39.6228170045933,24.4379368507073,0 39.62281030579553,24.43792752957325,0 39.6228036239735,24.43791823290295,0 39.62279466741709,24.43790886253529,0 39.62278565796732,24.4379024995219,0 39.62277666467022,24.43789614799837,0 39.62276988863828,24.43789287992864,0 39.62276091394737,24.43788666996846,0 39.62275423017795,24.43788060544532,0 39.62274536908703,24.43787155195603,0 39.62273871419517,24.43786551233226,0 39.62272989008846,24.43785649608066,0 39.62272337586469,24.43784739221485,0 39.62271472042116,24.43783521723143,0 39.62271040370706,24.43782914510361,0 39.62270156990663,24.43782291302859,0 39.62269512543271,24.43781383979824,0 39.62268643968493,24.43780472169439,0 39.62267776420651,24.43779575392956,0 39.62266898525014,24.43778974044058,0 39.62266022086939,24.43778373714248,0 39.62265147147291,24.43777774423932,0 39.62264062359699,24.43776880885811,0 39.62263204868221,24.43775993050144,0 39.62262335249344,24.43775397761567,0 39.62261467058065,24.43774803475296,0 39.62260600351119,24.43774210199645,0 39.62259958892807,24.43773621371888,0 39.62259106518373,24.4377276894033,0 39.62258239926305,24.43772210092758,0 39.62257390443154,24.43771367371131,0 39.6225651402163,24.43771071242736,0 39.62255654316527,24.43770494825134,0 39.62254795993603,24.43769919311638,0 39.62253922481876,24.43769624428293,0 39.622530483755,24.4376933826422,0 39.62252208519773,24.43768499257814,0 39.6225135300538,24.43767940850564,0 39.62250721114087,24.43767383356785,0 39.6224986801926,24.43766826603857,0 39.62249034555941,24.43765993245565,0 39.6224816560765,24.43765715636999,0 39.62247316336447,24.43765161383937,0 39.622464680522,24.43764608123989,0 39.62245601753168,24.43764331524963,0 39.62244775508042,24.4376350499878,0 39.62244152122027,24.43762954952095,0 39.62243567988003,24.43761868447593,0 39.62242964367246,24.4376106123925,0 39.62242600295805,24.43759992329518,0 39.62241998690066,24.43759191502211,0 39.62241417618709,24.43758129071061,0 39.62240568941161,24.43757646532863,0 39.62239721190469,24.43757164506912,0 39.62238833376766,24.43757211283886,0 39.62237945310667,24.43757258081873,0 39.62236839626431,24.43757301200126,0 39.62235996031881,24.43756809152568,0 39.62235132020313,24.43756580604995,0 39.62234289854248,24.43756090622012,0 39.62233448620038,24.43755601211953,0 39.62232586286607,24.43755373198645,0 39.62231724313212,24.43755145300192,0 39.62230862706102,24.43754917510953,0 39.62230024367384,24.43754429300137,0 39.62229687494185,24.43753352352214,0 39.62229356055373,24.43752263010891,0 39.62228777841366,24.43751461193964,0 39.62228173014203,24.43750936231903,0 39.62227358519014,24.43750385210744,0 39.62226552382449,24.4374980883408,0 39.62225719473613,24.43749505354699,0 39.62224887412679,24.43749202208584,0 39.62224056191271,24.43748899365158,0 39.62223196619385,24.43748868120312,0 39.62222366785434,24.43748565624478,0 39.62222055826747,24.43747467164919,0 39.62221930249434,24.43746649497983,0 39.6222113368258,24.43746079814742,0 39.62220337458515,24.43745519141528,0 39.62223899105395,24.43748349086059,0 
						</coordinates>
					</LinearRing>
				</outerBoundaryIs>
			</Polygon>
		</Placemark>
		<Placemark id="895221DDD333E7DEE6624">
			<name>72</name>
			<styleUrl>#m_ylw-pushpin0</styleUrl>
			<Polygon>
				<tessellate>1</tessellate>
				<outerBoundaryIs>
					<LinearRing>
						<coordinates>
							39.62427685639126,24.43589873699618,0 39.62388102130596,24.43587762887171,0 39.6239135426679,24.43548064164666,0 39.62420850298365,24.43560257732213,0 39.62421461089671,24.43560125626345,0 39.62421913625921,24.43559983341899,0 39.62422499203901,24.43559671657162,0 39.62423256075131,24.43559522760173,0 39.62423838379735,24.43559206541021,0 39.62424575075154,24.43558893742758,0 39.62425020632511,24.43558739018982,0 39.62425787918929,24.43558617889044,0 39.62425946371604,24.43558628741582,0 39.62427685639126,24.43589873699618,0 
						</coordinates>
					</LinearRing>
				</outerBoundaryIs>
			</Polygon>
		</Placemark>
		<Placemark id="8A0DCA913223E7DEE6624">
			<name>73</name>
			<styleUrl>#m_ylw-pushpin0</styleUrl>
			<Polygon>
				<tessellate>1</tessellate>
				<outerBoundaryIs>
					<LinearRing>
						<coordinates>
							39.6247366696949,24.43595332446633,0 39.6247303666362,24.43595696048001,0 39.62472753185805,24.4359644276723,0 39.62472458320291,24.43597002652038,0 39.6247217264208,24.43597748583092,0 39.62471711472521,24.43598300925826,0 39.62471424049468,24.43599050384739,0 39.62471135513535,24.43599799426235,0 39.62471007720878,24.4360053815601,0 39.62470714175245,24.43601268443865,0 39.62470063343,24.43601434684332,0 39.62469585808763,24.43601791173103,0 39.6246877753365,24.4360213853348,0 39.6246813358688,24.43602491025834,0 39.62467662188981,24.43603034900578,0 39.62467189863082,24.43603579764971,0 39.62467221366366,24.43604327176867,0 39.62467089889799,24.43605090623635,0 39.62466967488032,24.43606058855875,0 39.62466827374016,24.43606639818641,0 39.6246686041038,24.43607409565507,0 39.62466732955113,24.43608354019095,0 39.62466597187996,24.43609109979399,0 39.62466461062473,24.43609867906327,0 39.6246632460243,24.43610627808992,0 39.62466187781321,24.43611389685283,0 39.62466042842144,24.43611960103352,0 39.62465913030397,24.43612919376842,0 39.62465775145685,24.43613687225366,0 39.6246546929084,24.43614460980738,0 39.62464987146124,24.43615041431705,0 39.62464504042391,24.4361562302651,0 39.62463842900166,24.43615994785447,0 39.6246318098907,24.43616366970942,0 39.6246252685896,24.43616954062027,0 39.62462041287305,24.43617550871817,0 39.62461551170608,24.43618120955336,0 39.62461057356356,24.43618656420753,0 39.6246056400981,24.43619203373967,0 39.62460066410807,24.43619581533387,0 39.62459391483387,24.43619739974294,0 39.62458715582176,24.43619890132579,0 39.62458045680116,24.43620255464152,0 39.62457375809143,24.43620627588398,0 39.62456875674196,24.43621011985176,0 39.62456199165926,24.436211746943,0 39.62455527383189,24.43621547813803,0 39.62454849001676,24.43621690852525,0 39.62454169838518,24.43621821941074,0 39.62453494864506,24.43622163976807,0 39.6245264081081,24.43622064147401,0 39.62451961750338,24.43622195220263,0 39.62451108935293,24.43622095421956,0 39.62450259812103,24.43622206460509,0 39.62449583794891,24.4362254840576,0 39.62448908445549,24.43622930282443,0 39.6244823477377,24.43623541334844,0 39.62447903038613,24.43624411638472,0 39.62447224432184,24.43624799583651,0 39.62446541825513,24.43624741403576,0 39.62445859904555,24.43624704182291,0 39.62445178236057,24.43624666971028,0 39.62444666388265,24.43624413194246,0 39.62444153098674,24.43623259337991,0 39.62443812287391,24.43622357263599,0 39.62443472516414,24.43621290883157,0 39.62443303106012,24.436206539835,0 39.6244296550304,24.43619594614697,0 39.62442629122079,24.43618748619137,0 39.62442294162018,24.43617696915125,0 39.62442127327418,24.43616863010973,0 39.62441627382588,24.43615852827214,0 39.62441629857914,24.43614871675224,0 39.62441632310117,24.43613893905347,0 39.6244163475836,24.43612919510659,0 39.62441470538324,24.43612136062116,0 39.62441473261251,24.43611167734948,0 39.62441309773333,24.43610389196551,0 39.62441147276901,24.43609584924484,0 39.62441149429725,24.43608978026793,0 39.62440988406986,24.43607960429935,0 39.62440827120901,24.4360714744725,0 39.62440831683656,24.4360610181426,0 39.62440835818518,24.43605267402268,0 39.62440676180723,24.43604427870982,0 39.62440680266565,24.4360344826025,0 39.62440520852171,24.43602660843419,0 39.6244036102096,24.43601875220599,0 39.62440369481445,24.43600670481012,0 39.62440213648183,24.43599472631852,0 39.6244005660491,24.43598675579099,0 39.62440061394927,24.43597893905658,0 39.62439904946189,24.43597102264322,0 39.62439749172431,24.43596314988975,0 39.62439594729396,24.43595508938436,0 39.62439442082985,24.43594504184326,0 39.62439449845485,24.43593513692286,0 39.6243929657812,24.43592713381542,0 39.62439303058353,24.43591926405913,0 39.62439150612453,24.43591131755348,0 39.62439155641717,24.43590545389515,0 39.62439165661761,24.43589377164145,0 39.62439330349778,24.43588611891896,0 39.62439494204774,24.43587848850064,0 39.62439659260137,24.4358689639149,0 39.62439822250117,24.43586036706785,0 39.62439983289129,24.43585358250724,0 39.62440300856511,24.43584690248024,0 39.62440459826946,24.43584192608985,0 39.62440776786664,24.43583368464732,0 39.62440935872069,24.43582707759342,0 39.62440938360195,24.43582043552758,0 39.62440941309776,24.43581215407902,0 39.62440943689474,24.43580543089023,0 39.62440635434171,24.43579698199762,0 39.6244048282488,24.43579025117139,0 39.62440175266351,24.43578352063751,0 39.62440024430599,24.43577520325904,0 39.62439873044598,24.43576856966826,0 39.62439722039895,24.43576195181345,0 39.624397269134,24.43575372072347,0 39.62439576475178,24.43574713797257,0 39.62439579515992,24.43574222235193,0 39.62439431664635,24.43573240194444,0 39.62439282159512,24.43572586922242,0 39.62439287619895,24.43571774338771,0 39.62439139799059,24.43570962604427,0 39.62439145478592,24.43570154767114,0 39.62439151104118,24.43569349246893,0 39.62439002975722,24.43568705040571,0 39.62439010027504,24.43567743868724,0 39.62438862452805,24.43567103378733,0 39.62438715234785,24.43566464382322,0 39.62438568284849,24.43565827313375,0 39.62438269934485,24.43565192065606,0 39.6243812365274,24.43564564770357,0 39.62437675142201,24.43563931788301,0 39.6243722450972,24.43563611419371,0 39.62436623341319,24.43563288478585,0 39.62436024857401,24.43562810744459,0 39.62435578217354,24.43562336785549,0 39.62434981721778,24.43561860737295,0 39.62434536785934,24.43561388462455,0 39.62434092643825,24.43560917006731,0 39.62433651809221,24.4356029255628,0 39.6243305930314,24.43559820158708,0 39.62432465016113,24.43559501875952,0 39.62431715434109,24.43559489002697,0 39.62430969229698,24.43559323056749,0 39.62430370013372,24.43559311296957,0 39.62429771010804,24.43559298865593,0 39.62429333437734,24.43558825780223,0 39.62429199153397,24.4355820833761,0 39.62429217789333,24.43557446626556,0 39.62429084688229,24.43556825543169,0 39.62429101684334,24.43556199713573,0 39.62429123301054,24.43555416377421,0 39.62428992597155,24.43554783735351,0 39.62429013915082,24.43554008380606,0 39.62429030886694,24.43553389709946,0 39.62429047843501,24.43552772616697,0 39.62428922186025,24.43551993011431,0 39.62428943495836,24.43551226116784,0 39.62429395658685,24.4355079767295,0 39.62429844452765,24.43550511242393,0 39.62430436441826,24.43550378376334,0 39.62431031921929,24.43550092808144,0 39.624316199473,24.43550112767573,0 39.62432217976108,24.43549674878818,0 39.62432665156969,24.43549384976941,0 39.62433261649668,24.43548948167335,0 39.62433995812415,24.43548972883307,0 39.62434730368147,24.43548995727991,0 39.62435321149996,24.43548852477366,0 39.62435909391647,24.43548863657925,0 39.62436497715231,24.43548874834638,0 39.624370880504,24.43548731625992,0 39.62437676403682,24.43548742790034,0 39.62438412256979,24.43548749129909,0 39.62439148519889,24.43548744800246,0 39.62439737500943,24.43548741335313,0 39.62440326451389,24.43548737868023,0 39.62441062565287,24.43548733536909,0 39.62441798644263,24.43548729206517,0 39.6244224105135,24.43548263932065,0 39.62442829449828,24.43547953516695,0 39.62443417045874,24.43547643598301,0 39.624438571105,24.43547335454156,0 39.62444442849586,24.4354687467173,0 39.62445028665363,24.43546717643121,0 39.62445614069159,24.43546560720938,0 39.62446346501642,24.43546553912436,0 39.62446931204302,24.43546397112497,0 39.62447514147292,24.43546089249943,0 39.62448097985476,24.43545935988516,0 39.62448680230152,24.43545642844337,0 39.62449263725025,24.43545500111289,0 39.62449846924877,24.435453574422,0 39.62450429852859,24.43545214847546,0 39.62451012516636,24.43545072320973,0 39.62451594889198,24.43544929851865,0 39.62452033514086,24.43544935406308,0 39.62452910848422,24.4354494650306,0 39.62453638966696,24.43544805965583,0 39.62454220521995,24.43544663605541,0 39.62454801810277,24.43544521323984,0 39.62455525205912,24.43544231445373,0 39.62456105732741,24.43544089378135,0 39.62456685979398,24.43543947367595,0 39.62457257429006,24.43543507163377,0 39.62457827966301,24.43543068352848,0 39.624583977295,24.43542631197471,0 39.62458825598763,24.4354234080114,0 39.62459388938578,24.43541757137819,0 39.62459665249982,24.43541318421502,0 39.62460086392556,24.43540882562073,0 39.6246050682756,24.43540447425431,0 39.62460921258733,24.43539866399241,0 39.62461485009919,24.43539434293484,0 39.62461903017385,24.4353900093602,0 39.6246232031507,24.43538568300252,0 39.62462592373989,24.43538134481845,0 39.62463008495426,24.43537704204049,0 39.62463568306076,24.43537276268279,0 39.62463982989064,24.43536847519414,0 39.62464541079984,24.43536420995034,0 39.62465091968838,24.43535851554119,0 39.62465648123578,24.43535426808265,0 39.62466059761588,24.43535001463847,0 39.62466320617857,24.43534432934921,0 39.62466437583404,24.43533864429873,0 39.62466554289555,24.43533297186918,0 39.62466664067332,24.43532589614075,0 39.62466916510078,24.43531886276555,0 39.62466883360987,24.4353118343223,0 39.62466856911432,24.43530622559095,0 39.62466830528878,24.43530062937085,0 39.62466790735262,24.4352922448779,0 39.62466622470284,24.43528666039195,0 39.62466454606984,24.43528108851426,0 39.62466280594474,24.43527414192001,0 39.6246625466503,24.43526860176604,0 39.62466087805897,24.43526307029208,0 39.6246605574122,24.43525617784871,0 39.624658831762,24.43524930087131,0 39.62465851485122,24.43524244679582,0 39.6246581987177,24.43523561162936,0 39.62465788371382,24.43522879552409,0 39.62465756927998,24.43522199811488,0 39.62465725590332,24.43521521948998,0 39.62465973345288,24.43520847253937,0 39.62466214067686,24.43520039893507,0 39.6246645401766,24.43519235177259,0 39.6246657368462,24.43518833803741,0 39.62466805953245,24.43517899625237,0 39.62467182310322,24.43517102437288,0 39.62467425904573,24.43516439810829,0 39.62467668812481,24.43515778977705,0 39.62467911097051,24.43515119920509,0 39.62468159537054,24.43514594170657,0 39.62468414334427,24.43514200859261,0 39.6246851556322,24.43513539205663,0 39.62468751912528,24.43512873575731,0 39.62468721173137,24.43512341658667,0 39.62468827607636,24.43511811986214,0 39.62468934468841,24.43511286021621,0 39.62469026017651,24.43510499019771,0 39.62468988356387,24.43509844621917,0 39.6246908697488,24.43509192671981,0 39.62469049344897,24.4350854194885,0 39.62469148281376,24.43507895803057,0 39.62469247860453,24.43507254463131,0 39.62469339830027,24.43506486876788,0 39.62469453607856,24.43506105325635,0 39.62469552709121,24.43505469916071,0 39.62469666123098,24.43505090045762,0 39.62469764796867,24.43504457622254,0 39.6246973589808,24.43503952592363,0 39.62469841961551,24.4350345047267,0 39.6246995507516,24.43503075064164,0 39.6247018808413,24.43502451270462,0 39.62470427843868,24.43501954112647,0 39.62470667574993,24.43501459212917,0 39.62471049735996,24.43501094848976,0 39.62471431365434,24.43500730979426,0 39.62471954619784,24.43500494248799,0 39.62472485207262,24.43500381527867,0 39.62473015667442,24.43500268831852,0 39.62473403461139,24.43500029664512,0 39.62474068079525,24.43499919836859,0 39.62474463630779,24.4349980487987,0 39.62474986414909,24.43499572006322,0 39.62475645034542,24.43499345810907,0 39.62476042094934,24.43499235586017,0 39.62476835662556,24.43499014343903,0 39.62477365786816,24.43498904210432,0 39.62477887355448,24.43498672387294,0 39.62478543140472,24.43498443616694,0 39.62479189754293,24.43498093501539,0 39.62479701230952,24.43497740904039,0 39.62480077727007,24.43497385859061,0 39.62480588096312,24.4349703407941,0 39.62481088421912,24.43496561400609,0 39.62481711357084,24.43495969181054,0 39.62482094136624,24.43495735219181,0 39.62482476631358,24.43495501434091,0 39.62483103727489,24.434950266197,0 39.6248371816673,24.4349442956762,0 39.62484207614117,24.43493951129808,0 39.62484705297713,24.4349359155103,0 39.62485069698509,24.43493231502118,0 39.62485709384545,24.43492994113736,0 39.62486371217442,24.43492998096704,0 39.6248716551322,24.43493002826517,0 39.62487960245286,24.43493008185117,0 39.62488635955263,24.43493135360961,0 39.62489046599278,24.43493259952631,0 39.62489710379626,24.43493265680866,0 39.6249065265514,24.43493394968154,0 39.62491449735371,24.43493401861391,0 39.62492246582402,24.43493408265027,0 39.62492777586775,24.43493412052696,0 39.62493573729161,24.43493417067933,0 39.62494236050452,24.43493419631356,0 39.62494765101531,24.43493420533594,0 39.62495294082954,24.43493421333096,0 39.62495718317006,24.43493663648436,0 39.62496393766348,24.43493785504963,0 39.62497083724287,24.43494028544404,0 39.6249764186288,24.43494271598069,0 39.62498465325732,24.43494514752457,0 39.62499274560735,24.43494636231986,0 39.6249983460765,24.43494879885553,0 39.62500379852735,24.43495001680053,0 39.62501221838315,24.43495367978289,0 39.62501900491284,24.43495489711565,0 39.62502595785246,24.4349573431775,0 39.62503159173922,24.43495979513728,0 39.6250372341305,24.43496225164936,0 39.62504171740407,24.43496593989914,0 39.62504737317187,24.43496840239459,0 39.62505170266231,24.43497086761,0 39.62505753927395,24.4349745702618,0 39.62506205113041,24.43497827846628,0 39.6250675605679,24.43497951744391,0 39.62507307369939,24.43498075815273,0 39.62507894253645,24.43498447926106,0 39.62508464346268,24.43498696487327,0 39.62509052969632,24.43499069611197,0 39.6250975840205,24.43499318962967,0 39.62510196635994,24.43499568369918,0 39.62510635334241,24.43499818047209,0 39.62511361527311,24.43500193298521,0 39.62511570366175,24.43500693839481,0 39.62511760933505,24.43501069998102,0 39.62511989433494,24.43501698172493,0 39.62512199648474,24.43502202006707,0 39.62512391353066,24.43502580650479,0 39.62512602414076,24.43503086398836,0 39.62512833072377,24.43503720128069,0 39.62513064370307,24.43504355580502,0 39.62513276986272,24.43504865257644,0 39.62513643618321,24.43505502178707,0 39.62513856227863,24.43506013019937,0 39.625142244127,24.43506652901617,0 39.625144577389,24.43507294861551,0 39.62514672065551,24.4350780962646,0 39.62514906580416,24.43508454740757,0 39.62515121932604,24.43508972048718,0 39.62515337739091,24.43509490484491,0 39.62515554044007,24.43510010060784,0 39.62515654043162,24.43510661569751,0 39.62515871209179,24.43511183723965,0 39.62516088875072,24.43511707026449,0 39.62516306993649,24.43512231486239,0 39.6251652561793,24.43512757104194,0 39.62516744717361,24.43513283879829,0 39.62516964301633,24.43513811826564,0 39.62517204995169,24.43514473492561,0 39.62517404927004,24.43514871227514,0 39.62517646858792,24.43515535944232,0 39.62517870650451,24.43516071564059,0 39.62518233348097,24.43516607837897,0 39.62518458338252,24.43517145902875,0 39.62518683802393,24.43517685160903,0 39.62519067077695,24.43518356268254,0 39.62519430289063,24.43518894510216,0 39.62519794300744,24.43519433942403,0 39.62520159127561,24.43519974569289,0 39.6252038474727,24.43520516360913,0 39.62520751036075,24.43521059396127,0 39.62520977810352,24.43521603598472,0 39.62521345590153,24.43522149060871,0 39.62521714204151,24.43522695796376,0 39.62521942941132,24.43523243785106,0 39.62522194328161,24.43523930485018,0 39.62522424165906,24.43524481240762,0 39.62522654524418,24.4352503323032,0 39.62522882126761,24.43525582296613,0 39.62522962051654,24.43526124141481,0 39.62522777326119,24.43526801202707,0 39.62522572194246,24.43527343695542,0 39.6252222394552,24.43527886365569,0 39.62522160701562,24.43528431903865,0 39.62522097324832,24.43528978531361,0 39.62521890709427,24.43529525337932,0 39.62521995323758,24.43530219663349,0 39.62521939310512,24.4353078035201,0 39.62521883518877,24.43531342753938,0 39.62521827912897,24.43531906801558,0 39.62521786674328,24.43532603460378,0 39.6252188822327,24.43533301137033,0 39.62521823158654,24.43533856572044,0 39.62521611336654,24.43534409087151,0 39.62521378839631,24.43534822151003,0 39.6252099920893,24.43535231729681,0 39.62520648065973,24.43535795572861,0 39.62520130579523,24.43536217404784,0 39.62519603352635,24.43536626695812,0 39.62519223774902,24.4353704235806,0 39.62519014986529,24.43537611028759,0 39.62518805780557,24.43538180896875,0 39.62518745505594,24.43538758832673,0 39.6251853554766,24.43539331156422,0 39.62518325135397,24.43539904687689,0 39.62518114286834,24.43540479444855,0 39.62518052982612,24.43541062445243,0 39.62518163931089,24.43541801883321,0 39.6251810251818,24.43542387886315,0 39.6251804097658,24.43542975210685,0 39.62517655721613,24.4354340037457,0 39.62517269913717,24.43543826140869,0 39.62516689862556,24.43543947780197,0 39.62516136585246,24.43544227390375,0 39.62515407127412,24.43544344693909,0 39.62514853018847,24.43544624605003,0 39.62514274039892,24.43544749533692,0 39.62513845794427,24.43544882054295,0 39.62513116940292,24.43545001506198,0 39.62512571981274,24.43545300291656,0 39.62512000050369,24.43545439077511,0 39.62511454021111,24.43545738355684,0 39.62510910283716,24.4354604333068,0 39.62510373208043,24.435463619958,0 39.62509835363284,24.43546681136315,0 39.62509466110627,24.43547156566006,0 39.62508922438854,24.43547469051691,0 39.62508253756178,24.43547940234749,0 39.62507732923712,24.43548415644429,0 39.62507213300129,24.43548896625325,0 39.6250669252721,24.43549378665605,0 39.62506934870694,24.43550024688233,0 39.62507177918587,24.43550672627113,0 39.62506975845292,24.4355132170057,0 39.62506553540504,24.43551483602687,0 39.62506005560704,24.43551808299647,0 39.62505410408677,24.43551807237058,0 39.62504884173216,24.4355229571342,0 39.62504311156096,24.43552458055451,0 39.62503611221442,24.43552783922202,0 39.62503059452045,24.43553110533525,0 39.62502335456904,24.4355327320773,0 39.62501760261658,24.43553436267049,0 39.62501355762422,24.43553764110578,0 39.62500608601803,24.43553762759039,0 39.6249988266744,24.43553925904642,0 39.62499156198567,24.4355408917147,0 39.62498429197194,24.43554252558704,0 39.62497851314057,24.43554416336946,0 39.62497101487184,24.43554411053068,0 39.62496370598021,24.43554568157622,0 39.62495808291056,24.43554889837194,0 39.62495544582926,24.43555211582512,0 39.62495333073767,24.43556015870114,0 39.62494950964908,24.43556656000727,0 39.62494871635153,24.43557305359607,0 39.62494488520533,24.43557950512001,0 39.6249427510167,24.43558766952813,0 39.62494042887133,24.43559420759301,0 39.62493810507961,24.43560077495846,0 39.62493408358309,24.43560570611162,0 39.62492816130974,24.43560725690524,0 39.62492239771255,24.43561043716458,0 39.62491662710251,24.43561362122384,0 39.62491084957681,24.4356168090926,0 39.6249052270634,24.43562165271005,0 39.62490112400375,24.43562653293614,0 39.62489701280219,24.43563142265104,0 39.62489136862904,24.43563631682342,0 39.62488725232239,24.43564126312037,0 39.62488004978862,24.43564614235568,0 39.62487575390043,24.43564941312049,0 39.62486837168122,24.4356526106365,0 39.62486097146736,24.43565577786747,0 39.62485341280242,24.43565725983173,0 39.62484753799288,24.43566046733806,0 39.62484179718569,24.43566535616576,0 39.62484236154023,24.43567208081535,0 39.62484447394842,24.43567886022915,0 39.62484828480181,24.43568738861696,0 39.62485196402536,24.43569424792485,0 39.62485424629497,24.43570279495632,0 39.62485639006636,24.43570966500787,0 39.62485698023155,24.43571651381491,0 39.62485757197215,24.43572338152802,0 39.6248583138861,24.43573199348281,0 39.62485704573869,24.43573540546272,0 39.62485622031928,24.43574401745681,0 39.62485554020645,24.4357543991254,0 39.62485328235329,24.43576478221957,0 39.62485402301568,24.43577353764332,0 39.62485196858935,24.43578600494803,0 39.6248514504197,24.43579721410789,0 39.62485075448137,24.43580660032371,0 39.62485005563607,24.43581602590926,0 39.62484584665341,24.43582173396053,0 39.62484006622626,24.43582754970274,0 39.62483588756919,24.43583350203957,0 39.6248316973494,24.4358394712672,0 39.62482767986442,24.43584744179886,0 39.62482186296879,24.43585341662162,0 39.62481591138808,24.43585891898882,0 39.62480834080498,24.43586439962431,0 39.62480395175167,24.43586989497572,0 39.62479804236126,24.43587704095153,0 39.62479372813081,24.43588423920412,0 39.6247894024302,24.43589145690812,0 39.62478655391321,24.43589689131983,0 39.62478208353199,24.43590230327052,0 39.62477760407137,24.43590772605094,0 39.62477311569188,24.43591315976748,0 39.62476873842063,24.43592045575188,0 39.62476609198794,24.43592966663533,0 39.62476331783427,24.43593704256307,0 39.62475890724612,24.43594440435686,0 39.62475611529882,24.43595182111799,0 39.62475156859243,24.43595735085844,0 39.62474515696331,24.43595911102035,0 39.62473874122664,24.43596087208284,0 39.6247339544031,24.43596266446202,0 39.62472589903216,24.43596439744401,0 39.62471945972457,24.43596608282392,0 39.62471301337639,24.43596774813518,0 39.6247084022618,24.43597325089812,0 39.6247366696949,24.43595332446633,0 
						</coordinates>
					</LinearRing>
				</outerBoundaryIs>
			</Polygon>
		</Placemark>
		<Placemark id="8BCD40C59913E7DEE6624">
			<name>74</name>
			<styleUrl>#m_ylw-pushpin0</styleUrl>
			<Polygon>
				<tessellate>1</tessellate>
				<outerBoundaryIs>
					<LinearRing>
						<coordinates>
							39.6240413765741,24.43495374067766,0 39.62455164071093,24.43533269026456,0 39.62427139990772,24.43547754896156,0 39.62402539270163,24.43545235048279,0 39.62387598709273,24.4353609878289,0 39.6240413765741,24.43495374067766,0 
						</coordinates>
					</LinearRing>
				</outerBoundaryIs>
			</Polygon>
		</Placemark>
		<Placemark id="8C0628D432D3E7DEE6624">
			<name>75</name>
			<styleUrl>#m_ylw-pushpin0</styleUrl>
			<Polygon>
				<tessellate>1</tessellate>
				<outerBoundaryIs>
					<LinearRing>
						<coordinates>
							39.6241641364351,24.43507224487585,0 39.62417279045793,24.43507262882543,0 39.62416949295928,24.43506629596025,0 39.62416023487982,24.43505662160061,0 39.62414831919794,24.4350499298061,0 39.6241366186085,24.43504633532829,0 39.62412454525486,24.4350365784344,0 39.62411825210574,24.43502717113353,0 39.62411178764027,24.43501473630387,0 39.62411104103154,24.43500249353612,0 39.62410744927389,24.43499020086814,0 39.62410368250743,24.43497489783824,0 39.62410008808931,24.43496264332093,0 39.6240907954616,24.43494996585015,0 39.62407845675398,24.43493397518875,0 39.62407240594074,24.43492757910817,0 39.6240603305428,24.43491481533454,0 39.62405411002687,24.43490531067395,0 39.62404509361262,24.43489578368306,0 39.62403348011404,24.43488935761767,0 39.62402188212602,24.43488292706608,0 39.6240103960872,24.43487917720444,0 39.62399629442243,24.43487848379414,0 39.62398220008555,24.43487779090995,0 39.62397092726022,24.43487722114447,0 39.62395684101021,24.43487650056138,0 39.62394292348819,24.43487892256892,0 39.62393197352169,24.43488461512058,0 39.62392085490082,24.43488713857695,0 39.62390985784659,24.43489264272972,0 39.62390194520649,24.43490450698417,0 39.62389684800896,24.43491661015839,0 39.62389178397755,24.43492907579663,0 39.62388958727995,24.43494424196032,0 39.62388723633285,24.43495623751608,0 39.62388215602486,24.43497112105603,0 39.62387691885112,24.43498284153189,0 39.62387440185389,24.43499166906352,0 39.62386331253875,24.43499756011978,0 39.62384631890818,24.43499715464511,0 39.62383782064727,24.43499692529377,0 39.62382345644096,24.43499041027269,0 39.62380914292139,24.43498634801801,0 39.62380061902506,24.43498574418665,0 39.62378623727723,24.43497857210622,0 39.62377471425074,24.43497158971745,0 39.62376315069267,24.43496176939079,0 39.62375434439503,24.4349490082161,0 39.62374548537829,24.43493323478286,0 39.62374795918507,24.43492095771574,0 39.62375598896811,24.43490847038022,0 39.62376120146001,24.43489595274428,0 39.62377189217608,24.43488054843048,0 39.62377996647803,24.43487140774799,0 39.62378544910402,24.43486849275883,0 39.62379338834668,24.43485621319208,0 39.62380141996214,24.43484712067739,0 39.62381222299001,24.43483817167679,0 39.62382046353406,24.43483540243226,0 39.6238284734116,24.4348265209721,0 39.62383635253957,24.4348146059393,0 39.62384142496499,24.43480255075816,0 39.62384929693059,24.43479088262578,0 39.62385998110668,24.43477980120539,0 39.62385944175968,24.43476527765225,0 39.62385902168327,24.43475374399396,0 39.62385870747877,24.43474511116911,0 39.62385255353731,24.43472757227221,0 39.6238493515397,24.43471575117823,0 39.62384887032546,24.43470379314266,0 39.62384540594146,24.43468579675121,0 39.62384197718907,24.43466803646096,0 39.62383890207106,24.43465914070976,0 39.62383549724348,24.43464148853476,0 39.62383764212748,24.43462694515704,0 39.62383706990462,24.43461228073301,0 39.62383909133854,24.43459483463131,0 39.62384134971303,24.43458337436525,0 39.62384358265036,24.43456971959964,0 39.62384592345171,24.43455895323415,0 39.62384825952271,24.43454820840176,0 39.62385059064075,24.43453748520974,0 39.62385552700161,24.43452423172739,0 39.62386058100139,24.43451391657734,0 39.62386285353267,24.43450093135465,0 39.62386518037587,24.43449042266995,0 39.62386466966146,24.43447685227676,0 39.62386689868574,24.43446375757542,0 39.62386923175126,24.43445343071754,0 39.62387147956743,24.43444263506598,0 39.62387651313182,24.434434720321,0 39.62388398058152,24.43442144171927,0 39.62389141955853,24.43440814579186,0 39.62389871391885,24.43439421070203,0 39.62390361479493,24.43438590792007,0 39.62391131076937,24.43438053084083,0 39.62392157390357,24.43437482520634,0 39.62393198425671,24.43437199277972,0 39.62394222133536,24.43436629962051,0 39.62395526097467,24.43436352634321,0 39.62396563303364,24.4343606488484,0 39.62397599713534,24.43435777372316,0 39.62398898162388,24.43435487211618,0 39.6239993507492,24.43435209528089,0 39.62400974283241,24.43434944324248,0 39.62402277921852,24.43434686941584,0 39.62403053261919,24.43434424040977,0 39.62404074320798,24.43433889801741,0 39.62404811837969,24.43433076288543,0 39.62406075929153,24.43432275171266,0 39.62406832353902,24.43431750638789,0 39.62407022165468,24.43430666705651,0 39.62407475232268,24.43429592790053,0 39.62407927213651,24.43428521504032,0 39.62407837229996,24.43427183287903,0 39.62407715044039,24.43425328276373,0 39.62407576008286,24.43423217794636,0 39.62407245266044,24.43422159503609,0 39.62407143837964,24.43420592987885,0 39.62407037964186,24.43419015465807,0 39.62406964108203,24.43417954898586,0 39.62406630799961,24.43416891159305,0 39.6240653940119,24.43415572739332,0 39.62406189482606,24.4341425274569,0 39.62406081048576,24.43412681340425,0 39.62405732588113,24.43411368858148,0 39.62405376471455,24.43410030933765,0 39.62405283799415,24.43408720919999,0 39.62404953722254,24.43407672176676,0 39.62404862186776,24.43406370670678,0 39.62404505224363,24.43405034310551,0 39.62404189114756,24.43404231269177,0 39.62403814836682,24.4340263962792,0 39.624035005662,24.43401841983995,0 39.62403071300076,24.43399477443454,0 39.6240297528453,24.43398175331507,0 39.62402587893916,24.43396351943905,0 39.62401949842697,24.43394530000964,0 39.62401331615295,24.43392772144882,0 39.62400996229738,24.43391319607018,0 39.62400686590316,24.43390341607603,0 39.62400344322048,24.43388867493858,0 39.62400018232421,24.43387641691124,0 39.62399693144319,24.43386419649544,0 39.62399633946582,24.43385451867469,0 39.62400338717588,24.43384558001048,0 39.62401322517421,24.43384155041153,0 39.62402306149087,24.43383752169657,0 39.62403036943775,24.43383333139707,0 39.62403753821259,24.43382680706597,0 39.62404432853885,24.43381534959455,0 39.62405151472758,24.43381086893219,0 39.62405866113916,24.43380629344199,0 39.62406557023218,24.43379915714571,0 39.62407746856533,24.43379224316937,0 39.62408691590355,24.43378733040837,0 39.6240938474831,24.43378230778607,0 39.62410245837405,24.43376765790854,0 39.6241108995748,24.43375463327151,0 39.6241148339216,24.43374270210282,0 39.62412177913529,24.43373794052436,0 39.62413137858838,24.43373562213397,0 39.62414604596901,24.43373184915403,0 39.62415598083698,24.43373032746808,0 39.62416608044815,24.43373107219079,0 39.62417600786308,24.43373140631238,0 39.62418867867931,24.43373239300886,0 39.62420390566722,24.43373357878146,0 39.62421397962147,24.43373417602875,0 39.6242315691872,24.43373701079899,0 39.62424407214966,24.43373752448791,0 39.6242565807734,24.43373803055939,0 39.62427420619986,24.43374084762872,0 39.62428419406245,24.43374118446866,0 39.62429431424011,24.43374368156293,0 39.62430674001084,24.43374396511343,0 39.62431681037145,24.43374634371495,0 39.6243268869551,24.43374872375054,0 39.62433696924252,24.43375110512961,0 39.62435217297128,24.43375576219707,0 39.62436753231745,24.43376259094792,0 39.62437764226112,24.43376498024677,0 39.62438812658554,24.43376993684173,0 39.62440115128686,24.43377500339821,0 39.62440919076634,24.43377995490862,0 39.62442001844981,24.43378736431329,0 39.62443057999086,24.43379237316609,0 39.62443867990781,24.43379738181649,0 39.62444880268647,24.43379776494916,0 39.624463995841,24.43379833995639,0 39.62447666527968,24.43379881942493,0 39.62448046780118,24.4337892551377,0 39.62448929912009,24.43377986924699,0 39.6244984313093,24.43377292537145,0 39.62450754972582,24.43376599184914,0 39.62451670143543,24.43375914027023,0 39.62452363838661,24.43375461056116,0 39.62453497572689,24.43374547846976,0 39.6245466109163,24.43373874636281,0 39.62455602792316,24.43373430509502,0 39.62456007120254,24.43372730762014,0 39.62456127026846,24.43371786489687,0 39.62457280826995,24.43371110594256,0 39.62457963547917,24.43370655197248,0 39.62458615186713,24.43369967690913,0 39.6245948743394,24.43369059382778,0 39.62459603208886,24.43368123722508,0 39.62459434014987,24.4336694638973,0 39.62459014105396,24.43365762289613,0 39.62458779181677,24.43364124647849,0 39.62458578633749,24.43362726546827,0 39.62458445594405,24.43361797652046,0 39.62458279558587,24.43360639508665,0 39.62458147119425,24.43359715556738,0 39.62458478994428,24.4335858211836,0 39.62458776680952,24.43357222276439,0 39.62458858683736,24.43356086460375,0 39.62458196351831,24.43354925263951,0 39.62457320481894,24.43353984223246,0 39.62456479285588,24.43353272526217,0 39.62455180267129,24.43352772485134,0 39.62454129796441,24.43352282184414,0 39.624531134439,24.43352019833235,0 39.62451638782765,24.43351967308548,0 39.62450379427158,24.43351696667929,0 39.62449366887378,24.43351435083842,0 39.62448631363104,24.43351408980746,0 39.62447159773993,24.43351355012675,0 39.62446189942462,24.43351333120858,0 39.62444985480906,24.43351315456212,0 39.62443541792702,24.43351296487225,0 39.62442098477337,24.43351278249859,0 39.62440655089132,24.43351258834672,0 39.62439693317694,24.43351246204484,0 39.62438517995816,24.43351455227895,0 39.62437611836678,24.4335189677887,0 39.62436441778114,24.43352115795835,0 39.62435510415723,24.43352336101428,0 39.62434578565608,24.4335255654562,0 39.62433431799308,24.4335300137416,0 39.62432498681913,24.4335322216379,0 39.62431540558902,24.4335321732733,0 39.62430367120388,24.43353436999933,0 39.62429408883154,24.43353432164704,0 39.62428450691154,24.43353427310321,0 39.62427902806834,24.43352750869926,0 39.62427744220752,24.43351184131041,0 39.62427372175394,24.43349847779898,0 39.62427223436698,24.43348306354283,0 39.62426901866669,24.43347428400324,0 39.62426539952671,24.43346116999229,0 39.62426222830776,24.43345248400825,0 39.62426162436015,24.43344597986723,0 39.62426358218099,24.43344164737219,0 39.62427005072512,24.43343515398118,0 39.62427886422047,24.43342866313142,0 39.62428806722357,24.4334264815675,0 39.62429940235814,24.43342213573057,0 39.62430836889867,24.43341778954434,0 39.62431710225965,24.43341128836443,0 39.62432347474243,24.43340480262829,0 39.6243272618361,24.43339617522366,0 39.62433547720922,24.4333853825236,0 39.62434130080329,24.43337458148904,0 39.62434498549512,24.4333659258192,0 39.62434871804442,24.43335736599318,0 39.62435223028327,24.4333467248114,0 39.62435806276335,24.43333611397355,0 39.6243665670849,24.43332962441906,0 39.62437736498222,24.43332312781204,0 39.62438814269738,24.43331664346625,0 39.62439658983669,24.43331018359584,0 39.62440758385282,24.43330583870765,0 39.62442089587901,24.43330151605996,0 39.62442986055644,24.43329935724766,0 39.62444085574842,24.4332950704743,0 39.62444752671843,24.43329295405509,0 39.62445882421176,24.43329084193875,0 39.62446810763896,24.43329087657047,0 39.62447694972235,24.43328681352891,0 39.62448830215984,24.43328478278004,0 39.62449762163939,24.4332848595671,0 39.62451130245023,24.43328285703128,0 39.62451831583648,24.43328293848458,0 39.62452938205372,24.43327882338189,0 39.62453873105628,24.43327893172405,0 39.6245477789411,24.43327692774588,0 39.62455688093438,24.43327498514838,0 39.62456833779753,24.43327308997835,0 39.62457741304287,24.43327112685575,0 39.62458913903639,24.43327129962719,0 39.62460021966056,24.43326724755667,0 39.62461409543378,24.43326546686684,0 39.62462286422693,24.43326142925125,0 39.62463200230145,24.43325954436884,0 39.62464355203665,24.43325775351849,0 39.62465032805233,24.43325582007927,0 39.6246642638461,24.433254100664,0 39.62468300810959,24.43325254821755,0 39.62469268160645,24.4332529312049,0 39.62470236648045,24.43325331796204,0 39.62471205866918,24.43325370516006,0 39.62471933225372,24.43325399564734,0 39.62473147402213,24.43325448801492,0 39.62474078335785,24.43325273387646,0 39.62475295742874,24.43325324070626,0 39.62476514338762,24.43325374781659,0 39.62477527020206,24.43325625999554,0 39.6247882541039,24.43326101150373,0 39.62479839580116,24.43326351945553,0 39.62480854003454,24.43326602387932,0 39.62482111709473,24.43326860602546,0 39.62483325957217,24.4332690203867,0 39.62484533047105,24.43326937317855,0 39.62485734795121,24.43326967791507,0 39.62486688772366,24.433269859404,0 39.62487689868176,24.43327221560961,0 39.6248865619784,24.43327248415024,0 39.62490235866472,24.43327931854508,0 39.62491489701991,24.43328180268421,0 39.62492105015424,24.43328838483215,0 39.62492280586004,24.43329700523997,0 39.62492677050115,24.4333164800261,0 39.62492898776301,24.43332734919295,0 39.6249308460635,24.43333613166803,0 39.62493251631284,24.43334478403838,0 39.62493460494903,24.43335562535317,0 39.62493427674596,24.43336644866031,0 39.62493310969179,24.43337293762947,0 39.6249328102248,24.43338383345215,0 39.62493281016876,24.43339685800322,0 39.62493240817484,24.43340773954129,0 39.62493079946525,24.43341208152512,0 39.62492795628053,24.43342295400332,0 39.62492519969783,24.43343579291194,0 39.62492658505218,24.43344441462746,0 39.62492554994856,24.43345302094409,0 39.62492730879021,24.43346386295943,0 39.62492389676055,24.43347252033601,0 39.62491876634274,24.43348553748756,0 39.62491613003627,24.4334986929728,0 39.6249138660903,24.43351410973217,0 39.62491410167445,24.43352967660905,0 39.62491636768788,24.43354306361283,0 39.62491750347699,24.4335497730209,0 39.62491939661941,24.43356098067994,0 39.62492052636213,24.43356770805908,0 39.62492002486346,24.43357897231581,0 39.62491671383427,24.43358800919992,0 39.62491379784902,24.43359934855931,0 39.62491050160962,24.43360845879933,0 39.62491654253582,24.43361531071677,0 39.62492949769108,24.43361988562601,0 39.62493759872539,24.43362446611111,0 39.62494944093338,24.43363601909222,0 39.62496392257485,24.43364776746001,0 39.62496770749015,24.43365479823935,0 39.62497990159608,24.43366670253453,0 39.62498764024396,24.43368095839386,0 39.62499744504053,24.43369293697564,0 39.62500180748964,24.43370248777068,0 39.62500915631327,24.43371449298428,0 39.62501354271149,24.43372409651941,0 39.62502091452275,24.4337361535102,0 39.6250302756051,24.43374581011287,0 39.62504070654749,24.43374827290889,0 39.62505568754172,24.43374840227175,0 39.62507066788193,24.43374852654267,0 39.62507815726705,24.43374858816649,0 39.62509268755083,24.43374634826405,0 39.62510762534775,24.43374643204682,0 39.62512754717868,24.43374654671489,0 39.62513745589307,24.43374655362797,0 39.6251523109135,24.4337465564937,0 39.62516467095857,24.43374654156826,0 39.62518444668378,24.43374651771421,0 39.6252066008065,24.43374640884684,0 39.62521644321403,24.43374635713156,0 39.62522916637789,24.43374859564333,0 39.62523654898376,24.43374855682775,0 39.62524885251949,24.43374849212208,0 39.62526167866629,24.43375081516506,0 39.62527413993875,24.43375088604269,0 39.62529163771252,24.4337510267508,0 39.62530160114849,24.43375107653721,0 39.62531447181918,24.43375342186079,0 39.62532239398239,24.43375576845378,0 39.62533279883979,24.43375811624857,0 39.62534519109922,24.43375811632893,0 39.62536006156314,24.43375811645485,0 39.62537788477927,24.43376044023878,0 39.6253852743071,24.43376040120137,0 39.6254025147167,24.43376031020523,0 39.62541286242705,24.43376259307643,0 39.62542321470855,24.43376487697298,0 39.62543950609557,24.43377181096037,0 39.6254503673926,24.43377642954744,0 39.625460731738,24.43377871087947,0 39.62547531550827,24.4337784596416,0 39.6254874650074,24.43377825038321,0 39.62549961152117,24.43377804112533,0 39.62551661105002,24.43377774830697,0 39.62553064414468,24.43377515268952,0 39.6255452016816,24.43377490230584,0 39.62555867435687,24.43376996804804,0 39.62556540402956,24.43376750350625,0 39.62557646931888,24.43376265096771,0 39.62558219945664,24.43375560041135,0 39.62558792065544,24.43374856132459,0 39.62559311937521,24.43373923389875,0 39.62559963188736,24.43372525629486,0 39.62560391017801,24.43372286504846,0 39.62560953798393,24.43371584054073,0 39.62561759852424,24.43370881499942,0 39.62562565699191,24.43370180943244,0 39.62563457354505,24.4336973366212,0 39.62563740953459,24.43368823708623,0 39.62563971564222,24.43367688291612,0 39.62564258571842,24.43366785347069,0 39.62564492252762,24.43365657741587,0 39.62564722145085,24.4336453072619,0 39.62564509534472,24.43363627476114,0 39.62564546078018,24.43362729154765,0 39.62564335146058,24.43361830081123,0 39.62564425316082,24.43361159916901,0 39.62565011095047,24.43360496572794,0 39.62566144623408,24.43360063618211,0 39.6256713911716,24.43360077258029,0 39.625680873102,24.43359871715423,0 39.62569176219081,24.43359222753726,0 39.62569899546071,24.43358119995355,0 39.62570010165891,24.43356564065486,0 39.62569986422496,24.43355456525202,0 39.6256971680847,24.43354349315803,0 39.62569447820361,24.43353244784826,0 39.62569179494029,24.43352142975887,0 39.6256901135629,24.43351478763702,0 39.6256871950594,24.43350366740867,0 39.62568735474582,24.43349484168698,0 39.62569672747767,24.43349282261912,0 39.62570917618308,24.43349306848772,0 39.62571972928635,24.43349548259139,0 39.6257296968816,24.43349567999281,0 39.62574565579623,24.4335003044847,0 39.62575361232447,24.43350260096239,0 39.62576408094056,24.43350495719228,0 39.62577511735924,24.43350950618272,0 39.62578993070161,24.43350970393695,0 39.62580033877685,24.43351201366673,0 39.62581257561389,24.43351211095215,0 39.62582478276588,24.43351219125087,0 39.62583508585704,24.43351443583622,0 39.62584537024269,24.43351666775654,0 39.62585565996924,24.43351890087485,0 39.62586537473645,24.43351893126071,0 39.62587927062065,24.43352558441944,0 39.62589562000987,24.43353225533261,0 39.62591442964986,24.43353894439158,0 39.62592536166041,24.43354340441809,0 39.62594374232823,24.43354795871384,0 39.62595975179978,24.433552538215,0 39.62597515147207,24.4335548934786,0 39.62598500418154,24.4335549749836,0 39.62599615322033,24.4335595363034,0 39.62600676276893,24.43356191389794,0 39.62601616618024,24.4335687350103,0 39.62603161764033,24.43357809428816,0 39.626041501627,24.43358518127658,0 39.62604881399993,24.43359219933769,0 39.62605765964513,24.43360386171838,0 39.62606061832065,24.43361309467362,0 39.62606358372569,24.43362234878224,0 39.62606926625899,24.43363176831681,0 39.62607299573428,24.43364339451369,0 39.62607673602372,24.43365505440593,0 39.626077013777,24.43366425924732,0 39.62608076934634,24.43367597905048,0 39.6260818055033,24.43368758265262,0 39.62608272523784,24.43369914936448,0 39.62608345196261,24.43371063234341,0 39.62608486045191,24.43372447212118,0 39.62608491105478,24.43373368407795,0 39.62608979046049,24.43375934232793,0 39.62609256904594,24.43379466877018,0 39.62608687560535,24.43385396705465,0 39.62608457506774,24.43388051687278,0 39.62604637031717,24.43397033159265,0 39.62602167145268,24.43404719607688,0 39.62601973697961,24.43404965759433,0 39.62601130415312,24.43405700898397,0 39.62600298579048,24.43406446613563,0 39.62599550580038,24.43407457554252,0 39.62598991209066,24.43408219303432,0 39.62598689246009,24.43408982738379,0 39.6259807641153,24.43410507954291,0 39.62597822528699,24.43412318894958,0 39.62597305817218,24.43414135595173,0 39.62597195941351,24.43414656892465,0 39.62596623109985,24.43416238536159,0 39.62595980147933,24.4341756882097,0 39.6259532826214,24.43418897895268,0 39.62595093109007,24.43419943477113,0 39.62594588357844,24.43420985307754,0 39.6259381316199,24.43422023268024,0 39.62592961148805,24.4342279697127,0 39.62592301394176,24.43423310462347,0 39.62591082517828,24.43423795895811,0 39.62590062677791,24.43424024596345,0 39.62588696211471,24.43423977493736,0 39.6258709367757,24.43423952108063,0 39.6258550100991,24.43423934856579,0 39.62584172522838,24.43423919245855,0 39.62583109862643,24.43423906727753,0 39.6258179104576,24.43423899248139,0 39.62580473255991,24.43423892612662,0 39.625791595618,24.43423889468268,0 39.62578112818957,24.43423890675898,0 39.62577066069384,24.4342389188056,0 39.62575495877254,24.43423893680826,0 39.62574187400251,24.43423895180107,0 39.62573402300012,24.43423896084095,0 39.62572093777266,24.43423897593081,0 39.62570537419875,24.43423912156521,0 39.62569506526575,24.43423928148682,0 39.62568217683166,24.43423948140389,0 39.6256667069805,24.43423972137636,0 39.62565451158219,24.43424262335028,0 39.62564161074335,24.43424282371628,0 39.62562871748285,24.43424303366417,0 39.62561590123553,24.43424331975614,0 39.62560296266995,24.43424349206767,0 39.62559326435474,24.43424631034393,0 39.62558288009319,24.43424642165158,0 39.62557055877826,24.43424925644294,0 39.62555755641152,24.43424938142036,0 39.62554521509121,24.43425221474903,0 39.62553740075154,24.43425228108229,0 39.62552958604887,24.43425234728169,0 39.62551916532305,24.43425243598148,0 39.62550520971013,24.43424955455448,0 39.62549118099821,24.43424659014883,0 39.62548067155322,24.43424657940533,0 39.62546698261646,24.43424395006291,0 39.62545591086664,24.4342413084265,0 39.62544529991942,24.43424118539353,0 39.62543401561722,24.43423831166601,0 39.62542274037804,24.43423544017226,0 39.62541147478569,24.43423257116484,0 39.62539818290093,24.4342323668866,0 39.62537353614066,24.43423103009218,0 39.6253661577505,24.43422911530547,0 39.6253562983233,24.43422368729407,0 39.6253510263374,24.43422352656064,0 39.62534150964636,24.43421978781237,0 39.6253337638648,24.43421611017772,0 39.62532395711629,24.43421070004535,0 39.62532021192154,24.43420899557867,0 39.62531064490668,24.43420383681405,0 39.62530237985649,24.43419689660834,0 39.62529411387981,24.43418994956188,0 39.62528757113169,24.43418302794486,0 39.62527967855158,24.43417781155814,0 39.62527179777445,24.43417260072077,0 39.62526290540858,24.4341707886082,0 39.62525435804087,24.43417068300267,0 39.62524581221372,24.43417057741298,0 39.62523589151744,24.43417215644521,0 39.62522734617878,24.43417205070114,0 39.62521880212606,24.43417194498723,0 39.62521196807342,24.43417186043497,0 39.62520545790822,24.4341734820447,0 39.62519723552981,24.43417508320962,0 39.62519242806424,24.43417672754818,0 39.62518622586275,24.43418006145982,0 39.62517830587048,24.4341833777043,0 39.62517037720732,24.43418669743859,0 39.62516415268684,24.43419004228261,0 39.62515761202659,24.43419167300841,0 39.62515308727915,24.43419504228435,0 39.6251468308561,24.43419837835493,0 39.62514027042214,24.43420000454933,0 39.62513374543159,24.43420168205476,0 39.6251255707741,24.43420343163,0 39.62511738548204,24.43420517537498,0 39.62510918735804,24.43420691024641,0 39.62510269145861,24.43420865454539,0 39.62509789897724,24.43421040900911,0 39.62509172280859,24.43421393884115,0 39.62508494120553,24.43421397989371,0 39.6250787740059,24.43421754634112,0 39.62507629720959,24.43422285838649,0 39.6250792530809,24.43422996303786,0 39.62508087801768,24.43423895367157,0 39.62507504385543,24.43424442139397,0 39.62506915120468,24.43424983332513,0 39.62505841413748,24.43425706900724,0 39.62505217286333,24.43426069151914,0 39.62504419581597,24.43426430816422,0 39.62503793576884,24.43426794084599,0 39.62502993005246,24.43427155665656,0 39.6250219125112,24.43427517491149,0 39.62501388375365,24.43427879811747,0 39.6250061000737,24.43428418276438,0 39.62499508251869,24.43429131784037,0 39.62498401890156,24.4342984418801,0 39.62497138859779,24.43430726649234,0 39.62496184085767,24.43431415264544,0 39.62494850117977,24.43431916917953,0 39.62493890945751,24.43432607546909,0 39.62493085858527,24.43433131146739,0 39.62492102996319,24.43433651254593,0 39.62491621457448,24.43433999231812,0 39.62490964813445,24.43434346978557,0 39.62490506587004,24.43434878622852,0 39.62490070546738,24.43435591969546,0 39.62489633484584,24.43436307014365,0 39.62489371958189,24.43437026814542,0 39.62488933016208,24.43437745260147,0 39.62488647366287,24.43438285988554,0 39.62488007024551,24.43438821411251,0 39.62487720037393,24.4343936405467,0 39.62487255140294,24.43439904503295,0 39.62486789450028,24.43440445897872,0 39.62486145591473,24.43440985880153,0 39.62485684290378,24.43441542074259,0 39.62485250911728,24.43442300027186,0 39.62484461924615,24.43443058406355,0 39.62483871998668,24.43444011228385,0 39.62482947947266,24.43445157962161,0 39.6248250778476,24.43445925962565,0 39.62481864901697,24.43446501643132,0 39.62481236216689,24.43447254617005,0 39.62480763642233,24.43447820606654,0 39.62480132162655,24.43448576955736,0 39.62480153356971,24.43448768078874,0 39.62479001006586,24.4344971017504,0 39.62478203602699,24.43450655718509,0 39.62477703668217,24.43451032220743,0 39.62477042839933,24.43451599113937,0 39.62476360897787,24.43451974113421,0 39.62475536761253,24.43452733362684,0 39.62474851439632,24.43453106324289,0 39.62473999972665,24.43453660994759,0 39.62473147092459,24.43454216591283,0 39.62472310573706,24.43454965217613,0 39.62471801479268,24.4345534074945,0 39.6247113033958,24.43455914455381,0 39.62470475515759,24.43456683447271,0 39.62469999731189,24.43457452991867,0 39.62469488259084,24.43457834277494,0 39.62468993277302,24.43458411300855,0 39.62468679787834,24.43458992185666,0 39.62468000057137,24.43459566906124,0 39.62467317374462,24.43460137087119,0 39.62466633514879,24.43460708243769,0 39.6246596474433,24.43461477758662,0 39.62465445985562,24.43461858366847,0 39.62464773817881,24.43462627948417,0 39.62464466568239,24.43463402513071,0 39.62463972454357,24.43464167725507,0 39.62463662090185,24.43464940835834,0 39.62463536144487,24.43465721967238,0 39.62463426254796,24.43466708813972,0 39.62463333681884,24.43467907913099,0 39.6246324073739,24.43469111649211,0 39.6246316024901,24.43470512636067,0 39.62463018850288,24.43471110836024,0 39.62462936857732,24.43472517876444,0 39.62462820381384,24.43473508732157,0 39.62462717056649,24.434747003893,0 39.62462613362138,24.43475896274468,0 39.62462507516834,24.43477089478733,0 39.62462373769357,24.43477884390684,0 39.62462226042582,24.4347847994821,0 39.62462105359756,24.43479479676774,0 39.62461978549888,24.43480458640738,0 39.62462015779244,24.43481050714331,0 39.62461875862483,24.43481834380925,0 39.62461750868746,24.43482830297959,0 39.62461815296213,24.4348383447488,0 39.624618540487,24.43484438353137,0 39.62461703419877,24.43485039724409,0 39.62461580956278,24.43486058417492,0 39.62461444655869,24.43486874654437,0 39.62461321423272,24.43487898706646,0 39.62461214674782,24.43489149209021,0 39.6246108044846,24.43489986448866,0 39.62460945859846,24.43490825766951,0 39.62460810921829,24.43491667180832,0 39.6246048471004,24.43492508269036,0 39.6246036398914,24.4349357180673,0 39.62460051101787,24.43494636785138,0 39.6245991562643,24.43495493869635,0 39.62459765605428,24.43496137002019,0 39.62459643850306,24.43497216061609,0 39.6245953712684,24.43498519771326,0 39.62459579792055,24.43499175236531,0 39.62459443972232,24.43500048170041,0 39.62459322589528,24.43501148682036,0 39.62458995092324,24.43502041227933,0 39.62458860609816,24.43502936800258,0 39.62458529569698,24.43503825140735,0 39.62458224560002,24.43505151860849,0 39.62457903995903,24.43506261388173,0 39.62457766214916,24.43507163520294,0 39.62457431377549,24.43508061111324,0 39.62457292575597,24.43508968169756,0 39.62456956221339,24.43509870607211,0 39.62456633420203,24.4351100499598,0 39.62456294991324,24.43511912233217,0 39.624557856652,24.43513277666587,0 39.62455443553917,24.43514185798736,0 39.62455311112316,24.43515322922825,0 39.62455350767964,24.43516011335797,0 39.62455417328513,24.43517161574833,0 39.62455668923556,24.4351808571658,0 39.62455934422903,24.43519242527711,0 39.62456200805491,24.43520403235643,0 39.62456254425319,24.43521330745536,0 39.62456322155025,24.43522495754963,0 39.62456376521824,24.43523430584208,0 39.62456431039251,24.43524367967374,0 39.62455652543782,24.43524807698657,0 39.62454833837412,24.43524542971033,0 39.62454015862692,24.43524278477458,0 39.6245321123939,24.43524248665678,0 39.62452394523309,24.43523984489306,0 39.62451590573868,24.43523954718514,0 39.6245058591015,24.43523917516024,0 39.6244958159409,24.43523880359998,0 39.62448767307184,24.43523616584906,0 39.62447943059612,24.43523119351892,0 39.62447109661791,24.43522389773346,0 39.62446288337188,24.43521894505541,0 39.62445458442338,24.43521167716854,0 39.62444649633654,24.43520906350657,0 39.62443842211245,24.43520650507126,0 39.62443045759914,24.43520636873014,0 39.62442240469427,24.43520390417036,0 39.62441046506117,24.43520370091279,0 39.62440242428373,24.43520124043087,0 39.6243904924601,24.43520103735966,0 39.62438253886599,24.43520090214193,0 39.62437444113907,24.43519612313955,0 39.62436642521906,24.43519366888334,0 39.62435841560329,24.43519121661524,0 39.62435034819953,24.43518645218049,0 39.62434025028985,24.43517935186927,0 39.62433424900362,24.43517694409216,0 39.62432621726783,24.43517220062681,0 39.62431819735396,24.43516746414012,0 39.62430818413716,24.43516070378172,0 39.62430218039975,24.43515627112293,0 39.62429614417444,24.43514964933913,0 39.62428815002178,24.43514302805684,0 39.62428016879596,24.43513639148857,0 39.62427219999334,24.43512971536321,0 39.62426228240956,24.43512304047771,0 39.62425630627192,24.43511640057994,0 39.62425039418848,24.4351141589669,0 39.62424250189004,24.43510968700505,0 39.62423655446852,24.43510304731156,0 39.62422672732329,24.4350985702047,0 39.62421886792268,24.43509408840695,0 39.6242110172561,24.43508956300859,0 39.62420317218726,24.43508483192319,0 39.62419534714144,24.43508222778352,0 39.62418751500535,24.43507521427232,0 39.62418165432216,24.43507051444773,0 39.62417385690274,24.43506572284135,0 39.62416607220182,24.4350609390167,0 39.62415830094358,24.43505397434873,0 39.62415248354884,24.43504930728854,0 39.62414667495653,24.43504464763789,0 39.62413894640181,24.4350377199023,0 39.6241351008527,24.43503100138554,0 39.62413320333735,24.43502222555128,0 39.62413131987818,24.43501131135407,0 39.62412943258492,24.43500258679048,0 39.6241641364351,24.43507224487585,0 
						</coordinates>
					</LinearRing>
				</outerBoundaryIs>
			</Polygon>
		</Placemark>
		<Placemark id="8DA4E7794333E7DEE6624">
			<name>76</name>
			<styleUrl>#m_ylw-pushpin0</styleUrl>
			<Polygon>
				<tessellate>1</tessellate>
				<outerBoundaryIs>
					<LinearRing>
						<coordinates>
							39.62314021831872,24.43399434585713,0 39.62315046878919,24.43391564788035,0 39.62316014214375,24.43384955163885,0 39.62320579991729,24.43377717672036,0 39.62326713791435,24.43355370854458,0 39.62391768945218,24.43357909167518,0 39.62402290119919,24.43433983874266,0 39.62313479696953,24.43404427576425,0 39.62314021831872,24.43399434585713,0 
						</coordinates>
					</LinearRing>
				</outerBoundaryIs>
			</Polygon>
		</Placemark>
		<Placemark id="8E4D0B875A93E7DEE6624">
			<name>77</name>
			<styleUrl>#m_ylw-pushpin0</styleUrl>
			<Polygon>
				<tessellate>1</tessellate>
				<outerBoundaryIs>
					<LinearRing>
						<coordinates>
							39.62916218059022,24.43395876109192,0 39.62916323661603,24.43396541375249,0 39.62916845033217,24.43397874428625,0 39.62917985991908,24.43399209856275,0 39.62919075548509,24.43400211286113,0 39.6292029374144,24.43401917920266,0 39.62921261282405,24.43403970919162,0 39.62922175068672,24.43405689050393,0 39.62923016663832,24.4340703876044,0 39.62923514682512,24.43408334969914,0 39.6292401385829,24.43409634099654,0 39.62924839828327,24.43410957441775,0 39.62925669476167,24.43412286902154,0 39.62926502324596,24.43413621640566,0 39.62927338099873,24.43414961145642,0 39.62928493401851,24.43416308241367,0 39.62929600066443,24.43417323996925,0 39.62930708840959,24.43418341676547,0 39.62931875556327,24.43419702914111,0 39.62933003150599,24.43420749412634,0 39.62934449800906,24.43421798445674,0 39.62935826571606,24.43422479062008,0 39.62937247128958,24.43423478420384,0 39.62938984196647,24.43424473894086,0 39.62940725500516,24.43425473559597,0 39.62941781438807,24.43426139511689,0 39.62943210254539,24.4342714263243,0 39.62944898151641,24.43427798971642,0 39.62945958144057,24.43428467529088,0 39.62947019164025,24.43429136122927,0 39.62948398090204,24.43429802255813,0 39.62950094527361,24.43430464400479,0 39.62951414761465,24.43430784142248,0 39.62952990619213,24.43430753504833,0 39.6295487981121,24.43430714335383,0 39.62955823807239,24.43430694124043,0 39.62957082285567,24.43430667172114,0 39.6295827723532,24.4343029390811,0 39.62959846736087,24.43430256551464,0 39.6296135318446,24.43429875183153,0 39.62962544176524,24.4342950098324,0 39.62963797402943,24.43429470052119,0 39.62965364541878,24.43429433146769,0 39.62966880706675,24.43429073041713,0 39.62968147125403,24.43429063352537,0 39.62969356173833,24.43428721798571,0 39.62970246401542,24.43428380468746,0 39.62971838375063,24.43428382770833,0 39.62973749493365,24.43428386505851,0 39.62975013251869,24.43428374324181,0 39.62976570024492,24.434283271813,0 39.62978060496687,24.43427940120251,0 39.62979302524838,24.43427898905808,0 39.6298047023027,24.4342750796169,0 39.6298170834039,24.43427462816772,0 39.62983553712471,24.43427381194959,0 39.62985074650766,24.43427290999422,0 39.62986594655499,24.43427200850997,0 39.6298811182093,24.43427107898757,0 39.62989712173696,24.43427373688144,0 39.62991084995308,24.4342800483571,0 39.62992769811274,24.43428627835569,0 39.629941531557,24.43429270439767,0 39.62995308512497,24.4343027687614,0 39.62996712039769,24.43430942822747,0 39.62998199772287,24.43431965194238,0 39.62999657212205,24.43432698599628,0 39.63001211167006,24.43433802839576,0 39.63002677912597,24.43434544284666,0 39.63004146932201,24.43435286870329,0 39.6300561826103,24.4343603062442,0 39.63007389273848,24.43436746780706,0 39.63009360171475,24.43437962729636,0 39.63011171657444,24.43438724917427,0 39.6301214179282,24.43438734455529,0 39.6301385590664,24.43439121462101,0 39.63015247143878,24.43439504720359,0 39.63016639557899,24.43439888301557,0 39.63018262151265,24.43439908624785,0 39.63019560397361,24.43439924912482,0 39.63021206116056,24.43439972905725,0 39.63022427471861,24.43439646097005,0 39.63023300267752,24.43439286546466,0 39.63024800898904,24.43438911414856,0 39.63025984958802,24.43438542892933,0 39.6302669588657,24.4343749636923,0 39.63027090690326,24.43436458046486,0 39.63027484764537,24.43435421653702,0 39.63028113780975,24.43434040649192,0 39.6302913373973,24.43432995862028,0 39.63030228096079,24.43432289222732,0 39.63031399877578,24.43431921691699,0 39.63032491613059,24.43431216516625,0 39.63033269768871,24.43430519514102,0 39.6303404804296,24.43429824678709,0 39.63035157711755,24.43429146658952,0 39.63035879074486,24.43428145202564,0 39.63036878392043,24.43427103082196,0 39.63038049160645,24.43426747066002,0 39.63039050133712,24.43425713615222,0 39.63040230794873,24.43425371538057,0 39.63041325231084,24.43424691017325,0 39.63042820197139,24.43424348845378,0 39.630442188675,24.43423659497979,0 39.63045378033748,24.43423300259045,0 39.6304694590911,24.43423285401194,0 39.63048005875874,24.43422578326148,0 39.63049143557057,24.43422200481509,0 39.63050178497446,24.43421472059083,0 39.63051109823958,24.43420394646269,0 39.63052141238778,24.43419669038279,0 39.63053257947559,24.43419277884485,0 39.63054524560815,24.43418477173067,0 39.63055788533438,24.43417678107957,0 39.63056746885348,24.43416891666974,0 39.63058181315193,24.43416513009582,0 39.63059301889214,24.43416135918493,0 39.6306107725045,24.43415786909354,0 39.63062247836271,24.43415460965736,0 39.63063744628229,24.43415148095054,0 39.63064761944157,24.43414432855347,0 39.63066048374275,24.43414464574568,0 39.63067513225411,24.43414124000456,0 39.63068655608473,24.43413775750486,0 39.6307026328934,24.43413815303985,0 39.63071084595907,24.43413460641063,0 39.63072556588411,24.43413130207515,0 39.63074169097375,24.43413174519595,0 39.63076104771744,24.43413227708551,0 39.63078026491159,24.43413267421888,0 39.63079592585152,24.43413267941768,0 39.63081214985826,24.43413319592778,0 39.63082840425113,24.43413373647036,0 39.6308445790853,24.43413419886969,0 39.63086200879532,24.43413821601888,0 39.63087588588031,24.43414185169985,0 39.63089203090631,24.43415238484126,0 39.63090587322485,24.43415597142609,0 39.63092080810824,24.43416296535605,0 39.63093893142706,24.43416999261531,0 39.63095366093687,24.43417678690766,0 39.63097692364286,24.43418032136426,0 39.63098648943653,24.43418043204777,0 39.63099775959116,24.43418692106042,0 39.63101117826741,24.43419009423956,0 39.6310267213428,24.43420001293778,0 39.63104229069812,24.43420994863274,0 39.63105473938251,24.4342199106202,0 39.63106752864655,24.4342326285414,0 39.63107964889144,24.4342447711444,0 39.63109220544052,24.43425976258684,0 39.63110113604895,24.43427189381931,0 39.6311129044847,24.43428374257864,0 39.63111987688216,24.43429942079744,0 39.63112411439876,24.4343155046388,0 39.6311295268501,24.43433513147857,0 39.63112746738479,24.43434886534146,0 39.63112244696047,24.43437315952772,0 39.63111850005417,24.43438031705909,0 39.6311101641519,24.43440467050902,0 39.63110293782171,24.43442224890942,0 39.63109888983108,24.43443987160878,0 39.6310938296837,24.43445411610323,0 39.63108863027234,24.43446828089221,0 39.63108550396301,24.43447890560099,0 39.63107923343097,24.43450021499095,0 39.63107403330702,24.43451453328587,0 39.63106787183803,24.43452546468927,0 39.63105392668224,24.43453265991317,0 39.63104095266468,24.43454334292563,0 39.6310303066893,24.4345506508335,0 39.63101964650149,24.43455796822521,0 39.63100897198773,24.43456529573741,0 39.63099713342162,24.43456896683666,0 39.63098215452594,24.43457275902589,0 39.63096730627535,24.43457669605006,0 39.63095460485518,24.43457700649706,0 39.6309355481051,24.43457747227145,0 39.6309196633584,24.43457786050013,0 39.63090385346776,24.43457832497075,0 39.63089111955998,24.43457861495867,0 39.63087431077147,24.43457553262479,0 39.63086384517722,24.43457227687177,0 39.63084861124461,24.43456493055341,0 39.63082892675447,24.43455379957328,0 39.63081393310153,24.43454666812023,0 39.63080151169667,24.4345388451368,0 39.63078567691272,24.43453082056539,0 39.63076704383082,24.43452324563638,0 39.63074795329153,24.43451265017978,0 39.63072179356961,24.43449887813134,0 39.63070821163123,24.43449567152435,0 39.63069087688929,24.43448939713438,0 39.63067806384588,24.43448699459274,0 39.63066530857071,24.43448465031343,0 39.6306623034728,24.4344848893903,0 39.63063824856205,24.43448680204497,0 39.63062018930584,24.43448823798206,0 39.63060512752392,24.43448943574283,0 39.63058933407759,24.43448985145444,0 39.63058066553764,24.43449350630594,0 39.63056879467913,24.4344972081444,0 39.63055688951636,24.43450088532769,0 39.63054641323007,24.43451121690023,0 39.63053435520577,24.4345147591847,0 39.63052228971467,24.43451830365028,0 39.63051331211361,24.43452167750028,0 39.63051042125146,24.43453839822983,0 39.63050709627318,24.43455214799592,0 39.63050134336028,24.4345694208264,0 39.63049813148433,24.43458338915643,0 39.63048742306243,24.4345937196368,0 39.63048083620976,24.43460763776018,0 39.63047266271914,24.43461463961483,0 39.63046857503542,24.43462517206041,0 39.63045858374765,24.43463650163226,0 39.63045512837834,24.43464785712755,0 39.63044597376575,24.43466284140738,0 39.63043551490863,24.43467375027227,0 39.63042627743534,24.43468877931229,0 39.63042167191576,24.43469633036303,0 39.63041576372644,24.43471149500265,0 39.63041215306515,24.43472290407773,0 39.6304008673604,24.4347304398841,0 39.63039391979581,24.43474185798479,0 39.63038477079494,24.43475731242854,0 39.63038365262468,24.43477721442304,0 39.63039469900144,24.43479317249057,0 39.63041132603207,24.43479319280484,0 39.63043170886957,24.43479376005758,0 39.63044537417929,24.43479422595484,0 39.63046245443438,24.43479480349702,0 39.63047957584183,24.43479542622213,0 39.63049336332487,24.43479602898378,0 39.63050826586139,24.4348005855046,0 39.63052306183599,24.43480499703997,0 39.63054321320175,24.43481705277036,0 39.63055441415585,24.43482112802981,0 39.63057319896794,24.43482888300489,0 39.63058324244371,24.43482892525051,0 39.63059653391526,24.43484067155176,0 39.63059824448258,24.43485718550808,0 39.6306069447404,24.43488600031416,0 39.63061174821376,24.43490230986571,0 39.63062582179933,24.4349176466514,0 39.63063857097141,24.43492874267449,0 39.63065134241651,24.43493985782152,0 39.63067039533006,24.43495040260936,0 39.63068634537101,24.43496125847521,0 39.6306984972918,24.43497158648259,0 39.63070693327303,24.4349815229242,0 39.63071856716053,24.43499122692063,0 39.63072288844847,24.43500962283592,0 39.63072641711583,24.43502445767512,0 39.63072995405669,24.43503932578032,0 39.63073353919977,24.43505427654903,0 39.63073428555074,24.43506993779666,0 39.63073473847555,24.43508528024558,0 39.63073504161746,24.43510047222786,0 39.6307375138098,24.43512370734992,0 39.63074077858339,24.43513575122222,0 39.63074210628779,24.4351523284962,0 39.63074686346452,24.43516895435199,0 39.63075132332071,24.4351852473942,0 39.63073983165625,24.43520581782931,0 39.63072349428673,24.43522204118513,0 39.63070031634051,24.43523845058895,0 39.63067360640856,24.43525489131236,0 39.6306423748857,24.4352800637834,0 39.63061116895999,24.43530556516563,0 39.63058457431249,24.43532273250614,0 39.63057039039597,24.43533526180637,0 39.63055604369092,24.43534767319548,0 39.63053713581672,24.43535862006186,0 39.63052503471887,24.43536663034419,0 39.63051290936149,24.43537466479456,0 39.63049959005777,24.43537830428833,0 39.6304849852207,24.43539057246433,0 39.63047281245829,24.43539863688617,0 39.63045699370253,24.43540651872474,0 39.63044231508383,24.43541884126487,0 39.63042052846121,24.43543108761649,0 39.63040624461031,24.43544414480962,0 39.63039433100332,24.4354528182604,0 39.63038503352394,24.43545743530483,0 39.63037699854747,24.43548032064739,0 39.63037253528346,24.43548976243211,0 39.63036584312511,24.43550398366458,0 39.63035384916596,24.4355265146211,0 39.63034990073376,24.43553967618553,0 39.63033414403781,24.43556215958712,0 39.63032960295858,24.43557453194661,0 39.63032180158901,24.43558738961408,0 39.63030783277326,24.43560460260155,0 39.63029737230523,24.43562183550948,0 39.63028333015823,24.43563914483918,0 39.63026812588915,24.43565184491902,0 39.63025573067323,24.43566057344045,0 39.63024697709423,24.43566944669413,0 39.63023560357249,24.43568276525393,0 39.63022456220268,24.43569670792379,0 39.63021020187905,24.43571121292313,0 39.63020273667152,24.4357253104426,0 39.63019045683667,24.43573456481491,0 39.63017872195369,24.43574762644793,0 39.63015613168005,24.43576069227319,0 39.63014072339571,24.43577379993515,0 39.63012192304262,24.43578739352032,0 39.63010689045564,24.43580138173101,0 39.6300936006452,24.43580638062699,0 39.63008215765661,24.43582041396779,0 39.63007162616881,24.43582105388985,0 39.63005649962077,24.4358351286835,0 39.63004658405097,24.43583978154927,0 39.63003115905629,24.43585343944504,0 39.63002289211688,24.43586696484748,0 39.63000757273359,24.43588103536854,0 39.62999797347728,24.43588642845926,0 39.62998646028794,24.43590092507639,0 39.62997119049377,24.43591532038575,0 39.62995591432072,24.43592982100227,0 39.62993309129987,24.43594113567801,0 39.62991565630436,24.43594577935086,0 39.62989161355212,24.43595195378674,0 39.62987453364411,24.43595741872213,0 39.62985710286115,24.4359621825674,0 39.62984009706462,24.43596786632408,0 39.62981937355519,24.43597638003292,0 39.62980216517211,24.4359846324105,0 39.62978103266089,24.43599243937595,0 39.62976725621201,24.4359973481904,0 39.62975030001982,24.43600624287128,0 39.62973692867057,24.43601500203594,0 39.62972047424657,24.43602808515629,0 39.62970815846347,24.43604512412819,0 39.62969890321597,24.43605792902919,0 39.6296902953142,24.43607516923088,0 39.62968184104341,24.43609281985472,0 39.62967277451768,24.43610624682823,0 39.62966368975076,24.43611970045332,0 39.62965403129351,24.43612905156954,0 39.6296379456902,24.43614370375122,0 39.62962476565656,24.43615360532077,0 39.62960720547773,24.43615907515531,0 39.62958962698734,24.43616455067726,0 39.62957568913157,24.43616986067997,0 39.62956171443369,24.43617511858122,0 39.62954021712785,24.43618025889871,0 39.62952600579191,24.43618499247436,0 39.62951121453015,24.43618535253395,0 39.62949257906389,24.43618539388067,0 39.62948001965673,24.4361760346472,0 39.62948073330201,24.43615365184433,0 39.62947767455727,24.43613120676578,0 39.62947462592601,24.43610883373672,0 39.62947595250663,24.43609111858267,0 39.62947368978578,24.43607662513175,0 39.62947063820573,24.43605725634303,0 39.62946524543489,24.43602331862064,0 39.6294659054881,24.43600414008312,0 39.6294622006747,24.43598039940933,0 39.62946304940908,24.43596181383053,0 39.6294639710525,24.43594347404993,0 39.62946893068453,24.43592615011067,0 39.62947385646122,24.43590884185726,0 39.62947487764426,24.43589094859621,0 39.6294758956406,24.43587310479839,0 39.62948073341668,24.43585575856203,0 39.62948174103215,24.43583801100354,0 39.6294832810092,24.43582443359391,0 39.6294784708623,24.43579583180941,0 39.62947541077679,24.43577714178787,0 39.62947207642374,24.43575510224266,0 39.62946147409576,24.4357328769177,0 39.62945528849169,24.43571544100266,0 39.62944190398549,24.4356979763101,0 39.62943158767061,24.43567642418141,0 39.62942192583537,24.43565923265586,0 39.62940929449005,24.43564628503868,0 39.62939956476718,24.43562887843387,0 39.62937790767434,24.43562832894681,0 39.62935206529478,24.43562348058718,0 39.62932710756086,24.43562354614101,0 39.62930850565057,24.43561886835763,0 39.62928992175703,24.43561418925439,0 39.62927493920435,24.43560955414986,0 39.62925703995982,24.43560937244088,0 39.6292427517597,24.43560925538338,0 39.62922786261338,24.43560485349509,0 39.6292100655811,24.43560492537692,0 39.62919582783496,24.43560498286129,0 39.62917449426942,24.43560514134264,0 39.62915628533298,24.43560125907754,0 39.62914571454638,24.43560159526317,0 39.62912809283254,24.43560215568798,0 39.62911345881131,24.4355983002158,0 39.62908877830181,24.43559906190967,0 39.62907407966654,24.43559499291138,0 39.629048770625,24.43559113061865,0 39.62902753333915,24.43559154156512,0 39.62901339211196,24.43559188735675,0 39.62899572915433,24.4355923562586,0 39.62898159578673,24.43559273150898,0 39.62896745998588,24.43559310668035,0 39.62895332179313,24.43559348244104,0 39.62893913433316,24.43559370557924,0 39.62892487993722,24.43559371858627,0 39.62891463409648,24.4355979673183,0 39.62889336737543,24.43559838992109,0 39.62887564238334,24.43559874221424,0 39.62885791460459,24.43559909432675,0 39.62886087467137,24.43562874966053,0 39.62885816285451,24.43563730418122,0 39.62886111099643,24.4356670753612,0 39.62886277648698,24.4356840598248,0 39.62886444681875,24.4357010880073,0 39.62886296226468,24.4357225151548,0 39.62886505707587,24.43574393572479,0 39.62886715939845,24.43576542952992,0 39.62886884599759,24.43578267246567,0 39.62886694281251,24.43580005904101,0 39.62886544488745,24.43582178383502,0 39.62886395911651,24.43584365144068,0 39.6288661051485,24.43586567828612,0 39.62886105686499,24.43588791511484,0 39.62886282389123,24.43590575357981,0 39.62886094630746,24.43592366758158,0 39.62885584944855,24.43594615055495,0 39.62885396365932,24.43596415146639,0 39.62884884086857,24.43598676808775,0 39.62884696419758,24.43600502919631,0 39.62884182595506,24.43602784202518,0 39.62883621221481,24.43604609379668,0 39.62883103254674,24.43606902506819,0 39.62882911125619,24.43608748246508,0 39.62882718440775,24.43610599295818,0 39.628825251973,24.43612455589779,0 39.62881122699804,24.43613362773602,0 39.62879957603416,24.43612870457228,0 39.62878059437048,24.43612420654558,0 39.62876577636946,24.43612435296093,0 39.62875054472629,24.43611987586173,0 39.62873573022534,24.43612002263489,0 39.62872011124254,24.43611093131561,0 39.62870495359344,24.43610664813408,0 39.62868652680924,24.43610715544789,0 39.62867140042907,24.43610295682683,0 39.62865628245056,24.43609876024014,0 39.62863785957612,24.43609926656806,0 39.62861943167047,24.43609977271495,0 39.62860432867026,24.43609557775679,0 39.62858888006947,24.43608678966045,0 39.62857379460705,24.43608260462161,0 39.62855872819285,24.43607846952246,0 39.62854367092476,24.4360743369283,0 39.62852862417837,24.43607024165886,0 39.62851021252601,24.4360708006738,0 39.62849182376085,24.43607143797669,0 39.62847360751239,24.43607593752614,0 39.62845141433523,24.43607601459117,0 39.62843291851172,24.4360760784571,0 39.62841836776823,24.43608044442895,0 39.62839986578658,24.4360805085012,0 39.62838558811553,24.43608945440234,0 39.62837578528215,24.43611201225442,0 39.62836540982754,24.43612556514195,0 39.62836280161211,24.43614414458947,0 39.62835300569026,24.43616742100034,0 39.62834696618652,24.43619112433796,0 39.62834409207835,24.43620548610797,0 39.62833437128522,24.43622996932132,0 39.6283352849837,24.43624483501208,0 39.62832929618746,24.43626980464073,0 39.62832676964502,24.43628989367111,0 39.62832047347194,24.43631008615847,0 39.62831097059252,24.43634045884056,0 39.62830141274522,24.43637078530579,0 39.62829148031553,24.43639602418045,0 39.62828531604954,24.43642138859514,0 39.62827479319094,24.43643701659717,0 39.62825953858047,24.43643691994311,0 39.62824398848847,24.43643152411673,0 39.62822478034236,24.43642723071401,0 39.62820586595584,24.43642824235969,0 39.62818669392755,24.43642413558382,0 39.62817131339892,24.43641982832887,0 39.62817009558683,24.43639431344798,0 39.62816535542581,24.43637417616563,0 39.62816399154502,24.43634449257178,0 39.62815226276268,24.43633510539927,0 39.62813698880674,24.43633073915518,0 39.6281217074686,24.43632628749971,0 39.6281064094631,24.43632167610249,0 39.62809112112628,24.43631706768972,0 39.62807584347558,24.43631246269867,0 39.62806057420181,24.4363078604477,0 39.6280417480025,24.43630834547547,0 39.62802668015802,24.43630874300426,0 39.62800786195237,24.43630930078275,0 39.62798904026394,24.43630985948472,0 39.62797021804154,24.43631038957911,0 39.62795137567205,24.43631089579673,0 39.6279325297889,24.4363114021329,0 39.62791742880512,24.43631158832137,0 39.62790232875827,24.43631171661445,0 39.62788721975783,24.43631186551631,0 39.62787210903866,24.4363119634527,0 39.62785700648529,24.43631204448797,0 39.62784200347601,24.43631706475923,0 39.6278231571968,24.43631717940866,0 39.6278081414447,24.43632223245226,0 39.62779300546954,24.43632245061738,0 39.62777790006351,24.43632279640741,0 39.62776288090674,24.43632810031175,0 39.62774017903042,24.4363281387284,0 39.62772126248467,24.43633336962989,0 39.62770629142737,24.43634330832893,0 39.62769119238676,24.43634837297716,0 39.62767609867861,24.43635828983293,0 39.62766096100548,24.43636814171341,0 39.62764205178601,24.43637317924804,0 39.62762689014556,24.43637816723255,0 39.6276079080844,24.43637826236623,0 39.62758892457958,24.43637835752373,0 39.62756614458956,24.43637847151471,0 39.62755474745497,24.4363785958004,0 39.62753955185853,24.43637821046201,0 39.62752436465191,24.43637771010685,0 39.62750920285567,24.43637256864938,0 39.62749408210434,24.43636279629381,0 39.62747896131007,24.4363540472979,0 39.627460079519,24.4363421054083,0 39.62745635893543,24.43632264914628,0 39.62745660116165,24.43629643846354,0 39.6274605243302,24.43627848176137,0 39.62746440472059,24.436264913956,0 39.6274645640754,24.43624614902361,0 39.62747228202112,24.43622203741204,0 39.62747995898213,24.43620250438794,0 39.6274838251956,24.43618781218818,0 39.62748778827751,24.43615866409268,0 39.62748795488531,24.43613480562743,0 39.62748815059594,24.43610676846329,0 39.62748837817114,24.43607421159937,0 39.62748856934633,24.43604652870267,0 39.62748872813206,24.43602357936854,0 39.62748885458059,24.43600527797734,0 39.62748901631225,24.43598262539555,0 39.62748548680543,24.43596014934841,0 39.62748564590662,24.4359377370065,0 39.62748210096036,24.43591987428239,0 39.62747856565763,24.43590205907614,0 39.62747137904383,24.43588430595183,0 39.6274678737032,24.43586646365078,0 39.62746074951699,24.43584782136723,0 39.6274536450462,24.43582920389363,0 39.62744656202227,24.43581064455588,0 39.62743592341124,24.43578726577583,0 39.62742890525796,24.43576849235244,0 39.62741829412613,24.43574981225979,0 39.62741494056012,24.43573117331913,0 39.62741881516262,24.43571256588535,0 39.62742274348077,24.43568907194851,0 39.62742668724687,24.43566496576092,0 39.6274270094662,24.43564180123113,0 39.62743087446424,24.43561954699195,0 39.62743466569315,24.43560188459745,0 39.62744201032314,24.43558438612811,0 39.62744577301949,24.43556685316479,0 39.62745308017353,24.43554945700356,0 39.62745686125986,24.4355276551933,0 39.62746058421756,24.43551049066314,0 39.62746428618649,24.43549359090525,0 39.62746797763656,24.43547673742253,0 39.62747166223834,24.4354597547553,0 39.62747534033839,24.43544272738147,0 39.62747900791275,24.43542574855716,0 39.62748265932342,24.43540892027882,0 39.62748630063453,24.43539227950069,0 39.6274934372128,24.43537575452189,0 39.62750402988248,24.43536349529831,0 39.62751111025881,24.43534708969698,0 39.6275216862375,24.43533076642903,0 39.62752877319738,24.43531032214762,0 39.62753580492029,24.43529389219824,0 39.62753932537353,24.43528172077622,0 39.6275463285914,24.43526568284021,0 39.62755678522851,24.43524978911244,0 39.62756721584572,24.43523393494492,0 39.62757415904904,24.43522198574292,0 39.62758454498609,24.43520994327419,0 39.62759837155192,24.43520177618192,0 39.62760871404102,24.43518939354896,0 39.62761901932095,24.43517287769482,0 39.62762586550726,24.43516072808434,0 39.62763612982791,24.43514496331657,0 39.62764639484486,24.43513294237276,0 39.62765662384042,24.43512062689321,0 39.62766683061286,24.4351083379472,0 39.62767701062543,24.43509609236127,0 39.62768716888507,24.4350838459157,0 39.62769388372971,24.4350713784321,0 39.62770401067071,24.43505906562725,0 39.62771407038552,24.43504354905172,0 39.62772404919973,24.43502357224761,0 39.62773410511383,24.43501171837937,0 39.62774408480798,24.43499593787983,0 39.62775749783469,24.4349842791209,0 39.62776748603532,24.43497256697695,0 39.62777752896558,24.43496488508661,0 39.62778401397985,24.43494903190204,0 39.62779040243652,24.43492922737442,0 39.62780007662437,24.43490564012126,0 39.62780657833024,24.43489390605958,0 39.62781288585122,24.43487424618835,0 39.62782250280765,24.43485420965221,0 39.62783562430894,24.43484217986857,0 39.62784202554207,24.43483022273908,0 39.62784476916276,24.4348064384224,0 39.62785106052051,24.43479084144133,0 39.6278539890142,24.4347725875133,0 39.62786040681543,24.43476177347244,0 39.62787015309741,24.43475117449578,0 39.62787988415872,24.4347405919776,0 39.6278828543238,24.43472618332368,0 39.62788914067566,24.43471191553883,0 39.6278920555555,24.43469721393537,0 39.62789827874946,24.43468258833711,0 39.62790779834393,24.43466810793177,0 39.62791741108811,24.43465735264019,0 39.62792683986243,24.43464246087708,0 39.62793307155923,24.43463131381108,0 39.62794585675132,24.43462012207954,0 39.62795889433836,24.43461657113372,0 39.62797521888554,24.43461310021384,0 39.62798462896977,24.43460169389528,0 39.62799401049705,24.43459023176566,0 39.62800320780376,24.43457494804344,0 39.62800926825317,24.43456350559857,0 39.62801514375685,24.43454817733059,0 39.6280144662693,24.43453282899254,0 39.62801685522658,24.43451355769843,0 39.62801598323527,24.43449436667999,0 39.62801863773883,24.43447984304667,0 39.62802128568064,24.43446535840052,0 39.62803011241228,24.43444382277443,0 39.6280360002472,24.4344297027051,0 39.62803525701281,24.43441193209687,0 39.62802820439216,24.43439755113898,0 39.62802118899533,24.4343833555007,0 39.62801419239673,24.43436919714156,0 39.62800388130424,24.43435170516945,0 39.62799375757091,24.43433784403932,0 39.627983695556,24.43432431303519,0 39.62797684225895,24.43431076156549,0 39.6279700364204,24.43429749583981,0 39.62796316478316,24.43428112652293,0 39.62795642029282,24.43426818646793,0 39.62794978943897,24.43425854216941,0 39.62794305992732,24.43424554794359,0 39.62793634370686,24.43423257997297,0 39.62792964135797,24.4342196383139,0 39.62792610503573,24.43420659554652,0 39.62792257095636,24.43419349765198,0 39.62792206917087,24.43417929190182,0 39.62792156900702,24.43416512763941,0 39.62792430851248,24.43415181733019,0 39.62792347516651,24.4341275483663,0 39.62792282071437,24.43410733553441,0 39.62792260309827,24.4341006148229,0 39.62792531098291,24.43408728772072,0 39.62792812224021,24.43407733627913,0 39.62792768183353,24.43406397846874,0 39.62792400286401,24.43404724189877,0 39.6279202528239,24.43402746319027,0 39.62791994607365,24.43401765557618,0 39.62791642607989,24.43400454877639,0 39.6279095654391,24.43398462009669,0 39.62790283247973,24.43396802006372,0 39.62789622657245,24.43395478577435,0 39.62789570635989,24.43393825241756,0 39.62789498574125,24.43391518778791,0 39.6278944388928,24.43389856086364,0 39.62789104693489,24.43388864828764,0 39.62787571826248,24.43388891178477,0 39.62786355123619,24.43389244291475,0 39.62785777237708,24.4339056340512,0 39.62785822300719,24.43392200676762,0 39.62785549859974,24.43393514705324,0 39.62784967552253,24.43394823900376,0 39.62784382158019,24.43396127320506,0 39.62783157812058,24.43396754977663,0 39.62781926293312,24.43397073696051,0 39.6278038130364,24.43397113741014,0 39.62778517108828,24.43396791290905,0 39.62776968514419,24.43396782769416,0 39.62775718183401,24.43396116261647,0 39.62774469543109,24.43395450657178,0 39.62773531542664,24.43394786614708,0 39.62772585347506,24.43393463695565,0 39.6277165052966,24.43392803538702,0 39.6277071273914,24.43391815960303,0 39.62769772950838,24.43390502861666,0 39.62768535139924,24.43389845912886,0 39.62767299272762,24.43389194465489,0 39.62766064981173,24.43388543886485,0 39.62764834537176,24.4338821986621,0 39.62763299785065,24.43388222262814,0 39.62762070126836,24.43387894649882,0 39.62760841724973,24.43387566593747,0 39.62759614079352,24.43387238679,0 39.62758387377986,24.43386911027404,0 39.62757161476971,24.4338626015397,0 39.62755937327533,24.43385610291934,0 39.62754406746541,24.43385603961363,0 39.62753182103912,24.43385597820416,0 39.62751647576391,24.4338623441395,0 39.62750721913009,24.43387198534803,0 39.6275010141744,24.43388166152526,0 39.62749172580353,24.43389133995311,0 39.62748546540796,24.43390430436817,0 39.62749150514743,24.43391736428975,0 39.62749448642372,24.43393043458091,0 39.62749128225469,24.43394346244133,0 39.62748193099355,24.43395320850946,0 39.6274664845212,24.43395309843295,0 39.62745104381911,24.43395300704823,0 39.62743559466255,24.4339529468036,0 39.62742328328707,24.433949638772,0 39.62741406822254,24.43394636165207,0 39.62740502038224,24.43393328793843,0 39.62739594616473,24.43392343822456,0 39.62738688979493,24.43391360740641,0 39.62737791499153,24.43390053481427,0 39.62737510287785,24.43388750617684,0 39.6273692281358,24.43387451050565,0 39.62736643443942,24.43386159096232,0 39.62736058757305,24.43384867534299,0 39.62735780380815,24.43383587368161,0 39.62734883525314,24.43382647279507,0 39.62733986874826,24.43381725186414,0 39.62733402898355,24.43380500481447,0 39.62733124740286,24.4337927520912,0 39.62732847407431,24.43378049401305,0 39.62732577637806,24.43376516291304,0 39.62732614508099,24.43375198442673,0 39.62732661444056,24.43373548940226,0 39.62732701343998,24.43372206745406,0 39.62732741503596,24.43370629973969,0 39.62732783709539,24.43369037010497,0 39.62732514934194,24.43367780924405,0 39.62732243200631,24.43366564978163,0 39.62731671229718,24.4336535952785,0 39.62731399070657,24.43364168001773,0 39.62730825882851,24.4336299806502,0 39.62730554226616,24.43361819872212,0 39.62730591077258,24.43360330441981,0 39.6273061942514,24.43359151290744,0 39.62730652312104,24.43357701697386,0 39.6273097736217,24.43356535732534,0 39.62731003681791,24.43355376973313,0 39.62731329760329,24.43354199089643,0 39.62731662700357,24.43352723674456,0 39.62731995296249,24.43351247794904,0 39.62732313197195,24.43350361243197,0 39.62732342006048,24.43349180479045,0 39.62732673469191,24.4334770622357,0 39.62733004050326,24.4334623615413,0 39.62733321626034,24.43345339577424,0 39.62734226254729,24.43344454596578,0 39.62735136627545,24.43343270648904,0 39.62735163224202,24.4334209487017,0 39.62735483627304,24.4334091653136,0 39.62735810241016,24.43339443661236,0 39.62736129316971,24.43338268421513,0 39.6273703219264,24.43337094799465,0 39.62737634907574,24.43336216585708,0 39.62738528407571,24.43335337529676,0 39.62739717270964,24.43334167945903,0 39.62740612255518,24.43333001161453,0 39.62741218789025,24.43331555938703,0 39.62741817201881,24.43330423837052,0 39.62742414319358,24.43329293732149,0 39.62742721268836,24.43328156175633,0 39.62743316972606,24.43327019181102,0 39.6274362227132,24.43325886747476,0 39.62744500689415,24.43325032603755,0 39.62745092441222,24.43323903685873,0 39.62745967505467,24.433230609618,0 39.62747122713449,24.43322784100338,0 39.62748278772553,24.4332225289897,0 39.62749431898386,24.43321993462187,0 39.62750870716998,24.43322008450846,0 39.62752597779533,24.43322020285871,0 39.62753748341704,24.43322297969433,0 39.62755476113674,24.43322309844977,0 39.62756628034035,24.43322320294851,0 39.62757780096752,24.43322330739875,0 39.62759508787853,24.43322618377468,0 39.6276066206032,24.4332290085815,0 39.62761527703767,24.43323180733787,0 39.62762681090519,24.43323189680766,0 39.62763835785039,24.4332346527259,0 39.62765281343608,24.43324015651669,0 39.62766435839882,24.43324027164988,0 39.62767597938812,24.43324869418826,0 39.62768762532769,24.4332572285337,0 39.62770215312653,24.43326301144296,0 39.62771380309066,24.43326877229345,0 39.62772546582501,24.43327453229308,0 39.62774003668572,24.43328024378612,0 39.62774877820497,24.43328311164808,0 39.62776052208724,24.43329162900567,0 39.62776948289759,24.43330578515213,0 39.62778138115791,24.4333200288548,0 39.6277903485984,24.43333152463919,0 39.62779933235586,24.43334300270551,0 39.62780540600088,24.43335439858696,0 39.62781726377978,24.43336289699049,0 39.62782621152543,24.43337135473282,0 39.62783509151485,24.43337685800503,0 39.62784690066573,24.43338233316431,0 39.62786149583003,24.4333821003258,0 39.62787897962851,24.43338162918083,0 39.62789064949439,24.43338143862673,0 39.62790224264325,24.43337847177718,0 39.62791382879245,24.43337550669913,0 39.6279254883296,24.43337532684438,0 39.62793706887849,24.43337240320793,0 39.62795134518309,24.43336366843492,0 39.62796283157157,24.43336034445774,0 39.62797124592669,24.43335168459383,0 39.62797666293286,24.43333812033969,0 39.62798208376592,24.43332693246811,0 39.62799026995449,24.43331283896888,0 39.62799841350025,24.43329866969592,0 39.62800375882301,24.4332873948326,0 39.62800909351039,24.43327614402859,0 39.6280115472963,24.43326502749235,0 39.62801687001694,24.43325386199228,0 39.62801928577989,24.43324267064882,0 39.6280245535863,24.43323138822006,0 39.62802694952261,24.43322021770745,0 39.62802921948339,24.43320629855694,0 39.62802875108031,24.43319526663443,0 39.62803409448,24.43318680450547,0 39.62804217712304,24.43317561848914,0 39.62804752823962,24.43316731880661,0 39.62805571742449,24.43315897123116,0 39.62806377136741,24.43314792413661,0 39.62807168464857,24.43313419498018,0 39.62807961364116,24.43312286560478,0 39.6280876375767,24.43311421370722,0 39.62809857217522,24.43310809572483,0 39.62810948728455,24.43310198815763,0 39.62812038288896,24.43309589176482,0 39.62813125947081,24.43308980573088,0 39.62813919688348,24.433081238189,0 39.62814419867274,24.43307020064512,0 39.62814919035351,24.43305918893753,0 39.62815154034925,24.43305103579351,0 39.62816238211263,24.43304737497289,0 39.62817602655503,24.43304591631613,0 39.62818972518956,24.43304468360664,0 39.62820613972055,24.43304320731142,0 39.62821433744511,24.43304246963956,0 39.62822798502478,24.43304124152004,0 39.62824160303332,24.43303997420348,0 39.62825292513399,24.43304236586293,0 39.62826415817018,24.43304231519759,0 39.628275529848,24.43304482439627,0 39.62828704891491,24.43304989999408,0 39.62829843137979,24.43305241166053,0 39.62831528785143,24.43305232973871,0 39.62832667597005,24.43305484228924,0 39.62834070175375,24.4330547198216,0 39.62835197824849,24.43305695230395,0 39.62836342057197,24.43306176928336,0 39.62837746593297,24.43306388860452,0 39.62839151886631,24.43306602430835,0 39.62840566394586,24.43306836851257,0 39.62841683657297,24.43306816674745,0 39.6284338240097,24.43307056653284,0 39.62845336877732,24.43307021305889,0 39.62847035875333,24.43307261285118,0 39.62848176749529,24.43307510945377,0 39.62849013666006,24.4330749475922,0 39.62850154582689,24.43307743773455,0 39.62851347042366,24.43308534708363,0 39.62852463416249,24.43308512989087,0 39.62853579528615,24.43308491298195,0 39.62854980447737,24.43308476066881,0 39.62856103666599,24.4330846878332,0 39.6285750992779,24.43308464250219,0 39.62858634875409,24.43308460635188,0 39.62859506290257,24.43308728743688,0 39.62860659513959,24.43308996089491,0 39.62862118732356,24.43309525820596,0 39.62863266315788,24.43309780711606,0 39.62864170605757,24.43310324136349,0 39.62865394110462,24.4331115147323,0 39.62866333085083,24.43311973452791,0 39.62867295406217,24.43313055779325,0 39.62867946352334,24.43313866479686,0 39.62868910224071,24.43314949224687,0 39.62869604401836,24.43316055240293,0 39.6287026941609,24.433168888287,0 39.62871216611556,24.43317718093599,0 39.62872176499463,24.43318567911246,0 39.628731424409,24.43319426747023,0 39.62873326153047,24.43320855163983,0 39.62873472016739,24.43321998611564,0 39.62873706025904,24.43323744663212,0 39.62873951806677,24.43325516737073,0 39.6287439791305,24.43326692457131,0 39.62875088590705,24.43327569068958,0 39.62876106474716,24.43328738634173,0 39.62877168859261,24.43330209392258,0 39.6287790713137,24.43331391847465,0 39.62878975243703,24.43332870612447,0 39.6287975595744,24.4333435216001,0 39.62880529508559,24.43335821593054,0 39.62880409208744,24.43337026116951,0 39.62879303613698,24.43337353935387,0 39.62877945179027,24.43337979441717,0 39.62876832785877,24.43338300327444,0 39.62876087700166,24.43339217887419,0 39.62875341539263,24.43340138403776,0 39.62874307047261,24.43341071029922,0 39.62873524054768,24.43341704293903,0 39.62872491448814,24.43342652132558,0 39.62871709059382,24.43343295019143,0 39.62870624734536,24.43343924189606,0 39.62869577300355,24.43344860426039,0 39.62868820576875,24.43345797219809,0 39.62867765346624,24.43346730432846,0 39.6286702643547,24.43347945621931,0 39.62866545783296,24.43348861633999,0 39.62865807425189,24.43350090689886,0 39.62865325936622,24.43351014093355,0 39.62864584179728,24.43352248988619,0 39.62864135575381,24.43353484906905,0 39.62863390165651,24.43354726513331,0 39.62862624167946,24.43355930211892,0 39.62862115898067,24.43356818848731,0 39.6286100907999,24.43357702685044,0 39.62859900488125,24.43358587933179,0 39.62858819143114,24.4335977592936,0 39.6285800295565,24.43360659745567,0 39.62857184556893,24.43361542743234,0 39.62856422090464,24.43363033308745,0 39.62855625200012,24.43364214148177,0 39.62854853865962,24.43365699453624,0 39.62854356990397,24.43366894754149,0 39.62854165237585,24.43368107721276,0 39.62854353632367,24.43369998631118,0 39.62854511194332,24.43371580054028,0 39.62854700947447,24.43373484569127,0 39.62855134571426,24.43374769787151,0 39.62856623138779,24.4337447483014,0 39.62857837036231,24.43374486752463,0 39.62859051035343,24.43374498682497,0 39.62860265162782,24.4337451061914,0 39.62861447518823,24.43374208957166,0 39.62862662617523,24.43374223623307,0 39.62863813453309,24.43373613346629,0 39.62864995762572,24.43373316273256,0 39.62866177462692,24.43373019338125,0 39.62867325178594,24.43372410363058,0 39.62868437887419,24.43371490421815,0 39.62869234495343,24.43370542838941,0 39.62869686724873,24.43369269658933,0 39.62869802545953,24.43367689270609,0 39.62870302920687,24.43366767617227,0 39.62870434674227,24.43365232635507,0 39.62870633495536,24.43364314277506,0 39.62870802824,24.43363101967751,0 39.62870635652583,24.43361579481044,0 39.6287076528013,24.43360057740147,0 39.62870929090145,24.43358845873748,0 39.62870762352729,24.43357336023595,0 39.62871547441309,24.43356419104259,0 39.62872661727491,24.43355804493217,0 39.62873770398038,24.43355182375323,0 39.62874912042207,24.43354861061218,0 39.62876052367068,24.43354539177384,0 39.62877523286458,24.4335451716242,0 39.62878699805776,24.43354499548323,0 39.62879870896293,24.43354471763709,0 39.62881075952697,24.43354740159107,0 39.62882279726998,24.43355005413508,0 39.62883526212972,24.43355580981655,0 39.62884731074575,24.43355846538935,0 39.62885731991894,24.43356745037834,0 39.62887025624453,24.43357633746097,0 39.62888320159509,24.43358521754447,0 39.62889578149678,24.43359109441183,0 39.62890886669724,24.433600179328,0 39.62892150907719,24.43360612428698,0 39.62893375608341,24.43360902991532,0 39.62894604677076,24.43361200535462,0 39.62895788299262,24.43361185113515,0 39.62896971717933,24.43361169700665,0 39.62898205768649,24.43361473591511,0 39.62899736471889,24.43361773798545,0 39.62900972047846,24.43362078054427,0 39.62902260610102,24.43362702638473,0 39.62903307173671,24.43363652766902,0 39.62904595784983,24.43364273106733,0 39.62905989788416,24.43365532656632,0 39.62907045221161,24.43366491586361,0 39.62908349692676,24.43367131469501,0 39.62909956007299,24.43367771991113,0 39.62911145329929,24.43367753811181,0 39.62912333019832,24.43367733161893,0 39.62913872237301,24.43368028376047,0 39.62914434259139,24.43369614374733,0 39.6291494479789,24.43370885970161,0 39.62915754963684,24.43372155757849,0 39.62916322561459,24.43373755579448,0 39.62917544968922,24.43375672971242,0 39.62918527345286,24.43377927616843,0 39.62918932314892,24.4337856317844,0 39.62918908494393,24.4338019650899,0 39.62918884621257,24.43381835577315,0 39.62918506669359,24.43383162671737,0 39.629187280215,24.43384476396166,0 39.62918329173382,24.4338577875433,0 39.62918274963643,24.43387388868789,0 39.62917863757268,24.43388680987114,0 39.62917451467747,24.43389976404361,0 39.62916781086651,24.43391600644722,0 39.62916366268773,24.433929034495,0 39.62916262578648,24.43394216078933,0 39.62915856948619,24.43395544527292,0 39.62915864411457,24.43397542401625,0 39.62916218059022,24.43395876109192,0 
						</coordinates>
					</LinearRing>
				</outerBoundaryIs>
			</Polygon>
		</Placemark>
		<Placemark id="8F6232D7E913E7DEE6624">
			<name>78</name>
			<styleUrl>#m_ylw-pushpin0</styleUrl>
			<Polygon>
				<tessellate>1</tessellate>
				<outerBoundaryIs>
					<LinearRing>
						<coordinates>
							39.62761131640135,24.43506843083357,0 39.62760444822005,24.4350871935428,0 39.627602642618,24.4350997697309,0 39.62759827798595,24.43511549996788,0 39.62759342120243,24.43512496585264,0 39.62759161238771,24.43513772680129,0 39.62758448192849,24.43515609335683,0 39.62757981117107,24.43516875551163,0 39.62757536507116,24.43518465544013,0 39.6275650001016,24.43519722687144,0 39.62755739241825,24.43520967985893,0 39.62754976613851,24.43522216249179,0 39.6275420761969,24.43523447217284,0 39.62753699785322,24.4352437050065,0 39.62752946600857,24.43525915242922,0 39.62752456194759,24.43527156961381,0 39.62751966935482,24.43528414183712,0 39.62751763631395,24.43529687308015,0 39.62751254560557,24.43530637435517,0 39.62750231478753,24.43532532442348,0 39.62749756707375,24.43534121013202,0 39.62749260883621,24.43535393718673,0 39.62748515235121,24.43537306837078,0 39.62748036059384,24.43538908649558,0 39.62747287992018,24.43540845343643,0 39.62747077920839,24.43542155821124,0 39.62746579766159,24.43543469534534,0 39.62746061335093,24.43544456969242,0 39.62745848985745,24.4354577659733,0 39.62745057932229,24.4354709318785,0 39.62744551360954,24.43548400250775,0 39.62743736519088,24.43549381107507,0 39.62742920270125,24.43550363728037,0 39.62742136596853,24.43552007474294,0 39.62741316887115,24.43552994882013,0 39.62740512294704,24.435543152399,0 39.6274028774379,24.43555642093439,0 39.62739483211603,24.43556989407327,0 39.62739262167017,24.43558354715719,0 39.6273874794948,24.43559720351717,0 39.62738543324587,24.43561440900341,0 39.62738028970118,24.43562829081417,0 39.62738116385859,24.43564562693517,0 39.62738489468519,24.43566018197146,0 39.62738628284063,24.43568318008578,0 39.62739006729615,24.43569802026703,0 39.62739102636924,24.43571600702106,0 39.62739475503076,24.43573043321113,0 39.62739850496412,24.43574491925637,0 39.62739988320628,24.43577040317481,0 39.62740720479284,24.43579587216997,0 39.62740794932553,24.43581019522391,0 39.62741166993537,24.43582445272816,0 39.62741576685959,24.43584587883807,0 39.6274195101556,24.43586023254594,0 39.62742363666028,24.43588180304436,0 39.62742718490632,24.43589249853025,0 39.62743110084271,24.43591027540285,0 39.6274353650835,24.43593506694817,0 39.62743908470289,24.43594914503651,0 39.62744281327976,24.43596325748548,0 39.62744672977605,24.43598094907287,0 39.62745371280036,24.43599876828164,0 39.62745450297699,24.43601343624049,0 39.62746132551834,24.43602777439335,0 39.62746228378433,24.43604590866581,0 39.62746590061384,24.43605675212928,0 39.62747010879531,24.43607856605137,0 39.62747393992458,24.43609313327221,0 39.62747797875908,24.43611141056629,0 39.62748183156538,24.43612606180916,0 39.62748264682536,24.43614089754968,0 39.62748655485412,24.43615587342606,0 39.62748741458449,24.43617102925707,0 39.62748870892008,24.43619378768899,0 39.62748975315129,24.43621278673993,0 39.6274909499507,24.43623510871266,0 39.62749192270023,24.43625359120504,0 39.62749258367904,24.43626758866696,0 39.62749338559729,24.43628504911673,0 39.62749095140708,24.43629928694675,0 39.62749175292709,24.4363168293116,0 39.62748626958447,24.43633427533961,0 39.62748364108536,24.43634722881489,0 39.62748459030581,24.43636839786454,0 39.62747947672074,24.43639102687226,0 39.62747744570606,24.43641091472257,0 39.62747223616486,24.43643077016857,0 39.62746753527189,24.43645930725012,0 39.62746551951832,24.43647980607472,0 39.62746349649662,24.436500383009,0 39.62745851371854,24.43652513465796,0 39.62745623505041,24.43654169645018,0 39.62745390317016,24.43655795397406,0 39.62744434503951,24.43655790942594,0 39.62742821097651,24.43655372713743,0 39.62741835446814,24.43654889311321,0 39.62740509060681,24.43653950718269,0 39.62739213399599,24.43653492189168,0 39.6273790011231,24.43652630409335,0 39.62736338396253,24.43652847265799,0 39.62734723529309,24.43652109727654,0 39.62733137538471,24.43651862713019,0 39.6273121824546,24.43651203759939,0 39.62729637323778,24.43650995123119,0 39.62727742216163,24.43650827515672,0 39.62726159929142,24.43650619274862,0 39.62724572728849,24.43650353893051,0 39.62722998361455,24.43650493376449,0 39.62721724249081,24.43650186985987,0 39.6272014102137,24.43650233954553,0 39.62718542395066,24.43649834052766,0 39.62717277443157,24.436498885547,0 39.62715355056574,24.43649117284336,0 39.6271409072524,24.43649138888091,0 39.62712503516416,24.43649163427508,0 39.62710910418659,24.43648784103683,0 39.62709318460411,24.43648405107856,0 39.6270772742678,24.43648026302453,0 39.62705511199604,24.43648058957146,0 39.62703610518819,24.43648086183357,0 39.62702026715834,24.43648108400408,0 39.62699490053026,24.43648146265489,0 39.6269822295998,24.43648170015905,0 39.62696005262652,24.43648211629485,0 39.6269379048623,24.43648251899479,0 39.62691888772392,24.43648286411286,0 39.62690937713328,24.43648303673947,0 39.62689351466832,24.43647930131322,0 39.62688079583919,24.43647952426296,0 39.62686179226933,24.43647977304262,0 39.62684595720421,24.43647991214812,0 39.62682374064872,24.43647990167442,0 39.6267983735701,24.43648025822789,0 39.62677623838993,24.43647236334042,0 39.62676039246184,24.43647248044006,0 39.62674459186727,24.43646846916666,0 39.62673196947496,24.43646445992116,0 39.62671624240689,24.43645644731822,0 39.62670369975189,24.43644844513138,0 39.62669433490844,24.43644045348643,0 39.62668505994384,24.43642857025124,0 39.62667252770321,24.43642078439747,0 39.62666011749763,24.43640909289434,0 39.6266508791021,24.43639743623732,0 39.62664165833975,24.43638584628706,0 39.62662931247012,24.43637433305019,0 39.62662019434253,24.43636279764001,0 39.62661111609294,24.43634729757,0 39.62660203015871,24.43633186577132,0 39.62659299157733,24.43631641587566,0 39.62658106334656,24.43629322823155,0 39.62657524488935,24.43627764776597,0 39.62656640087267,24.43625814761847,0 39.62656051219904,24.43624652040291,0 39.62655473927986,24.43623098501845,0 39.62654604264709,24.4362085337069,0 39.6265371504334,24.43619391901308,0 39.62652851148948,24.4361717229182,0 39.62651970062098,24.4361569634091,0 39.62651090677499,24.43614218173712,0 39.62649917313675,24.43612379847337,0 39.62648721291336,24.43611306167589,0 39.62648439291404,24.43610563939457,0 39.62647554636389,24.4360947709647,0 39.62646363650421,24.43608408638195,0 39.62645496758273,24.43606943710337,0 39.62644618849652,24.43605850429613,0 39.62643450697123,24.43604399018146,0 39.62642883223453,24.43603297341104,0 39.62641719811239,24.43601852801211,0 39.62640849119945,24.43600771822972,0 39.62639693423093,24.43599323351687,0 39.62638849365939,24.43597830010948,0 39.62637684334767,24.43596735711432,0 39.62636845071482,24.43595249306887,0 39.626359698946,24.43594527394731,0 39.6263511536259,24.43593426682906,0 39.62633978719774,24.4359196259441,0 39.62633148059184,24.43590497152325,0 39.62631991610801,24.43589441553936,0 39.62631426341188,24.43588719385719,0 39.62630580617305,24.43587634258928,0 39.62629757781728,24.43586180560898,0 39.62628913403054,24.43585115054268,0 39.62627769186205,24.4358406339758,0 39.62626949562498,24.43582636950735,0 39.62626087860225,24.43581950553963,0 39.62624904904773,24.43581637140935,0 39.62623743909525,24.4358096474069,0 39.62622583822994,24.4358029656487,0 39.62621419707401,24.43579656241666,0 39.62620236734101,24.4357936070217,0 39.62619058711486,24.43579041686362,0 39.62617904344471,24.43578366634595,0 39.62616727793563,24.43578048114129,0 39.62615251869372,24.4357773906578,0 39.62613802144494,24.4357706956099,0 39.62612931219136,24.43576724725498,0 39.62611464019366,24.4357638661581,0 39.62610296028242,24.43576045434052,0 39.62609128747107,24.43575704483677,0 39.62607962120008,24.43575363713779,0 39.62606822951705,24.43574669809263,0 39.62605685228417,24.43573976819818,0 39.62604552761265,24.43573270757679,0 39.62604016328611,24.43572558548996,0 39.62602618798832,24.43571498634648,0 39.62601522440358,24.43570429629836,0 39.62600101313397,24.4356972398171,0 39.62598715873207,24.43568654038272,0 39.62597596121105,24.43567943561225,0 39.62595900965095,24.43566948285916,0 39.62594765076558,24.43566313149709,0 39.62593931599005,24.43565655078975,0 39.62592498542352,24.43565040050121,0 39.62591366896077,24.43564404960211,0 39.62590272428181,24.43563412475538,0 39.62589478605013,24.43562168792711,0 39.62588718407215,24.43560583989114,0 39.62588267772399,24.43558954380727,0 39.62588064183593,24.43557953202225,0 39.62588524619874,24.43556224409834,0 39.62588653108476,24.4355486284451,0 39.62588813299297,24.43553165943331,0 39.6258896064576,24.43551517199322,0 39.62589347509979,24.43550503182084,0 39.62589816979314,24.43548520325989,0 39.62590229570723,24.43547189502157,0 39.62591243241101,24.43545784460142,0 39.62592237367184,24.43544438266679,0 39.62593225870211,24.43543106443273,0 39.62594189485887,24.43542084197474,0 39.62595745336537,24.43541001408833,0 39.62596999878781,24.43539954501802,0 39.6259792894642,24.43539262978132,0 39.62598875337692,24.43538281681422,0 39.62600101692813,24.43537317490468,0 39.62601036001048,24.4353636809006,0 39.62601988674334,24.43535117916241,0 39.62602919831095,24.43534169349433,0 39.6260384633133,24.43533235425786,0 39.6260477831359,24.43532047841432,0 39.62605979943844,24.43531142630709,0 39.62606910299617,24.43530176669722,0 39.62608104736321,24.43529516104245,0 39.62609006507582,24.43528880160418,0 39.62610193432301,24.43528238583049,0 39.62611644760363,24.43527898904797,0 39.62612522992849,24.43527572252169,0 39.62613706127939,24.43526932364342,0 39.62615155205735,24.43526586599126,0 39.62616622009578,24.43525937008764,0 39.62617818789477,24.43524995007891,0 39.62619012761768,24.43524058903857,0 39.62620203492625,24.4352312313115,0 39.6262142462022,24.43521823494024,0 39.62622663233742,24.43520202849107,0 39.62623898056996,24.43518587700761,0 39.62624845351441,24.43516987226603,0 39.62624942461337,24.43515413262304,0 39.62625323683053,24.43513823960046,0 39.62625718703566,24.43511946973402,0 39.62626088658048,24.43510410253955,0 39.62626142514773,24.43509490469034,0 39.62625359060172,24.43508572658381,0 39.62624577002424,24.43507656486107,0 39.62623499109984,24.43507046814869,0 39.62622441488014,24.43506133462274,0 39.62621125269305,24.43504924287179,0 39.6262036447878,24.43503731728901,0 39.62619623903139,24.4350224468998,0 39.6261888538854,24.43500761771146,0 39.62618406727449,24.43499578360191,0 39.62617670515869,24.43498107942757,0 39.62617174373372,24.43497228336647,0 39.62616697135125,24.43496060055876,0 39.62616220177993,24.43494897250967,0 39.62616017852151,24.43493743112355,0 39.6261584033093,24.43492282083238,0 39.6261539514707,24.43490800931033,0 39.62614676666005,24.43489326273617,0 39.62614234477523,24.43487853728498,0 39.62614024586551,24.43486972095693,0 39.62613289226655,24.43485802194884,0 39.62613397109222,24.43484335796234,0 39.62613756046824,24.43483163736072,0 39.62614386758579,24.43481992147871,0 39.62615519566684,24.43481399046576,0 39.62616692429187,24.43480223055393,0 39.62617549910431,24.43479633262797,0 39.62618426260168,24.43478754056378,0 39.62619612124946,24.43477295104856,0 39.62621046708932,24.43476123752876,0 39.62621923708321,24.43475224438074,0 39.62622274733824,24.43474053075887,0 39.62622644389742,24.43472595083139,0 39.62622993519545,24.43471430340114,0 39.62623644023736,24.43469711473038,0 39.62624019464162,24.43468016540255,0 39.62624106649841,24.43466615031754,0 39.62624210942913,24.43464938402317,0 39.62624313909684,24.43463270697108,0 39.62624113828756,24.43462171412853,0 39.62623915181118,24.43461068298001,0 39.62623718776889,24.43459962051817,0 39.62623273717604,24.43458586461376,0 39.62622563300774,24.43457219794387,0 39.62622102796046,24.4345612748864,0 39.62621661466155,24.43454762861762,0 39.62620938363703,24.4345367748267,0 39.62620238255776,24.43452311535826,0 39.62619785274315,24.43451220690146,0 39.62618824694823,24.43449863716673,0 39.62618354279265,24.4344905375456,0 39.62617902433914,24.43447978026331,0 39.62617207448175,24.43446637623289,0 39.62616757901966,24.43445567167446,0 39.62616066046901,24.43444233336298,0 39.62615618827574,24.43443168042983,0 39.62615172566684,24.4344210503156,0 39.6261448538715,24.43440780479727,0 39.62613779310109,24.4343972750215,0 39.62613315084334,24.43438941087136,0 39.62612609154505,24.43437898603065,0 39.6261215881938,24.43436874068332,0 39.62611445574765,24.43435863040784,0 39.62610995560885,24.43434846551198,0 39.62610295877119,24.43433602605435,0 39.626098405863,24.43432609515606,0 39.62609649075097,24.43431606454276,0 39.62609439111799,24.43430860361865,0 39.62610058313393,24.43429560867415,0 39.62610393404152,24.43428535413374,0 39.62611006793033,24.43427250294604,0 39.62611355736188,24.43425983550742,0 39.62611668681897,24.43425221767667,0 39.62612013435473,24.43423967103595,0 39.62612340810269,24.43422963239124,0 39.62612684047579,24.43421713920943,0 39.62613270224424,24.43420703113271,0 39.62613597191036,24.43419700805199,0 39.62614192010285,24.43418665504242,0 39.62614553125515,24.43417369711419,0 39.62615154431442,24.43416315679739,0 39.62615474195885,24.43415332398483,0 39.62615847520458,24.43413803230131,0 39.62616180067776,24.43412787203114,0 39.62616496081653,24.43411815149063,0 39.62617079920494,24.43410603218503,0 39.62618696410077,24.43409132747743,0 39.62619535994599,24.43408108581643,0 39.62620634690125,24.43407062450894,0 39.62621476707753,24.43406024246903,0 39.62622576606575,24.43404965078001,0 39.62623425423763,24.43403899856909,0 39.62624272492702,24.43402836226664,0 39.62625097956656,24.43402028098803,0 39.62625372523055,24.43401759865806,0 39.62626997571829,24.43400405253131,0 39.62627794770236,24.43399667967193,0 39.62628575540093,24.43399175744207,0 39.62629638198048,24.4339818637652,0 39.62630168868302,24.43397691879608,0 39.62631404799927,24.43397918913193,0 39.62632389608959,24.43398153485862,0 39.6263338894728,24.43398144405308,0 39.62634624188213,24.43398376783398,0 39.62635610018518,24.43398611537364,0 39.62636833034477,24.43399088223067,0 39.62637807098434,24.43399567657781,0 39.62638519132017,24.43400294580173,0 39.62639244839377,24.43400777509044,0 39.62639958851772,24.43401506275767,0 39.62640410925621,24.43402484387434,0 39.62641114997583,24.4340346214312,0 39.62641581218745,24.43404197425818,0 39.62642562801734,24.43404681898104,0 39.62643545318821,24.43405166820325,0 39.62644528570855,24.43405652574413,0 39.62645752310223,24.43406390301556,0 39.62646988981786,24.43406880021287,0 39.62647976484588,24.43407363903928,0 39.62649219664531,24.43407833139798,0 39.6265046078642,24.43408318068383,0 39.6265119834702,24.43408808971093,0 39.62652207686003,24.43408797932483,0 39.62653469168566,24.43408784141636,0 39.62654478236472,24.43408773099959,0 39.62655478792543,24.43409011768229,0 39.62656487880116,24.43409000712987,0 39.62657473308641,24.43409739485383,0 39.62658468701245,24.43410223103716,0 39.62659213302832,24.43410703682678,0 39.62660465494932,24.43411168437624,0 39.62661711562821,24.43411886559307,0 39.62662465386963,24.43412115248449,0 39.62663472926177,24.43412335879663,0 39.62664735656388,24.43412536147099,0 39.62665750473487,24.43412493698181,0 39.62666750036581,24.43412993554776,0 39.6266749202962,24.43413753167574,0 39.62667976550443,24.43414773904229,0 39.62668208470676,24.43415799999343,0 39.62668689750276,24.4341708340575,0 39.62668923219152,24.4341811396726,0 39.62669157238737,24.43419146957102,0 39.62669392777934,24.43420171063367,0 39.6266962464752,24.43421449068198,0 39.62670121511714,24.43422216642213,0 39.62670358796825,24.43423248238524,0 39.62670340584122,24.43424286124275,0 39.6267006684595,24.4342531968238,0 39.626697934482,24.43426343228427,0 39.62669005753368,24.434273756877,0 39.62668477876382,24.43428153814351,0 39.62667688559916,24.43429175523697,0 39.62666897509872,24.43430199986538,0 39.62666103883593,24.43431237143314,0 39.62665561737784,24.4343252815384,0 39.62665276854212,24.43433819678824,0 39.62665255896847,24.43434848641603,0 39.62665234852481,24.43435879660793,0 39.62665213981166,24.43436911941795,0 39.62665187936152,24.43438202596211,0 39.62665161841849,24.43439496456789,0 39.62665123937579,24.43441324903359,0 39.62665083702624,24.43443183465713,0 39.62665049164494,24.43444782923336,0 39.62665025159697,24.43445859512381,0 39.62665264213562,24.43446924884696,0 39.62665766056735,24.43447987020782,0 39.62666530354888,24.43449064282667,0 39.62667301519438,24.43449871001144,0 39.62668337064825,24.43450674595157,0 39.62669641789108,24.43451206614201,0 39.62670689181273,24.43451469970932,0 39.62672007975299,24.43451189502975,0 39.62673322311615,24.43451180008682,0 39.62674899414909,24.43451168605337,0 39.62676481766483,24.43450615868082,0 39.62677534796296,24.43450337860786,0 39.62679374608535,24.43450054353096,0 39.62680688454864,24.43449774813301,0 39.62681214596656,24.43449501096149,0 39.62681744175679,24.43448419055412,0 39.62682012050621,24.43447072680504,0 39.62682278057416,24.43445997902081,0 39.62682282470528,24.43444923942626,0 39.62682547285446,24.43443873654105,0 39.62682551103088,24.43442822955716,0 39.62682556829707,24.43441250960941,0 39.62682560642793,24.43440205628722,0 39.62682565369833,24.43438901960322,0 39.62682828345501,24.43437863035887,0 39.62682832727923,24.43436565315974,0 39.626830948821,24.43435529791322,0 39.62683356483954,24.43434496300503,0 39.6268387626538,24.43433207656653,0 39.62684137046091,24.43431921944567,0 39.62684139829469,24.43430634468379,0 39.62684656741693,24.43429342561929,0 39.62684658419387,24.43428316253393,0 39.62684661164014,24.43426756538789,0 39.62684662957251,24.43425715245469,0 39.62684665289022,24.43424414845845,0 39.62684411724451,24.43423379520778,0 39.6268415933247,24.43422088069225,0 39.62683651415835,24.43421318169684,0 39.62682891553104,24.43420038799749,0 39.62682134063391,24.43418755966691,0 39.62681631269764,24.43417725932836,0 39.62681635398992,24.4341695146247,0 39.62682147596881,24.43415916317784,0 39.62682909569133,24.43415395060418,0 39.62683924324183,24.43414615549203,0 39.62685189490676,24.43414091294378,0 39.62686200503916,24.43413315354367,0 39.62687461891226,24.43412539636172,0 39.62688216850713,24.43411767738983,0 39.62688969659576,24.43410742203521,0 39.62689217029708,24.43409470642754,0 39.62689463642786,24.43408202871274,0 39.62689458080364,24.43406689386527,0 39.62689454371623,24.43405683352948,0 39.62689450656192,24.43404679665322,0 39.62689197338554,24.43403680723669,0 39.62688943819992,24.43402434688924,0 39.62688443426553,24.4340169209568,0 39.62688192119042,24.43400700005385,0 39.62687692917147,24.43399712551325,0 39.62687194581877,24.43398480203099,0 39.62686945790086,24.43397744436553,0 39.62686449633281,24.43396529972178,0 39.62686202130342,24.43395558355453,0 39.62685955370024,24.43394105803593,0 39.62685462311192,24.43393147295609,0 39.62685463654518,24.43391699607184,0 39.62685464586195,24.43390738326205,0 39.62685711238681,24.43389777171422,0 39.62686202832806,24.4338881217142,0 39.62686448128301,24.43387855223436,0 39.62686937645005,24.4338665763229,0 39.62687426064515,24.43385699633315,0 39.62688157169589,24.43384502316117,0 39.62688642119581,24.43383300382908,0 39.62689125382867,24.43382085765682,0 39.62689365206148,24.43381128786548,0 39.62689847277852,24.43380168043059,0 39.62689844219345,24.43379458004623,0 39.62691052691825,24.43378719430765,0 39.62692262884237,24.43378474314964,0 39.62692987950438,24.43378236357403,0 39.62693954798704,24.43377997823416,0 39.62694919332742,24.43377534745646,0 39.62696127433711,24.43377306774955,0 39.62697334961669,24.43377078907753,0 39.62698057962073,24.43376849431692,0 39.62699267860229,24.43376853728352,0 39.62700004751762,24.4337755277436,0 39.62700985142427,24.43378253442167,0 39.62701971795025,24.4337918908365,0 39.62703202038903,24.43380119751794,0 39.62703696086126,24.43380580002919,0 39.62704433410794,24.43381038262883,0 39.62705419219557,24.43381727677838,0 39.62706633788156,24.43381715467268,0 39.62707848155255,24.43381703256375,0 39.62709056491318,24.43381457951297,0 39.6271002744202,24.43381448207949,0 39.62711240977114,24.43381436024623,0 39.62712211669697,24.43381426276353,0 39.62713417872322,24.43381181200609,0 39.62714872889927,24.43381166577179,0 39.62715827688891,24.43380691561441,0 39.62716546943537,24.43380451845715,0 39.62716750092353,24.43379288889804,0 39.62717202294053,24.43378357777501,0 39.62717412071222,24.43377430929358,0 39.62717363660482,24.43376044159575,0 39.62717339881056,24.4337535440864,0 39.62717068267283,24.43374441667792,0 39.62716797123843,24.43373530692591,0 39.62716526547958,24.43372621529373,0 39.62716248880834,24.43371486261169,0 39.62715964389098,24.43370126568412,0 39.62715934310582,24.43369218978537,0 39.62715904323094,24.43368313265365,0 39.62715874360094,24.43367409300796,0 39.62715599854969,24.43366290886716,0 39.62715328624471,24.43365187172337,0 39.62715296357294,24.43364085561863,0 39.62715502273926,24.43362986074533,0 39.62715469911014,24.43361889356943,0 39.62715431813342,24.43360768043374,0 39.62715402749134,24.43359880466066,0 39.62715603267515,24.43358770826508,0 39.62715810186239,24.43357882992747,0 39.62716016630865,24.43356996951292,0 39.627164664761,24.43356332441818,0 39.62717395664454,24.43355888279494,0 39.62718332168574,24.43355665783325,0 39.62719268215033,24.43355443421176,0 39.62720212323444,24.43355441362334,0 39.62721151879343,24.43355422724037,0 39.62722559317499,24.43355389890583,0 39.62723262769412,24.43355373482195,0 39.62724439605618,24.43355362566573,0 39.62725382994202,24.43355360357766,0 39.62726326340677,24.43355358127802,0 39.62727299692794,24.43356013357064,0 39.62728038278198,24.43356670039592,0 39.62728544538312,24.43357525579929,0 39.62728579613639,24.43358387095162,0 39.62728614791435,24.43359250025012,0 39.62728653475486,24.43360125198927,0 39.62728711962587,24.43361441965236,0 39.62728750546325,24.43362320290946,0 39.62728798885098,24.43363420469089,0 39.62728837611344,24.43364302410239,0 39.62728886157231,24.43365407107306,0 39.62728935772169,24.43366517067549,0 39.62728978603672,24.43367417249211,0 39.62729061187989,24.43369021158051,0 39.6272909817049,24.43369715364272,0 39.62729142554247,24.43370626232111,0 39.62729209283409,24.43371996076812,0 39.62729278924043,24.43373188062161,0 39.62729338027719,24.43374155282919,0 39.62729412187153,24.43375368051267,0 39.6272948252313,24.43376571715556,0 39.62729766719819,24.43377487486479,0 39.62729818469149,24.43378630124896,0 39.62730101748038,24.43379543413078,0 39.62730384334584,24.43380454277329,0 39.62730688425901,24.43381826410359,0 39.6273099335676,24.4338320233043,0 39.62731047439419,24.43384359933474,0 39.62731349430339,24.43385534101354,0 39.62731413101505,24.43386729418408,0 39.62731706909435,24.43387681557023,0 39.62732245778441,24.43388633866602,0 39.62732553892515,24.43389830003417,0 39.62733094993379,24.43390786974794,0 39.62733637253874,24.43391746020449,0 39.62734167434219,24.43392465722796,0 39.62734712695003,24.43393431787458,0 39.62735505294958,24.43394398046999,0 39.62736038912306,24.43395123178451,0 39.62736820301437,24.43395849539785,0 39.62737603025744,24.43396577127252,0 39.62738620095187,24.43397062885629,0 39.62739405672994,24.43397793480382,0 39.62740688016909,24.43398525916005,0 39.62741492040715,24.43399504113283,0 39.62742298117592,24.43400485384575,0 39.62743355798636,24.43401472983915,0 39.62744399639542,24.43402216168783,0 39.62744930363573,24.43402711424754,0 39.62746243145804,24.43403704814114,0 39.6274729267693,24.43404453173546,0 39.62748077344301,24.43404955111527,0 39.62749113137634,24.4340545913632,0 39.62750150167344,24.43405963772164,0 39.62751170022848,24.43406219326901,0 39.62752422215304,24.43406226835487,0 39.62753674541857,24.43406234339572,0 39.62754926951273,24.43406241861461,0 39.62755928977671,24.43406247877623,0 39.62757181569549,24.43406255400858,0 39.62758440029796,24.4340627721766,0 39.62759472031049,24.43406554747907,0 39.6276052658361,24.43407083831391,0 39.62761605202252,24.43407866907963,0 39.62762638299131,24.434081396805,0 39.62763668634322,24.4340840421557,0 39.62764996366456,24.43409173829889,0 39.62765545983354,24.43409682909499,0 39.62765679951077,24.43411191598527,0 39.62765537902708,24.43412447749524,0 39.62765626996494,24.43413458127629,0 39.62765484418437,24.43414720276315,0 39.62765573213958,24.43415734792211,0 39.62765429839032,24.43417002325054,0 39.62765496563235,24.43417766839778,0 39.62765375287817,24.43419296630319,0 39.62765464671934,24.43420321957528,0 39.62765342301694,24.43421858558434,0 39.62765428667573,24.43422881667655,0 39.62765280514159,24.43424160517391,0 39.62765131937662,24.43425442848513,0 39.62764983054035,24.43426728821844,0 39.62765110936969,24.43428276199104,0 39.62765212931372,24.43429556671084,0 39.62765274225532,24.43430326424417,0 39.62766346688676,24.43430850567778,0 39.62767399468771,24.43431118109782,0 39.62768452721468,24.43431385488606,0 39.62769762284316,24.43431648933673,0 39.62771067858699,24.43431902111706,0 39.62772116787747,24.43432154927601,0 39.62773166223427,24.4343240784174,0 39.62774194725849,24.43432406156685,0 39.62775480295215,24.43432404041769,0 39.62776765861561,24.43432401925451,0 39.62777816597919,24.43432654956333,0 39.6277910242754,24.43432652834963,0 39.62780150639679,24.43432898736538,0 39.62781453014625,24.43433136704561,0 39.6278298474443,24.43433109160886,0 39.62783998101821,24.43433074896245,0 39.62785517507806,24.43433023547395,0 39.62787036132529,24.43432972148823,0 39.62788301081014,24.43432929363712,0 39.62789317450485,24.43432904791182,0 39.62790337464028,24.43432887736393,0 39.62791351917378,24.43432860225534,0 39.62792694212906,24.4343358395098,0 39.62793757694635,24.43434059694305,0 39.62794846346546,24.43434787154468,0 39.62795949785986,24.43435541474905,0 39.62796585098934,24.43436589027473,0 39.6279726034829,24.43437917240354,0 39.62797871515441,24.43438712849979,0 39.6279851482624,24.43439774489727,0 39.62799450474303,24.43441104634842,0 39.62800097189282,24.43442171668641,0 39.62799707623859,24.4344324349066,0 39.62799317169066,24.43444317743127,0 39.62798957708381,24.43445663573145,0 39.62798825771522,24.43446742690545,0 39.6279843468302,24.43447828208178,0 39.62798077880368,24.4344919435281,0 39.62797703838057,24.43450323821851,0 39.62797070752288,24.43451464339843,0 39.62796958101283,24.43452602554843,0 39.62796352813012,24.43454021481276,0 39.62796008858071,24.43455445204255,0 39.62795358621778,24.43456576977015,0 39.6279497305146,24.4345771658537,0 39.62794586503619,24.43458859188829,0 39.62793970625806,24.43460293959837,0 39.62793354645543,24.4346173778647,0 39.62792693403776,24.43462879401581,0 39.62792021676212,24.43464004272127,0 39.62791316902701,24.4346484889723,0 39.62790630533579,24.43465951946178,0 39.62789642191125,24.43466766928723,0 39.62788922225324,24.43467590311518,0 39.62788201173278,24.4346841498389,0 39.62787508351121,24.4346952379844,0 39.62786514295661,24.43470344225162,0 39.6278554425333,24.43471441663914,0 39.6278459892489,24.43472821017192,0 39.62783382108249,24.43474202454331,0 39.62782187314075,24.43475866314402,0 39.62781698363178,24.4347642157012,0 39.62780992688515,24.43477544999524,0 39.62780268993821,24.43478413533514,0 39.62779814687199,24.43479285233682,0 39.62778827556042,24.43480180563193,0 39.62777840982701,24.43481084688995,0 39.62777092259721,24.43481689297004,0 39.62775832275734,24.43482599006592,0 39.62774839899345,24.43483508112681,0 39.62773835933687,24.43484390877207,0 39.62773100430508,24.43485271860161,0 39.62772115330085,24.43486442590254,0 39.62771673744739,24.43487619368142,0 39.62770713192826,24.43489100149622,0 39.62770244949623,24.43489992142672,0 39.62769522884387,24.43491166740543,0 39.62768799142258,24.43492344031473,0 39.62768051580758,24.43493233849337,0 39.62767328160947,24.43494427393222,0 39.62766578663158,24.43495324366545,0 39.62765579698179,24.43496532043839,0 39.62764854391047,24.43497747144401,0 39.62764125640333,24.43498958035704,0 39.62763370511957,24.43499866039678,0 39.6276286382797,24.43500462778937,0 39.62762146688605,24.43501958864266,0 39.62761659948053,24.43502857704683,0 39.62760938886208,24.43504360755162,0 39.62760220768099,24.43505886141692,0 39.62759483634215,24.43507130153773,0 39.62758744592678,24.43508375610396,0 39.62758258271071,24.4350931177404,0 39.62757538946984,24.43510877661221,0 39.6275707388503,24.43512135959491,0 39.62756889847201,24.43513408735231,0 39.62756178343206,24.43515265080795,0 39.62755989725789,24.43516534324778,0 39.62755280871068,24.43518429819071,0 39.62754780742318,24.43519362931502,0 39.62754584507775,24.43520621771222,0 39.62754104283581,24.43521876427824,0 39.62753903664761,24.4352312776024,0 39.62753983940953,24.43524377769598,0 39.62753779885938,24.43525623441465,0 39.62753860203473,24.4352687936778,0 39.6275337045296,24.43528123190275,0 39.62752271849632,24.43528737173166,0 39.62761131640135,24.43506843083357,0 
						</coordinates>
					</LinearRing>
				</outerBoundaryIs>
			</Polygon>
		</Placemark>
		<Placemark id="9068FB22D583E7DEE6624">
			<name>79</name>
			<styleUrl>#m_ylw-pushpin0</styleUrl>
			<Polygon>
				<tessellate>1</tessellate>
				<outerBoundaryIs>
					<LinearRing>
						<coordinates>
							39.63143121431625,24.43182119771081,0 39.63142944943493,24.43182624390376,0 39.63142588094725,24.43183624380881,0 39.63142250232062,24.4318487392165,0 39.63141690703148,24.43186131085303,0 39.63141510631971,24.43186634588612,0 39.63140909272094,24.43187399192605,0 39.63140066674512,24.43187921037501,0 39.63139242462029,24.43188699113712,0 39.63138378522817,24.4318897231725,0 39.6313775129244,24.43189483333503,0 39.63136658703473,24.43189742209811,0 39.63135791692342,24.43190016204987,0 39.63134702960311,24.43190297554636,0 39.63134038767355,24.43190316383191,0 39.63133152992879,24.43190341508083,0 39.63131824209931,24.43190380547778,0 39.63130716785997,24.43190413270202,0 39.63128928322067,24.43190215350228,0 39.63128042278627,24.43190242736869,0 39.63126712839274,24.43190283815605,0 39.63126047953654,24.431903043452,0 39.63124924935727,24.43190089702556,0 39.63123374663503,24.43190145506081,0 39.63122266882406,24.43190185386838,0 39.63121145797521,24.43189977257665,0 39.63120038265561,24.4319002054964,0 39.63118487073216,24.43190081213744,0 39.63117599696298,24.43190112826149,0 39.63116711492973,24.43190140178834,0 39.63115612809593,24.43190423957189,0 39.63114501608781,24.43190458223523,0 39.63113167586519,24.43190500579516,0 39.63112066842181,24.43190788449759,0 39.63110530474329,24.43191337638088,0 39.63109659737726,24.43191865804356,0 39.63108564796746,24.43192402098105,0 39.631076820525,24.43192681643916,0 39.63106807722288,24.43193211727716,0 39.63105923249819,24.43193491928438,0 39.63104832134023,24.43194281505735,0 39.63103738218005,24.43195072872424,0 39.63102858282928,24.43195606356084,0 39.63101551009954,24.43196911446904,0 39.63100667444889,24.43197447086195,0 39.6309979132626,24.43198236122974,0 39.63098916473915,24.43199271685351,0 39.63098040601736,24.43200298501067,0 39.63097167014516,24.43201577801709,0 39.63096506437252,24.43202352709449,0 39.63095850191687,24.43203379236581,0 39.63095623792198,24.43203388145571,0 39.63094749165109,24.43204927034325,0 39.63094084238367,24.43205715079263,0 39.63092977868997,24.43207281957122,0 39.63092759754595,24.43207796352817,0 39.63091867393467,24.43208854619969,0 39.63091197072273,24.43209672710041,0 39.63090290275166,24.43209996527925,0 39.63088920515316,24.43210070998209,0 39.63088002933008,24.43209855773288,0 39.63086403508679,24.43209937491521,0 39.63085258620309,24.43209946615619,0 39.63084342646802,24.43209953878926,0 39.63083424303153,24.43209702107015,0 39.63082050555992,24.43209713046039,0 39.63081363691452,24.43209718482305,0 39.63080675194752,24.43209465012067,0 39.63079300622042,24.43209217286058,0 39.63077925009704,24.43208678487693,0 39.63076551469219,24.43207890090002,0 39.63075408899839,24.43207613624828,0 39.6307426751153,24.43207081398224,0 39.63073355073175,24.4320680952397,0 39.63072443310346,24.43206537851456,0 39.63071076161909,24.43206258350266,0 39.63069254352803,24.43205971079074,0 39.63067889515607,24.43205692020855,0 39.63066753333442,24.4320541715068,0 39.63065617993554,24.43205142479372,0 39.63064484202255,24.43204867870872,0 39.63063123343453,24.43204586520216,0 39.63061309154954,24.43204290753757,0 39.63060177027636,24.4320402107538,0 39.63058591199469,24.43203755839195,0 39.6305723326549,24.43203496187287,0 39.63056096820522,24.43203503994131,0 39.63054960271923,24.43203511807158,0 39.63053819530383,24.43203553216454,0 39.63052908435094,24.43203581899937,0 39.63051316028781,24.43203598080876,0 39.63049268332161,24.43203618868803,0 39.63048130152103,24.43203634524864,0 39.63046308024766,24.43203665033471,0 39.63045614568843,24.4320394386955,0 39.63044930042036,24.43203956205415,0 39.63043551275059,24.43204249755724,0 39.6304195598442,24.43204269809674,0 39.63040577080051,24.43204550266271,0 39.63039437077859,24.43204562521522,0 39.63038525003301,24.43204572338417,0 39.63037372221338,24.43204850592451,0 39.63035990445495,24.43205133431352,0 39.63034620996893,24.43205148292157,0 39.63033465477514,24.43205429114839,0 39.63032552016344,24.4320543904858,0 39.63031181687045,24.43205453944823,0 39.63030024300755,24.43205735022911,0 39.63028881505874,24.43205746075952,0 39.63027740013104,24.432057563897,0 39.6302612668606,24.43206023336882,0 39.63024530115027,24.4320602078352,0 39.63023601456295,24.43206282428861,0 39.63022688760512,24.43206280120414,0 39.63021092211127,24.43206275141178,0 39.63019934166711,24.43206535797167,0 39.63019021510748,24.43206534467733,0 39.63017862322906,24.43206795743177,0 39.63016491806997,24.43206796777503,0 39.63015559947086,24.43207058045788,0 39.63014188984061,24.43207059090324,0 39.63013027556511,24.4320732068693,0 39.63012341855791,24.43207321213361,0 39.63011179509883,24.43207582984106,0 39.63010264963648,24.43207583677549,0 39.63009350420263,24.43207584366436,0 39.63008873770779,24.4320784559631,0 39.63007502451871,24.43207843747361,0 39.6300656728639,24.43208103634471,0 39.63005424217172,24.43208102062481,0 39.63004280263351,24.43208101607297,0 39.63003341741339,24.43208369410228,0 39.63002197019588,24.43208372305676,0 39.63000799472601,24.43208641454606,0 39.62999883360291,24.43208643766581,0 39.62998510610822,24.43208643808629,0 39.62997138450378,24.43208640512497,0 39.62996427931482,24.43208901967456,0 39.62995284148454,24.43208899220046,0 39.6299434398931,24.43209160274805,0 39.62993174393307,24.43209420932678,0 39.62992233070917,24.43209682284328,0 39.62991062119579,24.43209943122871,0 39.62989687986304,24.43209939819173,0 39.62988313915049,24.43209936503673,0 39.62987370511864,24.43210198187431,0 39.62986454223603,24.43210195971617,0 39.6298530885143,24.43210193200032,0 39.62984135233321,24.43210454969675,0 39.62982729813848,24.43210720942753,0 39.62981553213807,24.43210986509264,0 39.62980346905641,24.43211515387041,0 39.62979168461483,24.43211781459002,0 39.62978159824316,24.4321257458609,0 39.62977119336861,24.43213633624546,0 39.62976306938213,24.43214694687634,0 39.62975784596395,24.43215226494633,0 39.62974830471278,24.4321549434494,0 39.62973665134997,24.43215526245404,0 39.62972729512163,24.4321555951923,0 39.62971617497203,24.43215083841421,0 39.62970776983644,24.43214324523805,0 39.62970149273896,24.43213796721794,0 39.62969290934515,24.43213272432752,0 39.62968698806452,24.43212478514243,0 39.62968107753606,24.43211686079909,0 39.62967552039724,24.43210628898137,0 39.6296719376645,24.43209837009582,0 39.62966904909855,24.43208516698297,0 39.62966352759743,24.4320746733813,0 39.62966029246451,24.43206425572135,0 39.62965670641401,24.43205649878573,0 39.62965115479984,24.4320461856657,0 39.62964529652444,24.43203848497994,0 39.62963750887626,24.43202823245197,0 39.62962973776825,24.43201799830273,0 39.62962198486092,24.43200778819509,0 39.62961231915167,24.43199505939751,0 39.62960653339405,24.43198743992084,0 39.6295969128142,24.43197477043329,0 39.62958766052952,24.43195961195438,0 39.62958382597583,24.43195458616028,0 39.62957648261397,24.43194210668457,0 39.62957070556737,24.43193469835074,0 39.62956947288951,24.43192722380501,0 39.62956404514162,24.43191737050271,0 39.62955862913832,24.43190753939999,0 39.62955776030625,24.4318976186893,0 39.62955497913831,24.43188529123328,0 39.62955376651964,24.43187790061459,0 39.62955070950105,24.43186798106449,0 39.62955217962317,24.43185795904469,0 39.6295495041519,24.43184557504862,0 39.62954872019689,24.43183566184,0 39.62955017539251,24.43182574327185,0 39.62955195636889,24.43181344106519,0 39.62955373923607,24.43180115402871,0 39.6295570368165,24.43179376951062,0 39.62956068230263,24.43178395417268,0 39.62956654215533,24.43177413235898,0 39.62957086780364,24.4317595038443,0 39.62957704569475,24.43174731692939,0 39.62958389023297,24.4317303542806,0 39.62958997268053,24.43171835978831,0 39.62958473425844,24.43170882016033,0 39.62957917224747,24.43170169768837,0 39.6295710991221,24.43169692642725,0 39.62956118848239,24.43168980697606,0 39.6295553203683,24.43168506496462,0 39.62954727231779,24.43168033628814,0 39.62953923356974,24.43167561278569,0 39.62952868879621,24.43167323813621,0 39.62951787510692,24.43167307909965,0 39.6295098776605,24.4316683329971,0 39.62950123336404,24.43166820621194,0 39.62949077249197,24.43166570932122,0 39.62948248208149,24.43166324923375,0 39.62947419648155,24.43166079061347,0 39.62946376935572,24.43165828556574,0 39.62945549578669,24.43165583043146,0 39.62944508227726,24.43165332889519,0 39.62943896565971,24.43165092493658,0 39.62942609793216,24.43165063687658,0 39.62941323412279,24.43165034890348,0 39.62940465978197,24.43165015685737,0 39.62939387159162,24.43165003817705,0 39.62938306169313,24.43164995236322,0 39.62937509074317,24.4316453615787,0 39.62936530928169,24.43163850147291,0 39.62935558337976,24.4316315935073,0 39.62934808543582,24.4316246207821,0 39.62934237860621,24.43161996922609,0 39.62933494656644,24.43161294830945,0 39.62932754568834,24.43160591236279,0 39.62931977490532,24.43160117536648,0 39.62931239856776,24.43159416016689,0 39.62931257745067,24.43158044220285,0 39.62930986240119,24.43157126921832,0 39.62930715338669,24.43156211653822,0 39.62930247824539,24.43155275036028,0 39.62930417281756,24.43154348011511,0 39.62930691140515,24.43152765111079,0 39.62930943226623,24.4315138685362,0 39.62931199237762,24.43150006970087,0 39.6293141181775,24.43148860631151,0 39.62931674781858,24.43147477584608,0 39.6293206092913,24.43146559730431,0 39.62932448683403,24.4314564055536,0 39.62932835247236,24.4314472417716,0 39.62933081318771,24.43143374028224,0 39.62933453187615,24.43142480558613,0 39.62934031251835,24.43141594593548,0 39.62934225688905,24.43140489193894,0 39.62934342114387,24.43139827415746,0 39.62934707950752,24.43138945631158,0 39.62935077422581,24.43138060087417,0 39.6293548552898,24.43136956003437,0 39.62935813746637,24.43136295002033,0 39.62936557480088,24.43135638754199,0 39.6293729967373,24.4313498412985,0 39.62938480671306,24.43135419486932,0 39.62939909714601,24.43135636876824,0 39.6294067281587,24.43136075039013,0 39.62942099028589,24.43136299083693,0 39.62942688978705,24.43136521298918,0 39.62943488513821,24.43136744368926,0 39.62944288506661,24.43136967568489,0 39.6294508898541,24.43137190913976,0 39.62945889928306,24.43137414383116,0 39.62946864569142,24.43137859517519,0 39.62947840379063,24.43138305170902,0 39.62948851909074,24.43138531757556,0 39.62949406366952,24.43138982222699,0 39.62950207895404,24.43139210776926,0 39.629513929554,24.43139665816426,0 39.62952405695446,24.43139896052403,0 39.62953173342578,24.43140349443239,0 39.629539775856,24.43140578859743,0 39.62954782306605,24.43140808421951,0 39.6295576688107,24.43141257268436,0 39.62956788609358,24.43141479757918,0 39.6295777627529,24.43141927487529,0 39.62958798341958,24.43142152213277,0 39.62959998355279,24.4314260255522,0 39.6296080983842,24.43142828789081,0 39.62961652502865,24.4314283418422,0 39.62962462821596,24.4314306388566,0 39.62963663251407,24.43143521010991,0 39.62965044512321,24.43144205044528,0 39.62966248358971,24.43144663570656,0 39.62967062133565,24.43144894405674,0 39.6296826836268,24.43145353783019,0 39.62968841366939,24.43145809614624,0 39.62969838461001,24.43146268721944,0 39.62970836745568,24.43146728418017,0 39.62971412336945,24.43147185880609,0 39.62972200707897,24.43147645298665,0 39.62973019410976,24.43147878511605,0 39.62973992359638,24.43148567981154,0 39.62975025601234,24.43148801280088,0 39.62975608108776,24.43149255501675,0 39.62976858854589,24.43149484246252,0 39.62977656213704,24.43149939554122,0 39.62978722624054,24.43149941183252,0 39.62979975367151,24.43150170334075,0 39.62981442433376,24.43150399626036,0 39.62982270131268,24.43150627577674,0 39.62983525529236,24.4315085595257,0 39.62984782086256,24.43151083487242,0 39.6298561209946,24.43151310345068,0 39.62987059458165,24.43151764598455,0 39.62988533078757,24.43151991104775,0 39.6298938954873,24.43151990003003,0 39.62990221906938,24.43152216993878,0 39.62991459448148,24.43152671932468,0 39.62992936154848,24.43152898254407,0 39.62993770450279,24.43153125604452,0 39.62994865253069,24.43152895451255,0 39.62995745167773,24.4315266572583,0 39.62997723118715,24.43152191410629,0 39.62998602780161,24.43151958481874,0 39.62999910165577,24.43151724473897,0 39.63001216706967,24.43151490608926,0 39.63002522516817,24.43151256516034,0 39.63003827473777,24.43151022707373,0 39.6300513240558,24.43150787152365,0 39.63006223606549,24.43150549366522,0 39.63007528183675,24.43150307815172,0 39.63008621183265,24.43150060343764,0 39.63009925813572,24.43149816856993,0 39.63011871620446,24.43149564063536,0 39.6301251354414,24.43149556824988,0 39.63012960370124,24.43149321436809,0 39.63014475891263,24.43149074164995,0 39.63015349147476,24.4314883429168,0 39.63016417645668,24.43148822277681,0 39.63017486019793,24.43148810257017,0 39.63018784993672,24.43148565796614,0 39.63020066280455,24.43148551397358,0 39.63021133907527,24.43148539398678,0 39.63021987929201,24.4314852980319,0 39.63023055305126,24.43148517810524,0 39.63023909135159,24.43148508215091,0 39.63025403134091,24.4314849143019,0 39.6302647011965,24.43148479442591,0 39.6302753731709,24.4314846733878,0 39.63028390626785,24.43148458013487,0 39.63029243237798,24.43148449218037,0 39.63030948756395,24.43148433778025,0 39.63032227150949,24.43148425391575,0 39.63033504783511,24.43148419483886,0 39.63034995124691,24.43148413504093,0 39.63036710881043,24.43148172454877,0 39.63038424621634,24.43147936687123,0 39.63040145081896,24.4314748511988,0 39.63041853619258,24.43147263662158,0 39.6304357127723,24.43146810938897,0 39.63044855140591,24.43146576265969,0 39.63046364473244,24.43145907062798,0 39.63047431936533,24.43145688479391,0 39.63048726446947,24.43145014504469,0 39.63050223749391,24.43144563100413,0 39.63051296172915,24.43144112539241,0 39.63052790264437,24.43143662171956,0 39.6305386617262,24.43142988528227,0 39.63054934288098,24.43142539782083,0 39.63056001232988,24.43142091569519,0 39.63056855990956,24.43141644032175,0 39.6305813153657,24.43141194462503,0 39.63059199917046,24.43140518366465,0 39.63060258014048,24.43140285326876,0 39.63061108976758,24.43139830807135,0 39.63061962669408,24.4313915754466,0 39.63063017098706,24.43138937286722,0 39.63063863969232,24.43138498296727,0 39.63064707237777,24.43138277958095,0 39.63065547232964,24.43138274152498,0 39.63066389782762,24.43138050002034,0 39.63067439456958,24.43138045272332,0 39.63068698679203,24.43138038534695,0 39.63069540047287,24.43137812859281,0 39.63070590660121,24.4313758617798,0 39.63071850347029,24.43137358495891,0 39.63073318857207,24.43137129814595,0 39.63073948179223,24.4313690584676,0 39.63074995945335,24.43136900139462,0 39.63076043521759,24.43136674038112,0 39.63076881041948,24.43136449209219,0 39.63077718520434,24.43136224516426,0 39.63078973305335,24.43135996235276,0 39.63079810349436,24.43135991519898,0 39.63080644360457,24.43135544699596,0 39.63081271729079,24.43135541176647,0 39.63082106269962,24.43135315624158,0 39.6308314925037,24.43135089048059,0 39.63083776164807,24.43135085538616,0 39.63084609351034,24.43134860279483,0 39.63085859685356,24.43134632830425,0 39.63086691723867,24.43134407854487,0 39.63087936775356,24.431339586373,0 39.63089184288917,24.43133729828308,0 39.6309001406803,24.43133503871953,0 39.63090621629004,24.43132618945448,0 39.63091006129979,24.43131078118244,0 39.63091195380225,24.43130200323152,0 39.63091572907098,24.4312845438954,0 39.63091558943081,24.43127803102507,0 39.63091948925139,24.43126718966818,0 39.63091934667975,24.43126070719569,0 39.63092121890006,24.43125207743955,0 39.63092921711091,24.43124132207023,0 39.63093708738182,24.43122631791284,0 39.63094309075728,24.43121990418007,0 39.63094697728404,24.43121137274264,0 39.63095290378273,24.43120286460891,0 39.63095677037704,24.43119437368156,0 39.63096068843797,24.43118803054177,0 39.63096658654917,24.43117961712489,0 39.63096845042231,24.43117332005072,0 39.63097426694541,24.43116284762431,0 39.63097809380918,24.43115448896218,0 39.63097987623497,24.43114612875511,0 39.6309836848083,24.43113777685318,0 39.63099140681373,24.43112527245609,0 39.63099701262083,24.43111074470099,0 39.63100279425315,24.43110240528235,0 39.63100654673156,24.43109410405693,0 39.63101229615887,24.43108575274912,0 39.63101802860881,24.43107740322877,0 39.631023824238,24.43107112903771,0 39.63102567516855,24.43106697732659,0 39.63102937052403,24.43105868993835,0 39.63103105567615,24.43105044854955,0 39.63103265654608,24.43104017997739,0 39.6310343297197,24.4310319607034,0 39.63103797472404,24.43102363488631,0 39.63104152320689,24.43101327340007,0 39.63104497256295,24.43100089520091,0 39.63104858704592,24.43099264727327,0 39.63106020595806,24.43098633111562,0 39.63107368288845,24.43097796162527,0 39.63108722386327,24.43097164404456,0 39.63109298528451,24.43096766787204,0 39.63110460676197,24.43096180647414,0 39.63111234460484,24.43095790394852,0 39.6311239169746,24.43095197716857,0 39.63113357955054,24.4309479610633,0 39.63114323818603,24.43094397893685,0 39.63115105572557,24.43094210406038,0 39.63116272338986,24.43093831872463,0 39.63117240270913,24.43093451758779,0 39.6311841614063,24.430932684706,0 39.63119196046063,24.43093081466515,0 39.6312017339521,24.43092896425404,0 39.63120964375256,24.43092903987669,0 39.63122138951156,24.43092720894715,0 39.6312349844407,24.43092345490868,0 39.63124091460934,24.43092351145003,0 39.63125436713368,24.43091782047256,0 39.63126411478176,24.43091597518547,0 39.63127175021479,24.43091217469724,0 39.6312834625854,24.43091035025453,0 39.63129108001937,24.43090654398284,0 39.63130256532933,24.43090259307171,0 39.63131222166184,24.43090058966011,0 39.63131976863587,24.43089667489345,0 39.63132910964114,24.43089080675436,0 39.63134023678163,24.43088300590811,0 39.63134923984964,24.43087333055364,0 39.63135447799088,24.4308656286312,0 39.63136344020651,24.43085599922677,0 39.63137253456082,24.43084829434613,0 39.63138174954315,24.43084246138584,0 39.63138900431368,24.4308366464085,0 39.63139624704082,24.43083084117597,0 39.63140347738786,24.43082504572255,0 39.63141069557089,24.43081926016452,0 39.63142192173347,24.43081530834878,0 39.63143313366433,24.43081136161761,0 39.63144065822257,24.43080936011748,0 39.63144800230799,24.43080548074535,0 39.63145551449564,24.43080348313585,0 39.63147061842889,24.43079966756408,0 39.63147820114978,24.43079782940784,0 39.63148559363564,24.43079411496748,0 39.63149529695149,24.43079416609834,0 39.63150092886882,24.43079232029762,0 39.63150850448334,24.43079049806403,0 39.63151609949038,24.43078871441925,0 39.63152563600972,24.43078695067623,0 39.63153342892625,24.43078704986612,0 39.63154495742302,24.43078539052554,0 39.63155628412157,24.43078340406992,0 39.63156397134838,24.43078333276404,0 39.63157550080689,24.43078322590803,0 39.63158894930822,24.43078310127573,0 39.63160047476391,24.43078299448243,0 39.63161179241732,24.43078103688306,0 39.63162335765158,24.43078100039536,0 39.63163299466944,24.43078096978531,0 39.63164464045548,24.43078105381577,0 39.63165240919101,24.43078111564925,0 39.63165993827833,24.43077929383195,0 39.63167547509295,24.43077941729427,0 39.63168297386716,24.4307775605353,0 39.63169644793512,24.43077750113121,0 39.63170197738574,24.43077560349023,0 39.63171323238329,24.43077362331382,0 39.63172467658838,24.43077344323589,0 39.63173416674208,24.43077323408156,0 39.63174175685769,24.43077306692365,0 39.6317528938516,24.43077096412292,0 39.63176426818642,24.43077071383727,0 39.63177564391675,24.43077047118572,0 39.6317870272287,24.43077024342682,0 39.63179840697286,24.43077001593837,0 39.63180409501641,24.43076990215373,0 39.63181539344045,24.43076958248625,0 39.63182453607517,24.43076745936861,0 39.63183388901186,24.43076713128002,0 39.63184318344265,24.43076673877651,0 39.63185059326102,24.4307663996349,0 39.63186162695708,24.43076580483116,0 39.63187081421338,24.43076530938397,0 39.63188182949268,24.43076471541943,0 39.63188918063977,24.43076433478005,0 39.63190219163378,24.43076384628101,0 39.63190962162942,24.43076356765656,0 39.63192076151953,24.43076314931408,0 39.63193396706049,24.43076442633185,0 39.6319449259729,24.43076382614038,0 39.6319558747689,24.43076322653445,0 39.63196160525686,24.43076472934021,0 39.63197071919203,24.43076422950556,0 39.63198008960785,24.43076553138436,0 39.63198763683997,24.43076693306435,0 39.63199673467456,24.43076643273037,0 39.63200063990715,24.43076803406472,0 39.63201162231729,24.43076751114587,0 39.63201895705093,24.43076718127566,0 39.63203029103013,24.43076703197523,0 39.6320378562202,24.4307669430932,0 39.63204379240237,24.43076866266782,0 39.63205220980117,24.43077399457383,0 39.63204994448827,24.43078319214726,0 39.63204229187347,24.4307943248436,0 39.63203806320853,24.43080354833296,0 39.6320335301949,24.43081095503415,0 39.63202796148775,24.43082392597018,0 39.63202369965307,24.4308332205408,0 39.63202104773568,24.43084066405597,0 39.63201846281388,24.43084820052778,0 39.63201513680096,24.43086169319501,0 39.63201551343219,24.43087505403254,0 39.63201647192901,24.43088075545852,0 39.63201653165078,24.43089227793964,0 39.63201659148955,24.43090383706427,0 39.63201729450105,24.43091927452275,0 39.63201890517443,24.43092889565972,0 39.63201896905253,24.43094057130044,0 39.63201715587657,24.43095238214611,0 39.6320184498139,24.43096014670178,0 39.63201663109223,24.43097202252451,0 39.63201604321043,24.43097992834383,0 39.63201453951454,24.43099382982937,0 39.6320142235727,24.43100368973472,0 39.63201356640069,24.43101158604619,0 39.63201320711838,24.43102144129269,0 39.63201099060841,24.43103147993915,0 39.63201275602073,24.43104156781162,0 39.6320105701781,24.43105170881536,0 39.63201000538199,24.43105983508952,0 39.63201035923002,24.43106186637538,0 39.63200887174972,24.43107614305366,0 39.63200794860268,24.43108228067569,0 39.63200645192498,24.43109663873763,0 39.63200516978711,24.4311007572738,0 39.63200494956173,24.43111105445853,0 39.63200401847875,24.43111725210475,0 39.6320017969477,24.43112760963386,0 39.63199862974597,24.43114424120009,0 39.63199639201014,24.43115467637988,0 39.63199481410649,24.43116926712716,0 39.63199106100088,24.43118371630062,0 39.63198729716032,24.43119822419905,0 39.63198556686464,24.43121280750263,0 39.63198178176353,24.43122742922461,0 39.6319779823977,24.43124210603247,0 39.63197245316913,24.43125894553436,0 39.63196820357335,24.43127149460408,0 39.6319617974723,24.43128394301232,0 39.63195923164979,24.43129442014188,0 39.63195392401995,24.43130061708548,0 39.63194860880754,24.4313068225126,0 39.63194747457351,24.43131315185042,0 39.63194068746758,24.43132358769204,0 39.63193244731286,24.4313383222864,0 39.63192749291652,24.43134686521151,0 39.63192495156966,24.43135764425357,0 39.63192298781745,24.43137106151663,0 39.63191910233158,24.43138477386691,0 39.63191764847549,24.43140081610417,0 39.63191618794191,24.43141693330405,0 39.63191510437981,24.43143543896837,0 39.63191286223854,24.43144707152919,0 39.63191308361566,24.43146105167974,0 39.63191176510811,24.43146573870382,0 39.63190417533752,24.43147049744515,0 39.63189201276517,24.43147296666502,0 39.63187946647822,24.43147309746267,0 39.63186728848419,24.43147556882503,0 39.63185473440272,24.4314756999935,0 39.63184217899712,24.43147583112137,0 39.6318296216705,24.43147596231167,0 39.63182124934553,24.4314760497564,0 39.63181497047513,24.43147611865068,0 39.63180451331655,24.43147624508456,0 39.63179412655677,24.43147651166472,0 39.63178339805211,24.43147444212278,0 39.63177470137693,24.43147222408968,0 39.63175762991458,24.43147007729934,0 39.63174266083239,24.43146791408581,0 39.63173398188671,24.43146569950184,0 39.63171932213905,24.43146582176538,0 39.63170466062773,24.43146594421264,0 39.63168999725753,24.43146606649775,0 39.63167533219165,24.43146618882572,0 39.63166066535076,24.43146631127953,0 39.6316483663795,24.4314687018514,0 39.63163605824279,24.4314710940591,0 39.63162771180501,24.43147126267167,0 39.63161365239529,24.43147618994259,0 39.63160739700459,24.43147634263381,0 39.63159740264357,24.43148098112458,0 39.63158712840267,24.43148330256415,0 39.63157708947863,24.43148789620143,0 39.63156727354723,24.43149476136676,0 39.63156142352549,24.43149934311037,0 39.63155134159404,24.43150394212437,0 39.63154340083477,24.43150864281339,0 39.63153570980273,24.43151571504683,0 39.63152823155386,24.43152509421273,0 39.63152050750474,24.43153219891727,0 39.63151699064543,24.43153923750375,0 39.63151324207216,24.43154398688631,0 39.63150785257142,24.4315534899506,0 39.63150031595782,24.43156302123113,0 39.6314948699394,24.43157250251124,0 39.63149199990526,24.43158670503006,0 39.63148655249309,24.43159632463322,0 39.6314810905015,24.43160596996369,0 39.63147585710544,24.43161806262776,0 39.6314708160758,24.4316325613035,0 39.63146551125001,24.43164464467996,0 39.63145830242589,24.43165932477588,0 39.63145251612061,24.43166665851424,0 39.63144518714925,24.4316812029803,0 39.63143763807364,24.43169345381488,0 39.6314320123121,24.43170327200535,0 39.63142832210053,24.43171063709572,0 39.63142483236253,24.4317204403366,0 39.63142153696401,24.43173269878039,0 39.63142081047774,24.43174981635161,0 39.63141946106965,24.43175965378073,0 39.63141790393408,24.43176706332751,0 39.6314167592808,24.43177941932268,0 39.63141540351616,24.43178934597769,0 39.63141404584832,24.43179929974128,0 39.63141506399867,24.43181165697041,0 39.63141688003083,24.43183390949515,0 39.63141769052815,24.43184383904994,0 39.63141870632995,24.43185628477852,0 39.63143121431625,24.43182119771081,0 
						</coordinates>
					</LinearRing>
				</outerBoundaryIs>
			</Polygon>
		</Placemark>
		<Placemark id="919885058BC3E7DEE6624">
			<name>80</name>
			<styleUrl>#m_ylw-pushpin0</styleUrl>
			<Polygon>
				<tessellate>1</tessellate>
				<outerBoundaryIs>
					<LinearRing>
						<coordinates>
							39.63002239047842,24.43111538168383,0 39.63001393461809,24.4311155521845,0 39.63000547764297,24.43111572256988,0 39.62999697721703,24.43111804032534,0 39.62998847090146,24.43112035965746,0 39.62997995926524,24.43112268052247,0 39.62996932384588,24.4311250457942,0 39.62996079974225,24.43112736978991,0 39.62995438989246,24.43112965238895,0 39.62994580129537,24.43113413539513,0 39.6299372590509,24.43113646529715,0 39.62992872612006,24.43113867706717,0 39.62992019412128,24.43114084457101,0 39.62991364462956,24.43114739299966,0 39.629911198946,24.43115830992071,0 39.62990874713672,24.43116925427315,0 39.62990003583653,24.43117588204445,0 39.62989138090539,24.43118032503493,0 39.62988278930047,24.43118257648359,0 39.62987617555763,24.43118921116233,0 39.62986939566299,24.43120029633884,0 39.62986694637593,24.43120919404138,0 39.62986022176722,24.43121808119009,0 39.62985775791718,24.43122701657477,0 39.62985314816222,24.43123594928291,0 39.6298528163093,24.43124491871819,0 39.62985240019496,24.4312561566261,0 39.62984563003828,24.43126509950923,0 39.62983679780028,24.43127172476008,0 39.62982794251374,24.431278374679,0 39.62982336959823,24.43128513513795,0 39.62982084791548,24.43129423626743,0 39.62982037018401,24.43130570954635,0 39.62981998789098,24.4313149166523,0 39.62981959793319,24.43132417280635,0 39.62981910956935,24.4313357720491,0 39.62982748094164,24.43134278830228,0 39.62983794365133,24.43135217331584,0 39.62984200492079,24.431359218618,0 39.62985051266672,24.43136393918355,0 39.62985676407739,24.43137102943541,0 39.6298652046185,24.43137813843937,0 39.62987156528921,24.43138288939492,0 39.62988011466017,24.43138763018635,0 39.62988649302459,24.43139237717562,0 39.62989513996695,24.43139476232813,0 39.629905829665,24.43140186969976,0 39.62991442252456,24.4314066091567,0 39.62992302638818,24.43141134719232,0 39.62993376414013,24.43141844525071,0 39.62994246522337,24.43142073031261,0 39.62994659067971,24.4314302497288,0 39.62994200281584,24.43143749589995,0 39.62993308244236,24.43144236090053,0 39.62992422844009,24.43144477161307,0 39.62991536973836,24.43144718286332,0 39.62990650607333,24.43144959414242,0 39.62989551791716,24.43144961000278,0 39.62988697188213,24.43144242383159,0 39.62987835560273,24.43143764338479,0 39.6298719456319,24.43143285019582,0 39.62986353068888,24.43142327591775,0 39.62985723184543,24.43141610548237,0 39.62985094537681,24.4314089499628,0 39.62984238855512,24.43140419145966,0 39.62983364879732,24.43140418484597,0 39.62982282706481,24.43140177960639,0 39.62980972468353,24.43140174961716,0 39.62979673058909,24.43139934013989,0 39.62978581569424,24.43139931517093,0 39.62977719534599,24.43139691782954,0 39.62976640008518,24.43139451985073,0 39.62975767355844,24.43139450152843,0 39.6297470097036,24.4313897325486,0 39.62973625087653,24.43138724937867,0 39.62972767686379,24.43138477921513,0 39.62972141190694,24.43137997101078,0 39.62971067873499,24.43137748031259,0 39.62970225915629,24.43137265585167,0 39.62969168045507,24.43136781219007,0 39.62967894746364,24.43136294947687,0 39.62966854383532,24.43135578503096,0 39.62965800697677,24.43135097599701,0 39.6296454676112,24.43134381310167,0 39.62963711429465,24.4313390759509,0 39.62962661299014,24.43133431092575,0 39.62961814170337,24.43133184754933,0 39.62960967648656,24.43132938566495,0 39.62959906204831,24.43132689438803,0 39.62958845543091,24.43132440501427,0 39.62957554683336,24.4313241665374,0 39.62956296589601,24.43131934434437,0 39.62955020835558,24.431316913223,0 39.62954409504984,24.43131223104063,0 39.62953151393827,24.43130756578798,0 39.62952326158766,24.43130289834127,0 39.62951698217522,24.43130057014363,0 39.62950874593922,24.43129591110762,0 39.62950071658366,24.43128892556019,0 39.62949230193091,24.43128660910284,0 39.62948409432052,24.43128196628156,0 39.62947569198419,24.43127965390299,0 39.62946750094319,24.43127501918645,0 39.62945931988543,24.43127038991373,0 39.62944900080292,24.43126576934015,0 39.62944083987122,24.43126115094127,0 39.62943268612297,24.43125653524029,0 39.62943569631323,24.43124729612728,0 39.62944105059775,24.43123577233541,0 39.62944382836658,24.43122887497435,0 39.6294470238771,24.43121740854745,0 39.62945212824323,24.43120825748442,0 39.62945935192832,24.43119912631853,0 39.62946848168785,24.43119228492166,0 39.62947334269321,24.43118549703691,0 39.62948028496201,24.43117877126172,0 39.62948933274061,24.43117208258133,0 39.62949430662264,24.43116319627984,0 39.6295013807116,24.43115434495248,0 39.62950633101995,24.43114549698927,0 39.62951355025871,24.43113448803664,0 39.62952053484669,24.43112583485462,0 39.62952538053563,24.43111723923442,0 39.6295302083886,24.43110870370234,0 39.62953500370077,24.43110024566271,0 39.6295396372914,24.43109393601744,0 39.629544416529,24.43108550515048,0 39.62954903632489,24.43107921555489,0 39.62955394835817,24.4310686899539,0 39.62955870096368,24.431060305355,0 39.62956151501083,24.43104977756308,0 39.62956625062148,24.43104142801878,0 39.62957348160499,24.43102683055362,0 39.62957598230174,24.43102057601206,0 39.62957892986867,24.43100797370911,0 39.62958365590074,24.43099961403047,0 39.62958406050231,24.43099340662289,0 39.62958668661685,24.43098510888009,0 39.62958762352063,24.43097068477366,0 39.62958815765683,24.4309624632312,0 39.62959090345456,24.4309521741281,0 39.62959585112826,24.43093983226569,0 39.62960084292956,24.43092734636637,0 39.62960783601207,24.43091503147527,0 39.6296167179767,24.43090484559605,0 39.62961912763037,24.43089884260518,0 39.62963016359075,24.43088665319235,0 39.62963691900462,24.43087660115711,0 39.6296413791946,24.43087056714036,0 39.6296460767369,24.43086051166873,0 39.62965056922048,24.43085434980265,0 39.62965516039024,24.43084622347186,0 39.62966374682205,24.43084000373674,0 39.6296742399478,24.43083742997845,0 39.629682631234,24.43083503174299,0 39.62969525256737,24.43083045922254,0 39.62970586369436,24.43082411051585,0 39.62971230885021,24.43081805213981,0 39.62971682985962,24.4308099655937,0 39.62972133674394,24.43080191086938,0 39.62972363786703,24.43079609169611,0 39.62973020672339,24.43078627490674,0 39.62973265884202,24.43077666911707,0 39.62973701604322,24.43077071452951,0 39.62974555395368,24.43076263401036,0 39.62974985145779,24.4307568609727,0 39.6297582028637,24.43075101405129,0 39.62976446808175,24.43074700147112,0 39.62977090714794,24.43073908453087,0 39.62977733387731,24.43073118280653,0 39.62978578126854,24.43072321087884,0 39.6297900799097,24.43071730389654,0 39.62979462893944,24.43070717185518,0 39.6297990973423,24.43069893731325,0 39.62980372709013,24.43068842633408,0 39.62980604103664,24.43068236826138,0 39.62980845273351,24.43067431347214,0 39.62981285877653,24.43066625784808,0 39.62981725510561,24.43065822087691,0 39.62982363643944,24.4306501834334,0 39.62983199569555,24.43064214582073,0 39.62983825223229,24.43063612995475,0 39.62984265250692,24.43062792880102,0 39.62984342735007,24.43061350005253,0 39.62984417914225,24.43059922106223,0 39.6298447931268,24.43058715563598,0 39.62984521829442,24.43057749734313,0 39.62984557475294,24.4305697158195,0 39.62984790667551,24.43056189947751,0 39.62984835626008,24.43055218101332,0 39.62985264988286,24.4305443582584,0 39.62985499956843,24.43053645229585,0 39.62986307060071,24.43053226903171,0 39.6298731849666,24.43052607431385,0 39.6298792776532,24.43052189404101,0 39.62988356205904,24.43051391076438,0 39.62988398576575,24.4305042259607,0 39.62988415825601,24.43049723915219,0 39.62988632605226,24.43048848259715,0 39.62989040936335,24.43048138868683,0 39.62989641095237,24.43047593155514,0 39.62990819291984,24.43047368886216,0 39.62991612415904,24.43046818669557,0 39.6299239738969,24.43046613514484,0 39.62992603107994,24.43046088859157,0 39.62992624017136,24.43045210423347,0 39.62992835642564,24.43044500515063,0 39.62992861126329,24.43043446405916,0 39.62992882320911,24.4304256967592,0 39.62993478339168,24.43042019166185,0 39.62994267690766,24.43041461073077,0 39.62995048060827,24.43041252975545,0 39.62996025272298,24.43040862652602,0 39.62996997905708,24.4304049249517,0 39.62997580491164,24.43040304740333,0 39.62998548504889,24.43040107893045,0 39.62999322025768,24.43040074875628,0 39.63000288583712,24.43040032318006,0 39.63001061373077,24.43039998291741,0 39.63002219728804,24.43039947295103,0 39.63003184250815,24.43039904825185,0 39.63003952744737,24.43040048187349,0 39.63004713630018,24.43040723923096,0 39.63004896631917,24.43041426221579,0 39.63005647507538,24.43042994945815,0 39.63006402813151,24.43044237389061,0 39.6300640035648,24.43044419437958,0 39.63006965417051,24.43045505816776,0 39.6300734082663,24.430464149979,0 39.63007908460619,24.4304750785122,0 39.63008477610825,24.43048603652113,0 39.63009049876209,24.43049520038107,0 39.63009430769792,24.43050259288387,0 39.63010006176924,24.43051009175093,0 39.63010579476196,24.43052139835869,0 39.63011352258928,24.43052895425481,0 39.63011736561781,24.4305365387897,0 39.63012318057365,24.43054222753931,0 39.6301309382442,24.43055173483879,0 39.63013676727734,24.43055935976998,0 39.63014260173863,24.43056891820551,0 39.630148450905,24.43057851569949,0 39.63015236023734,24.43058430482561,0 39.63015823738916,24.43059207287034,0 39.63016609329363,24.43059993031772,0 39.63017002982014,24.43060979565277,0 39.63017594577738,24.43061569044148,0 39.63018187535721,24.43062358581651,0 39.63018980832847,24.43063556117721,0 39.63019776155031,24.4306456156379,0 39.63020374490915,24.43065367563877,0 39.63020775656676,24.43066172825113,0 39.63021376623411,24.43066982714175,0 39.63021979043748,24.43067794566777,0 39.6302258126888,24.43068406809875,0 39.63023186442991,24.43069222128636,0 39.6302378906678,24.43069634684825,0 39.63024596739686,24.43070455787921,0 39.6302540290326,24.43071056950297,0 39.63026415749128,24.43072061965123,0 39.63027228064594,24.4307286803391,0 39.63027634853073,24.43073270354038,0 39.630284512393,24.43074257304091,0 39.63029269623024,24.43075246669424,0 39.63030291119412,24.4307623609086,0 39.63031110066376,24.43077029315938,0 39.63031733037703,24.43078027923135,0 39.63032555229767,24.43078824667332,0 39.63033172847121,24.43079422615906,0 39.63033795768729,24.43080223734131,0 39.63034419887514,24.43081026433492,0 39.63035040506308,24.43081627276713,0 39.63035464449293,24.43082435704373,0 39.63036096926277,24.43083447035785,0 39.63036729093296,24.43084445113656,0 39.63037149604864,24.43085043749133,0 39.6303779059353,24.43086259000417,0 39.63038438414137,24.43087678396524,0 39.63039283868248,24.43088871882138,0 39.63039928164158,24.43090078041686,0 39.63040574204268,24.43091287477818,0 39.63040802110703,24.4309210528322,0 39.63041228204,24.43092707505116,0 39.63041661162453,24.43093518211704,0 39.63042701404378,24.43094096329911,0 39.63043540854054,24.43094699878795,0 39.63044578579829,24.43095086364484,0 39.63045404627067,24.43095268937369,0 39.63046427431466,24.43095233048196,0 39.63047654237138,24.43095190007155,0 39.63048880801284,24.43095148989649,0 39.63049698316901,24.43095122256404,0 39.63050914720695,24.4309487009927,0 39.63052142140988,24.43094842392881,0 39.63052964527925,24.43094845108246,0 39.63053982776732,24.43094638650739,0 39.63054990208128,24.43094221750563,0 39.63056007327813,24.4309401655331,0 39.63056796513745,24.43093388011084,0 39.63057607745545,24.43093186146999,0 39.63058400126316,24.43092580927654,0 39.6305899618577,24.43092178287328,0 39.63059792823989,24.43091761355429,0 39.63060793078722,24.43091344261871,0 39.63061611745117,24.43091345685052,0 39.63062829424716,24.43091145659614,0 39.63063842601669,24.43090947812734,0 39.63064855382022,24.43090750041721,0 39.63065880437374,24.43090759389136,0 39.63066700570558,24.43090766866165,0 39.63067725818854,24.43090776213836,0 39.63068751226943,24.43090785557892,0 39.63069366486312,24.43090791169755,0 39.63070392109339,24.43090800583639,0 39.63071275757061,24.43091658724896,0 39.63071733968088,24.43092300726697,0 39.63072621102944,24.43093162476422,0 39.63073303921864,24.43094023309815,0 39.63073988382973,24.4309488619705,0 39.63074657961744,24.43095536991489,0 39.63075328755406,24.43096188964658,0 39.6307603452683,24.43097271830487,0 39.63076724318046,24.43098139379387,0 39.63077224724882,24.43099220865398,0 39.63078143427352,24.43100312661397,0 39.63078873776535,24.43101620936606,0 39.6307889130766,24.43101837654149,0 39.63079410231701,24.43103132836165,0 39.63079702522271,24.43104207999097,0 39.63079762973601,24.43105049087327,0 39.63079838720638,24.43106102733811,0 39.63079715309964,24.43107187945767,0 39.63079783876275,24.43108058620816,0 39.63079854246059,24.43108935990278,0 39.63079735410939,24.43110043901041,0 39.63079616193377,24.43111155009206,0 39.63079687844576,24.43112043174992,0 39.63079569139415,24.43113162767008,0 39.63079432714465,24.43114063863716,0 39.63079300108395,24.43114979881749,0 39.63079186543253,24.4311612769818,0 39.63079046204323,24.43117026806319,0 39.63078919720172,24.43118142000493,0 39.63078583757874,24.43119269809976,0 39.63078461174835,24.43120407282098,0 39.6307813790372,24.43121758735915,0 39.63078222713737,24.43122886859841,0 39.63078099473159,24.43124035287669,0 39.63077941764696,24.43124732912904,0 39.63077607044928,24.43125898785401,0 39.63077699560694,24.43127066303711,0 39.63077558885205,24.43128002321345,0 39.63077686722728,24.43129639505098,0 39.63077778369085,24.43130813133757,0 39.63077384866988,24.4313128727144,0 39.63076541113854,24.43131526210098,0 39.63075715340413,24.43132002753282,0 39.6307465528817,24.4313224437959,0 39.63073827557091,24.43132721834956,0 39.63072981677428,24.43132962880883,0 39.63071935973855,24.43133441674074,0 39.63071088571849,24.43133683040931,0 39.6307024069192,24.43133924560084,0 39.63069376568353,24.43133929683466,0 39.63068527858541,24.43134171514422,0 39.63067693632896,24.43134650039873,0 39.6306682854661,24.43134655406386,0 39.63065761773064,24.43134898902804,0 39.63064478092229,24.43135143591334,0 39.63063395616695,24.43135148886026,0 39.63062760147724,24.43135390449342,0 39.63061907597653,24.4313563323871,0 39.6306083779112,24.43135877235702,0 39.63059753490187,24.43135879632489,0 39.63058898782464,24.43136119623945,0 39.63057826214994,24.43136358105023,0 39.63056741018701,24.43136359064603,0 39.63055450108242,24.43136596660971,0 39.63054158436001,24.43136834397823,0 39.63053289771926,24.4313683517472,0 39.63052431503454,24.43137072652786,0 39.63051345317469,24.43137073625051,0 39.63050259102045,24.43137074590987,0 39.63048955642962,24.43137075738487,0 39.63047869456614,24.43137076705989,0 39.63047000448049,24.43137077470839,0 39.63045914220119,24.43137078436544,0 39.6304461069855,24.43137079595157,0 39.63043733831008,24.43136843636032,0 39.63042865603138,24.43136845068954,0 39.63041990391413,24.43136618481777,0 39.6304110089812,24.43135921353038,0 39.63040213781416,24.43135225468914,0 39.63039537937424,24.43134294165881,0 39.63038869915435,24.43133598727057,0 39.63038413069247,24.43132667242158,0 39.63037531492473,24.43131976149042,0 39.63036860986862,24.43131049502691,0 39.63036197679232,24.43130358122032,0 39.63035535467002,24.43129667892546,0 39.6303487413314,24.43128978904139,0 39.63033999393983,24.43128294284272,0 39.63033126121887,24.43127610689329,0 39.63032254033406,24.43126925063172,0 39.63031602007724,24.43126469553308,0 39.63030736577958,24.43126017113897,0 39.63029872041641,24.43125566369276,0 39.63028797845677,24.43125351902558,0 39.63027724466558,24.43125137542181,0 39.63026864901602,24.43124910387228,0 39.63026003219799,24.43124456263112,0 39.63024933159568,24.43124456689952,0 39.63023863107131,24.43124457178885,0 39.63022793252383,24.43124463750714,0 39.63021723614331,24.4312448461314,0 39.63020653755825,24.43124505494323,0 39.63019583725541,24.43124527153212,0 39.63018727472956,24.43124544837944,0 39.63017442876864,24.43124571416468,0 39.63016372271458,24.4312459171305,0 39.63015087069738,24.43124615487733,0 39.63014229643596,24.43124629550396,0 39.63013160471944,24.43124189525121,0 39.63012522806707,24.4312329187349,0 39.63012315633208,24.43122163659275,0 39.630121086522,24.43121034714164,0 39.63011900834477,24.43120134568304,0 39.63011267666671,24.43119244107009,0 39.63010635497294,24.43118362766143,0 39.63010002848559,24.43117707285746,0 39.63009583564781,24.43117049037325,0 39.63008738178522,24.43116620500036,0 39.63007893561873,24.43116192133603,0 39.63007264914527,24.43115539661015,0 39.63006421427623,24.43115114523757,0 39.63005578628776,24.43114699556229,0 39.63004951321346,24.43114064738657,0 39.63004113102314,24.43113435085527,0 39.63003272628194,24.43113021484336,0 39.63002644457618,24.43112603936789,0 39.63001378375819,24.43112414574078,0 39.63000535840841,24.43112216688013,0 39.62999477706185,24.43112238082344,0 39.62998631035038,24.43112255203742,0 39.62997788872188,24.4311205734407,0 39.63002239047842,24.43111538168383,0 
						</coordinates>
					</LinearRing>
				</outerBoundaryIs>
			</Polygon>
		</Placemark>
		<Placemark id="92C910210F63E7DEE6624">
			<name>81</name>
			<styleUrl>#m_ylw-pushpin0</styleUrl>
			<Polygon>
				<tessellate>1</tessellate>
				<outerBoundaryIs>
					<LinearRing>
						<coordinates>
							39.62889929327383,24.43222596959695,0 39.62889719427779,24.4322260110984,0 39.62889355842249,24.43221739934384,0 39.62890026633342,24.43221076338481,0 39.62890696201892,24.43220413934459,0 39.62891364576764,24.43219752717103,0 39.62891836246825,24.43218881052086,0 39.6289230705664,24.43218010520471,0 39.6289298558714,24.43217136144465,0 39.62893649639789,24.43216478241997,0 39.62894325132761,24.43215607498773,0 39.62894778786575,24.4321495692928,0 39.62895036424676,24.43214098872922,0 39.62895513111658,24.43213025615325,0 39.62895781492385,24.43211959942038,0 39.62896036989043,24.43211108645495,0 39.62896486422178,24.43210465900863,0 39.62896740626383,24.43209617988904,0 39.62897418070039,24.4320855311419,0 39.62897864846664,24.43207914769323,0 39.62898323119346,24.43207064472379,0 39.62898997081952,24.43206002095928,0 39.62899441548284,24.43205365257194,0 39.62900090019444,24.43204725016807,0 39.62900737405504,24.4320408594169,0 39.62901394333282,24.43203240132745,0 39.62902028645023,24.43202811276387,0 39.62902672487406,24.43202175687069,0 39.6290332533996,24.43201334442431,0 39.62904170263992,24.4320069712494,0 39.62904809954605,24.43200066676583,0 39.62905457709964,24.43199233177108,0 39.62906296799898,24.43198606249348,0 39.62906931682317,24.43197984376487,0 39.62907565435845,24.43197364039523,0 39.62908205036157,24.43196549476665,0 39.62908641867528,24.43195737484906,0 39.6290928778991,24.43194721112715,0 39.62909715285495,24.43194109377919,0 39.62909949288987,24.4319329831079,0 39.62910383474457,24.43192487241109,0 39.62911017391382,24.43191675222087,0 39.62911449869971,24.43190865377679,0 39.62911681385178,24.43190059109554,0 39.62911920078901,24.43189054220834,0 39.62912150304873,24.43188252944943,0 39.62912380099776,24.43187452798021,0 39.62912610272417,24.43186649982365,0 39.62912841102552,24.43185842764256,0 39.62913269128784,24.43185039589602,0 39.62913695790952,24.43184240966337,0 39.62914312203351,24.43183641993351,0 39.62914926919779,24.43183047698522,0 39.62915540980823,24.43182452252914,0 39.62916154254754,24.43181856091737,0 39.6291677305224,24.43181063749313,0 39.62917384093493,24.43180469964692,0 39.62918184915976,24.43180072805398,0 39.62918984818916,24.43179676108507,0 39.6291978381346,24.43179279877619,0 39.62920576402986,24.43179080069831,0 39.62921373471503,24.43178686545508,0 39.62922164380104,24.43178491283605,0 39.62923151195331,24.43178296315552,0 39.62924132991278,24.43178297222056,0 39.62924918444219,24.43178297963357,0 39.62925895344797,24.43178504205673,0 39.62926484141436,24.43178510319179,0 39.62927465524887,24.43178520355033,0 39.62928247341496,24.43178725635739,0 39.62929026676069,24.43179126594395,0 39.62929807135325,24.43179524963656,0 39.62930588604176,24.4317992381942,0 39.62931370951333,24.43180323155212,0 39.62932349083425,24.43180922551574,0 39.62933133717254,24.43181323097586,0 39.62934114898341,24.43181924288984,0 39.62934702554347,24.43182525553125,0 39.62935489105661,24.43183128403065,0 39.62936277051311,24.43183732335105,0 39.62936868228882,24.43184336850003,0 39.62937856500901,24.43185145770308,0 39.62938450388653,24.43185749915979,0 39.6293924435491,24.43186148668272,0 39.62940039223,24.43186749198075,0 39.62940636355417,24.43187347707592,0 39.62941234396584,24.43187939610188,0 39.62942033065963,24.43188717550417,0 39.62942832573848,24.43189299408109,0 39.62943632984302,24.43189876393315,0 39.62944234937731,24.43190460060287,0 39.62945037611801,24.43191044417234,0 39.62945841417277,24.431916295857,0 39.62946648049675,24.43192414944713,0 39.62947454306727,24.43193002044945,0 39.6294846427451,24.43193787095573,0 39.62949070242764,24.43194178709997,0 39.62949882124519,24.43194963714084,0 39.62950491997184,24.43195553129503,0 39.62951306391008,24.43196339566597,0 39.62952121341149,24.43197115008498,0 39.62952730877499,24.43197501917096,0 39.62953543402936,24.43197902367912,0 39.62954158291256,24.43198501003605,0 39.62954975519507,24.43199095204697,0 39.62955786884776,24.43199296978025,0 39.62956406476029,24.43199917746951,0 39.6295722965766,24.43200542059488,0 39.62957850639214,24.43201156519084,0 39.6295847729365,24.43201974789251,0 39.62959105254329,24.43202794791559,0 39.62959729247065,24.43203410067254,0 39.6296035980603,24.43204233017757,0 39.62960985896076,24.43204850060923,0 39.62961816345751,24.43205467088061,0 39.62962444585355,24.43206086299601,0 39.62962876904931,24.43206921128345,0 39.6296290886009,24.43207971964037,0 39.62962928086353,24.43208603895392,0 39.62962749361483,24.43209449771293,0 39.6296214852893,24.43209877597268,0 39.62961342351669,24.43210307597495,0 39.62960540961083,24.43210950208515,0 39.6295975090211,24.43212034219526,0 39.62959152735498,24.43212689711197,0 39.62958558818749,24.43213561367564,0 39.62957968599831,24.43214650661455,0 39.62957169719157,24.43215738698613,0 39.62956370770846,24.43217020968413,0 39.62956177410166,24.43217665284247,0 39.62955780704792,24.43218522583811,0 39.62955586483193,24.43219169413397,0 39.62954982156172,24.4322004636524,0 39.62954588868854,24.43221150493696,0 39.62953994598225,24.43222697490875,0 39.62953802751299,24.4322358440563,0 39.62953614060814,24.43224696628361,0 39.629534211444,24.43225588034649,0 39.62953231757199,24.43226705447835,0 39.6295325242248,24.43227836953334,0 39.62952206850741,24.4322805780466,0 39.62951157067528,24.43228048937475,0 39.62950314212255,24.43227818543524,0 39.62949469343824,24.43227367246965,0 39.62948415994908,24.43226915928522,0 39.62947785078037,24.43226690175442,0 39.62946943072802,24.43226240277772,0 39.62946103926587,24.43226014364459,0 39.62945265296685,24.43225788599244,0 39.62944219536073,24.43225795605086,0 39.62942965356054,24.4322602780104,0 39.6294191962003,24.43226258263276,0 39.62940872977062,24.43226267794999,0 39.62940035734778,24.43226496744484,0 39.62939197717768,24.43226726319822,0 39.62938149051598,24.43227179637599,0 39.62937099847453,24.43227411738676,0 39.62936050026175,24.43227633628079,0 39.62934998150816,24.43228087456426,0 39.62934368206563,24.43228096112267,0 39.62933729427106,24.43229207377403,0 39.62933303216945,24.43229873669687,0 39.6293287222628,24.4323098502257,0 39.62932653134592,24.43231875609814,0 39.62932435677369,24.43232545200069,0 39.62931792910013,24.43233441808786,0 39.6293136067416,24.43234329907958,0 39.62930713060176,24.43235446077686,0 39.62930277366045,24.43236362911587,0 39.62929625099588,24.43237511291624,0 39.62928970685079,24.43238663016587,0 39.62928534817237,24.43239352827025,0 39.62928098733555,24.43240033998161,0 39.62927232547452,24.43240926611208,0 39.62926585883196,24.4324136594164,0 39.62925934816331,24.43242029865714,0 39.62925282749708,24.43242694792451,0 39.62924629709436,24.43243360736534,0 39.62923760217596,24.43244046317481,0 39.62923103318193,24.43244735300355,0 39.62922230554178,24.43245427685142,0 39.62921366582596,24.43245664949418,0 39.62920291032191,24.43245693950094,0 39.62918998543393,24.43245743371045,0 39.62918358574301,24.43245533381388,0 39.62917281047913,24.43245574516747,0 39.62916426346212,24.4324537071111,0 39.62915144211016,24.43245153521833,0 39.62914284725039,24.43245163477273,0 39.62913432992441,24.43244941406657,0 39.62912573595536,24.4324495133685,0 39.62911722493295,24.43244729381101,0 39.62910871757113,24.43244507524198,0 39.62909806738764,24.43244288236305,0 39.62908732987662,24.43244300619272,0 39.62907883365365,24.43244078952927,0 39.62907258539682,24.43243623634532,0 39.62906419942328,24.43243171465701,0 39.62905571751449,24.43242952151316,0 39.62904519904465,24.43242505160852,0 39.62903672886022,24.43242285688289,0 39.62903051332553,24.43241834241895,0 39.62902205333408,24.43241615101261,0 39.62901134278168,24.43241627906648,0 39.62900074731977,24.4324141142815,0 39.62899432140881,24.43241419109266,0 39.62898599327531,24.43240971095994,0 39.62897742896519,24.43240981310299,0 39.62896898881574,24.43240762556319,0 39.62895841211713,24.43240546469223,0 39.62895464826226,24.43239637482705,0 39.62895730092269,24.43238722470551,0 39.62896220825659,24.43237579278907,0 39.62896697554971,24.43236666149075,0 39.62897173172199,24.43235755174728,0 39.62897635401935,24.43235072113344,0 39.62897708847037,24.43233719433655,0 39.62897969571058,24.43232817799706,0 39.6289824171578,24.43231694312351,0 39.62898301787312,24.43230576484461,0 39.62898349719192,24.43229684518916,0 39.62898632085205,24.43228348032789,0 39.62898679507769,24.43227461162869,0 39.62898516638869,24.43226578672852,0 39.62897698383274,24.43226153456449,0 39.62896892355668,24.43225512285741,0 39.62896075305041,24.43225090830303,0 39.6289548165838,24.43224447092073,0 39.62894666204247,24.43224026864562,0 39.62893851480095,24.43223607017919,0 39.62893037558961,24.4322318757384,0 39.62892211050343,24.43222986423133,0 39.62891398352282,24.43222567878874,0 39.62890572707546,24.43222367035277,0 39.62889551458387,24.43221953119092,0 39.62889929327383,24.43222596959695,0 
						</coordinates>
					</LinearRing>
				</outerBoundaryIs>
			</Polygon>
		</Placemark>
		<Placemark id="932ADF114593E7DEE6624">
			<name>82</name>
			<styleUrl>#m_ylw-pushpin0</styleUrl>
			<Polygon>
				<tessellate>1</tessellate>
				<outerBoundaryIs>
					<LinearRing>
						<coordinates>
							39.63223806602922,24.43156866383902,0 39.63222704612027,24.43156873028523,0 39.63221822990835,24.43156878331261,0 39.63220720919799,24.4315688436443,0 39.63219839198862,24.43156889167718,0 39.63218737028743,24.43156895189029,0 39.63217634753484,24.43156901193841,0 39.63216757421659,24.43156677198421,0 39.63216784419239,24.43155306950412,0 39.63216806949561,24.43154168193561,0 39.63217483554179,24.43153255962958,0 39.63217939305146,24.43152347064817,0 39.63218170819945,24.43151667444188,0 39.63218414231574,24.43150312914383,0 39.63218879183341,24.43148735807279,0 39.63219109095988,24.43148061519403,0 39.63219346176592,24.43146941064504,0 39.63219357527289,24.43146270998893,0 39.63219590069167,24.43145377935826,0 39.63219829390894,24.43144042581867,0 39.63220281230286,24.43142931525025,0 39.63220515306003,24.43141824731761,0 39.6322075552857,24.43140280672911,0 39.63220772398996,24.43139182189821,0 39.63221001454774,24.43138304225292,0 39.63221233285103,24.4313720970304,0 39.63221676423691,24.43136334671156,0 39.63221904012656,24.43135458635406,0 39.63222137316836,24.43134147782471,0 39.63222366998314,24.43133056946935,0 39.63222596094536,24.43131968247665,0 39.63222821638881,24.43131099161916,0 39.63223049556658,24.43130015799665,0 39.6322327129276,24.43129366684744,0 39.63223495378693,24.4312850326779,0 39.63223723783312,24.43127220745229,0 39.63223733689554,24.43126373836136,0 39.63224170066293,24.43125320211641,0 39.63224393611589,24.4312426792036,0 39.63224405108333,24.43123216950519,0 39.63224841217879,24.43121961857698,0 39.63225065388437,24.43120704993698,0 39.63225071864739,24.43120077753499,0 39.6322508258979,24.43119034571678,0 39.63225301121386,24.43118207806096,0 39.63225523129924,24.4311697062673,0 39.63225742608771,24.43115942348475,0 39.63225752183272,24.43114915698645,0 39.63226180065828,24.43113891244658,0 39.63226398148935,24.43112867621851,0 39.63226405270445,24.43112049194687,0 39.632266208795,24.43111230450837,0 39.6322683787619,24.43110210415757,0 39.63227262250523,24.43109193878969,0 39.63227480732854,24.43107776268031,0 39.63227692740737,24.43107169800328,0 39.63227908532881,24.43105960287288,0 39.63228123739738,24.43104754324579,0 39.63228337037886,24.43103751960821,0 39.63228549757932,24.431027513692,0 39.6322876212042,24.43101751716988,0 39.63228971642949,24.43101152905329,0 39.63229183019457,24.43100157213109,0 39.63229598397201,24.43099361798116,0 39.63229808524002,24.43098370545365,0 39.63230222340695,24.43097578676642,0 39.6323043045285,24.43096788897526,0 39.63230842850514,24.4309600016088,0 39.63231049959838,24.43095213500034,0 39.63231257240604,24.43094232464314,0 39.63231667484295,24.43093448761172,0 39.6323187352237,24.4309247209162,0 39.63232282287878,24.43091689336769,0 39.63232690444971,24.43090712543206,0 39.63232894368738,24.43089934332404,0 39.63233300772564,24.43089155234942,0 39.63233503684076,24.43088380127124,0 39.63233706190725,24.43087606559267,0 39.63234110560411,24.43086832165501,0 39.63234312061081,24.43086061667547,0 39.63234714735395,24.43085098957564,0 39.63234713267077,24.43084143195914,0 39.63234913807616,24.43083568369024,0 39.63235314861026,24.43082801741908,0 39.63235312279243,24.43081661472258,0 39.63235511253316,24.4308090130452,0 39.63235709865413,24.43080143424949,0 39.63235907533289,24.43079198541464,0 39.63236105335869,24.43078443972203,0 39.63236501170101,24.43077314086215,0 39.63236897448239,24.43076561655374,0 39.63237494217675,24.43076182919432,0 39.63238289675778,24.43075803081148,0 39.63239086939645,24.43075796982802,0 39.63239884142493,24.4307579088679,0 39.63240880480377,24.43075783273156,0 39.63241679419247,24.43075963960076,0 39.63242478622044,24.43076144705183,0 39.6324327775496,24.43076321814532,0 39.63244276228161,24.43076494658187,0 39.63245475135318,24.43076674609541,0 39.63246475637335,24.43076860276078,0 39.63247476571723,24.43077046069157,0 39.63248474524923,24.43077043924399,0 39.63249276691132,24.43077231477857,0 39.6325027635754,24.4307724082008,0 39.63251280232964,24.43077436124117,0 39.63252089274081,24.43077818542928,0 39.63252899200499,24.43078201381572,0 39.6325370506265,24.43078395800839,0 39.63254316171118,24.43078777842474,0 39.63255334357859,24.43079352389478,0 39.63256348524774,24.43079738350382,0 39.63257157159656,24.43079933658475,0 39.63258173250149,24.43080320270647,0 39.63259190467464,24.4308070732074,0 39.63260208837399,24.43081094805103,0 39.63261429772135,24.43081484511647,0 39.63262853758904,24.43081877545749,0 39.63263666928262,24.43082074177255,0 39.63264278605101,24.43082267812116,0 39.63265495075234,24.43082464542865,0 39.63265898052006,24.43082466551353,0 39.63266921259196,24.43082850386573,0 39.63268129068875,24.43082850280809,0 39.6326913559452,24.43082850194818,0 39.63269949849787,24.43083041163824,0 39.63270755164891,24.4308304071037,0 39.63271560354706,24.43083040179964,0 39.632727669632,24.43083035576414,0 39.63273571310194,24.43083032522138,0 39.63274385585552,24.43083220208531,0 39.63275189750485,24.43083216514048,0 39.63276204551664,24.430834004981,0 39.63277018792203,24.43083585923608,0 39.63278023447047,24.43083579099414,0 39.63279027647577,24.43083571424473,0 39.63280042575232,24.43083753384071,0 39.632806447258,24.43083747880726,0 39.63281459290813,24.43083931724239,0 39.63282462882373,24.4308392253918,0 39.6328366815863,24.43083914043395,0 39.6328448266724,24.43084096589009,0 39.63285485585946,24.43084086506917,0 39.6328650105163,24.430842670806,0 39.63287316240061,24.43084449726602,0 39.63288334304913,24.43084634695788,0 39.63289153505055,24.43084824363274,0 39.63290175211173,24.43085015163977,0 39.63291197406563,24.4308520605868,0 39.63292204725138,24.430852034733,0 39.63293212525289,24.4308520180745,0 39.63294034600973,24.43085394109958,0 39.63294857076284,24.4308558650703,0 39.63295865414971,24.43085585038316,0 39.63296688717016,24.43085777922019,0 39.63297714667866,24.43085971425964,0 39.63298522258616,24.43085971185192,0 39.63299347015005,24.43086164851146,0 39.63300154839436,24.43086164541479,0 39.63300980248456,24.4308635831081,0 39.63301604041804,24.43086552222913,0 39.6330281634054,24.43086551866858,0 39.63303440766057,24.43086745879868,0 39.63304653369083,24.43086745523907,0 39.63305663856995,24.43086745218623,0 39.63306674364063,24.43086744919123,0 39.63307886944051,24.43086744562568,0 39.63309099537592,24.43086744200576,0 39.63310533319886,24.43086936651262,0 39.63311139346243,24.43086935833863,0 39.6331196758284,24.43087128719806,0 39.63313200422248,24.43087321147308,0 39.63314008828836,24.43087320059721,0 39.63315040334967,24.43087512859038,0 39.63316072335058,24.43087705750131,0 39.63317307563018,24.43087899131847,0 39.6331791460576,24.43087898747898,0 39.63318924903437,24.43087896139454,0 39.63319733119032,24.43087894062763,0 39.63320541311914,24.43087891984232,0 39.63321372341514,24.43088084572896,0 39.63322407058831,24.43088278314803,0 39.63323262414766,24.43088666224476,0 39.63324118604439,24.4308905452617,0 39.63325155311747,24.43089248762266,0 39.63326169118891,24.4308924864378,0 39.63327206614345,24.43089442979401,0 39.63328220679625,24.43089442859293,0 39.63329258941661,24.43089637282338,0 39.63330070424829,24.43089637194293,0 39.63331084756252,24.43089637083592,0 39.63332124011326,24.43089831604434,0 39.63333138577597,24.43089831487072,0 39.63334001080934,24.43090220975348,0 39.63334890090869,24.43090805989024,0 39.63335804290337,24.43091584916756,0 39.63336693800159,24.43092169064801,0 39.63337355205856,24.43092558744949,0 39.63338220422198,24.43092948111508,0 39.63339113212816,24.43093534269104,0 39.63339803893155,24.43094121992868,0 39.63340468455198,24.43094513588645,0 39.63341392075441,24.43095299366657,0 39.63342058417348,24.43095692121559,0 39.63342808749589,24.43096678947143,0 39.63343532963036,24.43097469763177,0 39.6334405413359,24.43098262887465,0 39.63344548013907,24.43098858421154,0 39.63345098027997,24.43099852108602,0 39.63345852284471,24.43100844861775,0 39.63346374944427,24.43101641198416,0 39.63346898920182,24.43102439417553,0 39.63347452680942,24.43103440072271,0 39.6334803664821,24.43104644537281,0 39.63348535351994,24.43105247139108,0 39.63349080449701,24.43106072146622,0 39.63349617332278,24.43106887854094,0 39.6334998004163,24.43107911655866,0 39.63350549491815,24.43108935659196,0 39.63350882557496,24.43109758348161,0 39.63351430440949,24.43110589662694,0 39.63352003827505,24.43111620812408,0 39.63352339970191,24.43112449679252,0 39.63352678331438,24.43113282143037,0 39.63353050828793,24.43114326313068,0 39.6335356447346,24.43114949717997,0 39.63353945341379,24.43116006146745,0 39.63354256964978,24.43116639741558,0 39.63354848509823,24.43117699158005,0 39.63355406140279,24.43118547579727,0 39.63355788823504,24.43119610972816,0 39.63356578267896,24.4312065699791,0 39.6335688787069,24.43121290828856,0 39.63357680365369,24.43122341181436,0 39.63357991498734,24.4312297767422,0 39.63358545070315,24.43123823755614,0 39.63359342130271,24.43124880625203,0 39.63359933968194,24.43125946641194,0 39.63360527549914,24.43127015691948,0 39.63361047736383,24.43127649705303,0 39.63361615004324,24.43128687195454,0 39.63362151687863,24.43129514693592,0 39.63362689326633,24.43130343612199,0 39.63363227871983,24.43131173953697,0 39.63363798292222,24.43132217520452,0 39.63364307774874,24.43132838928832,0 39.63364880365581,24.43133886127633,0 39.63365245541768,24.43134943034449,0 39.63366031711578,24.43135990440511,0 39.63366383936279,24.43137033071097,0 39.63366905961564,24.43137845443757,0 39.63367200094806,24.43138467778839,0 39.63367522793258,24.43139300984733,0 39.63367846011524,24.43140135524419,0 39.63368385713487,24.43140971618916,0 39.63368715832675,24.43141816092783,0 39.63369259184884,24.43142657558432,0 39.63369620316103,24.43143718027524,0 39.6336995239691,24.43144567146266,0 39.63370285010676,24.43145417677101,0 39.63370618210848,24.43146269715186,0 39.63370982104531,24.43147337913595,0 39.63371102747091,24.43148197840155,0 39.63371467843056,24.4314927018694,0 39.63371772958316,24.43149912818721,0 39.63372169916168,24.43151205287667,0 39.63372322607696,24.43152288853841,0 39.63372659113391,24.43153151703968,0 39.63372862220037,24.43154482303764,0 39.63373248744271,24.43155591118179,0 39.63373379877609,24.43156475653528,0 39.63373728348016,24.43157358690018,0 39.63373827203571,24.43158024411131,0 39.63374211163581,24.43159134814609,0 39.63374568260719,24.43160032068186,0 39.63374926049836,24.43160931064037,0 39.63375322681892,24.43162062065568,0 39.6337572935763,24.43163208234505,0 39.63375878286119,24.43164126928692,0 39.63376027513853,24.43165047547468,0 39.63376214505584,24.43166201038565,0 39.63376401981161,24.43167357550924,0 39.63376292253874,24.43168052415131,0 39.63375439769427,24.43168282370083,0 39.63374586832106,24.43168512451906,0 39.63373696588543,24.43168510375074,0 39.63372620384094,24.43168740051509,0 39.63371729961607,24.43168737973904,0 39.63370875687936,24.43168968275031,0 39.63370023459426,24.43169202263683,0 39.63369141426903,24.43169213163551,0 39.63368285787885,24.43169443417595,0 39.63367200419371,24.43169663501679,0 39.63366306113709,24.4316965687052,0 39.63364996552461,24.43169875377038,0 39.63363655045066,24.43169865412063,0 39.63362599583882,24.43170314287273,0 39.63361735946792,24.43170536373249,0 39.63360431070317,24.43170766115619,0 39.63359359834349,24.43171013932673,0 39.63358729379905,24.43171255241506,0 39.63357656887386,24.43171503383432,0 39.63356583645862,24.43171751685816,0 39.63355730740538,24.43171996808871,0 39.63354656172199,24.43172245434093,0 39.63353797306509,24.43172483045393,0 39.6335292851974,24.43172704580418,0 39.63351842129083,24.43172936388086,0 39.63350988385691,24.43173185529313,0 39.63350134076957,24.43173434820946,0 39.63349279189112,24.43173684295445,0 39.63348254295344,24.43174392417508,0 39.6334739667036,24.43174640478338,0 39.63346538490298,24.43174888696878,0 39.63345704812148,24.43175364306006,0 39.63344895094423,24.43176067986456,0 39.63344084108996,24.43176772754197,0 39.63343296458108,24.43177706933724,0 39.63342703226226,24.43178406020442,0 39.63341870517738,24.43179079811888,0 39.63341090350493,24.43180041045796,0 39.63340505786196,24.4318076679529,0 39.63339860460941,24.4318100985991,0 39.63339019231199,24.43181495527363,0 39.63338206472279,24.43182224195585,0 39.63337108337322,24.43182468969446,0 39.63336263976327,24.43182956175988,0 39.63335192948293,24.43183444509529,0 39.63334348406512,24.43183936296895,0 39.63333049324808,24.43184427235805,0 39.63332424231039,24.43184910460033,0 39.63331316845484,24.43185147829773,0 39.63330464515224,24.43185633698519,0 39.63329387760039,24.43186127046129,0 39.63328283281994,24.43186376719665,0 39.63327204320953,24.4318687092,0 39.63326126971283,24.43187372622643,0 39.63325250710665,24.43187632312346,0 39.63324405006183,24.43188149929681,0 39.63323305525712,24.43188423807694,0 39.63322458463764,24.4318894578193,0 39.6332135698166,24.43189220299896,0 39.63320507599082,24.43189743414745,0 39.63319657005031,24.43190267276722,0 39.63319031667143,24.43190788599088,0 39.63318156096241,24.4319106966859,0 39.63317106437975,24.43191865999628,0 39.63316255834082,24.43192406210509,0 39.63315379877852,24.43192696370924,0 39.63314497165643,24.43192970304827,0 39.63313635673851,24.43193491035777,0 39.63312771110868,24.43194007308519,0 39.63311654688857,24.43194276517818,0 39.63310765660297,24.43194541957323,0 39.63309875115667,24.43194807008916,0 39.63308984824184,24.43195073681257,0 39.63307843695109,24.43195091816671,0 39.63306930199641,24.43195105266371,0 39.63305559791752,24.43195125419653,0 39.63304417565736,24.43195142245301,0 39.63303275165138,24.43195159036215,0 39.63302132614662,24.43195175858179,0 39.63300989861776,24.43195192665028,0 39.63300075595653,24.43195206259426,0 39.63299161188871,24.43195219717011,0 39.63297791942874,24.43195248850253,0 39.63296881729026,24.43195278382369,0 39.63295971315171,24.43195308035511,0 39.63295042899129,24.43195086666655,0 39.6329411484275,24.43194865467559,0 39.63293187113624,24.43194644355012,0 39.63292258339639,24.43194418695241,0 39.63291101547608,24.43194197256853,0 39.63290188732237,24.43194217690377,0 39.63288822784195,24.43194261205651,0 39.63287683944634,24.43194298242038,0 39.63286772607048,24.43194327893054,0 39.63285631910783,24.43194361253432,0 39.6328470507552,24.43194139461191,0 39.63283335562671,24.43194176596498,0 39.63282406112988,24.43193940980851,0 39.63281462512933,24.43193452421659,0 39.63280304965602,24.43193217947826,0 39.63279351403952,24.43192486642511,0 39.63278411765443,24.43192003473401,0 39.63277473070801,24.43191520839781,0 39.6327630748388,24.4319104435821,0 39.63275587582514,24.43190314463208,0 39.63274617982891,24.4318909693625,0 39.63274151154393,24.43188858077502,0 39.63273423517204,24.43187886183156,0 39.63272708765739,24.43187163823729,0 39.63271995241415,24.43186443266628,0 39.63272407219814,24.43185463535267,0 39.63272818308779,24.43184485978925,0 39.63273692200463,24.43183746733189,0 39.63274112270091,24.431830159008,0 39.63274983848539,24.43182280287238,0 39.63275628017173,24.43181548936359,0 39.63276045379899,24.43180821831099,0 39.63276225044593,24.43179859165148,0 39.63276167587414,24.4317866246135,0 39.63276121755342,24.43177707423934,0 39.63276066829556,24.4317652651464,0 39.63275789565366,24.43175361519098,0 39.6327574807624,24.43174431713519,0 39.63275482120021,24.43173503564718,0 39.63274982200715,24.43172345830808,0 39.63274717562891,24.43171421783678,0 39.63274676957175,24.43170498618048,0 39.63274408928529,24.43169557538595,0 39.6327435380455,24.43168384257146,0 39.63274064952148,24.43166980323964,0 39.63273787820586,24.43165813811853,0 39.63273736755442,24.43164664997646,0 39.63273700471756,24.43163769760197,0 39.63273431636114,24.43162644582326,0 39.63273163432657,24.43161522026553,0 39.63272672777538,24.43160393811365,0 39.63272397363502,24.43159055046756,0 39.63272353794208,24.43157949061226,0 39.63272300989174,24.43156800807422,0 39.63271812545385,24.43155855611751,0 39.63271768605355,24.43154929637235,0 39.63270438918858,24.43154879023927,0 39.63269552835913,24.43154845294321,0 39.63268446146813,24.43154804873858,0 39.6326711886615,24.43154757358757,0 39.63266023811534,24.43154955637397,0 39.63265142572189,24.43154942493502,0 39.63264041176053,24.43154926065609,0 39.63262941087776,24.43154916278079,0 39.63262069966145,24.43155144168516,0 39.63261189927601,24.43155138187012,0 39.63260088534275,24.4315511988741,0 39.63258987343654,24.43155101604929,0 39.63257887870567,24.4315509452742,0 39.63256789700471,24.43155095915692,0 39.63255910824837,24.4315509825528,0 39.63255032014542,24.43155098512057,0 39.63253939158386,24.43155328147409,0 39.6325284053477,24.43155328989426,0 39.63251961503041,24.43155329764954,0 39.63251307123552,24.43155559533135,0 39.63250427912936,24.43155561305623,0 39.63249553098699,24.43155792139466,0 39.63248234358561,24.43155799669866,0 39.63247355214926,24.43155805870824,0 39.63246036351044,24.43155815175726,0 39.63244717375751,24.43155824480541,0 39.6324383797885,24.43155830683902,0 39.63242958659004,24.43155837496571,0 39.63241639427986,24.43155847872804,0 39.63240320010905,24.431558582261,0 39.63239660149307,24.43155861872307,0 39.63238341715405,24.43156095730583,0 39.63237021529255,24.43156101071002,0 39.63235701320524,24.4315610643277,0 39.63235041183693,24.43156110741547,0 39.63233940881214,24.43156118090205,0 39.63233280653707,24.43156122517762,0 39.63232400293963,24.43156128409051,0 39.6323107970187,24.43156136616317,0 39.63229759006809,24.43156144538294,0 39.63229098608392,24.43156148497502,0 39.63227997887851,24.43156155114702,0 39.63227117258042,24.4315616039669,0 39.63226016419144,24.43156167007301,0 39.63224915489392,24.43156173616648,0 39.63223594253574,24.43156181549272,0 39.63222272949919,24.43156189482299,0 39.63221171747374,24.43156196030058,0 39.63220290776779,24.43156200812359,0 39.63218748975552,24.43156209204975,0 39.63218088173891,24.43156212793248,0 39.63223806602922,24.43156866383902,0 
						</coordinates>
					</LinearRing>
				</outerBoundaryIs>
			</Polygon>
		</Placemark>
		<Placemark id="94DD2007C1E3E7DEE6624">
			<name>83</name>
			<styleUrl>#m_ylw-pushpin0</styleUrl>
			<Polygon>
				<tessellate>1</tessellate>
				<outerBoundaryIs>
					<LinearRing>
						<coordinates>
							39.6308237524494,24.4242047617618,0 39.63162843686226,24.42229757834459,0 39.63306396729769,24.42273487612002,0 39.63258722086566,24.42422266087534,0 39.63156045563666,24.42499366625807,0 39.6308237524494,24.4242047617618,0 
						</coordinates>
					</LinearRing>
				</outerBoundaryIs>
			</Polygon>
		</Placemark>
		<Placemark id="95B2728C37E3E7DEE6624">
			<name>84</name>
			<styleUrl>#m_ylw-pushpin0</styleUrl>
			<Polygon>
				<tessellate>1</tessellate>
				<outerBoundaryIs>
					<LinearRing>
						<coordinates>
							39.62430476486154,24.44702438570874,0 39.62328932290274,24.44689580117465,0 39.62537325370027,24.44447807547299,0 39.62615326655961,24.44545387107363,0 39.62430476486154,24.44702438570874,0 
						</coordinates>
					</LinearRing>
				</outerBoundaryIs>
			</Polygon>
		</Placemark>
		<Placemark id="96D07B5A9FA3E7DEE6624">
			<name>85</name>
			<styleUrl>#m_ylw-pushpin0</styleUrl>
			<Polygon>
				<tessellate>1</tessellate>
				<outerBoundaryIs>
					<LinearRing>
						<coordinates>
							39.63111671786032,24.44338790689403,0 39.63110741838297,24.44339820272538,0 39.63109389528847,24.44341882965411,0 39.63108493757901,24.4434341370014,0 39.63108161409684,24.44345487257334,0 39.63107275851425,24.44347055726222,0 39.63105313827142,24.44348090874738,0 39.631039059116,24.44349647796773,0 39.63104115610145,24.4435223471707,0 39.63104365077346,24.44355339111165,0 39.63105047307332,24.44357415876457,0 39.6310577636012,24.44360026875957,0 39.63107446449375,24.44361580448416,0 39.63110016802229,24.44361557056023,0 39.63112587146565,24.44361536707815,0 39.6311468505186,24.44362034279917,0 39.63117251483116,24.44362003126631,0 39.63119212501903,24.44360934068565,0 39.63121264074131,24.44360909174357,0 39.63123268660185,24.44360363155487,0 39.63125275032045,24.44359824462185,0 39.63127185736634,24.44358248484692,0 39.63128628913206,24.44357198424006,0 39.63130022897518,24.44355632614269,0 39.63131975130379,24.44354581636849,0 39.63133316357838,24.44352505400279,0 39.63134660529524,24.4435044540437,0 39.63136021380176,24.44348431976776,0 39.63137430837701,24.44346938558191,0 39.63139401965526,24.44346369818577,0 39.63141832302964,24.44345288977405,0 39.63144357025325,24.44345222843195,0 39.63146414164983,24.44345653978493,0 39.63146582425797,24.4434762388376,0 39.63146290119639,24.44350110163102,0 39.63146484190139,24.44352140404968,0 39.63146793890542,24.44355231138548,0 39.63146497561545,24.44357320190296,0 39.63146706173331,24.443593938666,0 39.6314646103365,24.44362010658224,0 39.63145708259199,24.44364654514638,0 39.6314547372891,24.44367312235877,0 39.63144729215949,24.44369993486325,0 39.6314444149681,24.44372142389701,0 39.6314414679898,24.44374281809398,0 39.63143280650419,24.44375899722685,0 39.63142472975107,24.44378067060784,0 39.63141715835084,24.44380772359493,0 39.63140911592657,24.44382971406364,0 39.6314063547574,24.44385186784714,0 39.63139836630148,24.4438741023297,0 39.63140076380888,24.44389633477005,0 39.63139356176066,24.44392474550446,0 39.63139610152022,24.44394739499277,0 39.63139936470544,24.44397598249878,0 39.63140340318899,24.44401067278456,0 39.63140132564715,24.44403924299802,0 39.63140523655123,24.44407382897467,0 39.63140959904384,24.44411381486204,0 39.63141324985718,24.44414793073237,0 39.63141545311735,24.44417023404352,0 39.63141762573316,24.44419245077576,0 39.63142031119417,24.44422020502292,0 39.63142291723323,24.44424782330209,0 39.63142493487113,24.44426978868414,0 39.63142808930772,24.44430312116975,0 39.63142490002742,24.44432552974045,0 39.63142766729648,24.4443537824091,0 39.63143008861864,24.44437692943941,0 39.63142792282051,24.44440641084467,0 39.63140844826219,24.44442443027958,0 39.6313870417582,24.44442470423396,0 39.63136562416234,24.44442495709789,0 39.63134420414676,24.444425209686,0 39.63132278196625,24.4444254625479,0 39.63129599430351,24.44442574660044,0 39.631273958604,24.44442002986961,0 39.63124712698428,24.44442018690968,0 39.63122028486643,24.44442031867918,0 39.63119286518402,24.44441450652495,0 39.63116546173513,24.44440869788828,0 39.63114398502924,24.44440874695351,0 39.63112249558705,24.44440877490313,0 39.6311004161461,24.44440275896547,0 39.63107297573483,24.44439670988451,0 39.63105040757286,24.44438478228531,0 39.63103429898725,24.44438473404962,0 39.6310123485836,24.44437891939621,0 39.63099040190156,24.44437313363674,0 39.63096357118582,24.44437308828552,0 39.63094163143292,24.44436720374602,0 39.63092014966891,24.44436709130927,0 39.63089822255187,24.44436118317156,0 39.63087586811217,24.44434948358855,0 39.63085354203364,24.44433779844524,0 39.6308316703271,24.44433190960499,0 39.63080403802709,24.4443202202413,0 39.63077187614159,24.44432000172148,0 39.63074014588739,24.44432557136882,0 39.63071869305474,24.44432536489575,0 39.63069724192862,24.44432515875693,0 39.63067579246306,24.44432495278661,0 39.6306547408327,24.44433061842595,0 39.63063328826708,24.44433041203786,0 39.63061179064316,24.444330009921,0 39.63058493454567,24.44432953997028,0 39.63056387757121,24.44433530195846,0 39.63054890739295,24.44435293482893,0 39.63052900047646,24.44437696927091,0 39.63051902533243,24.44438897218901,0 39.63050426732477,24.44441235066781,0 39.6304948112581,24.44443572138652,0 39.63049071167652,24.4444589876529,0 39.63049224766534,24.44448781559153,0 39.63049380928467,24.44451686950554,0 39.63049573813665,24.44455647480757,0 39.63049767234035,24.44459183170959,0 39.63049970172635,24.44462774199529,0 39.6305007189409,24.44464574820172,0 39.63050792803548,24.44467614099915,0 39.63050983798284,24.44470730239013,0 39.63051213812156,24.44474484115526,0 39.63051444882487,24.44478253947615,0 39.63050434052689,24.44479557753381,0 39.63048182548686,24.44478384617464,0 39.63045896909183,24.4447658389667,0 39.63043686467323,24.44476040975647,0 39.63041473632438,24.4447548128585,0 39.63039261906959,24.44474919265957,0 39.63036539755391,24.44474998510483,0 39.63033809745173,24.44475034900888,0 39.63031595799444,24.44474447821485,0 39.6302886482702,24.44474476810462,0 39.63026103923152,24.4447387904212,0 39.63023319643903,24.44472679805234,0 39.63021061193095,24.44470882953018,0 39.63018830104215,24.44469687134769,0 39.63016056190106,24.44468492955639,0 39.63014397800491,24.44467896531527,0 39.63012195248442,24.44467300618012,0 39.63009449007676,24.444667052922,0 39.63007794126993,24.44466109921349,0 39.63005069911496,24.44466110920306,0 39.63002345699906,24.44466111894819,0 39.6299907662379,24.44466113069051,0 39.62996897389069,24.44466116678667,0 39.62994171933767,24.44466102639916,0 39.62992003812359,24.44466662214574,0 39.62988728044782,24.44466596544543,0 39.62987091560638,24.44466574253176,0 39.62984364436607,24.44466537185212,0 39.62982183988196,24.44466521686859,0 39.62980004937337,24.44466527029022,0 39.62977825742515,24.44466532346418,0 39.62975104068513,24.44466564600877,0 39.62972381338408,24.4446659301523,0 39.62970184792728,24.44465400979718,0 39.62967990841953,24.44464210696551,0 39.62966342016009,24.44463022191272,0 39.62964684267141,24.44460665884086,0 39.62963578906798,24.44458919597565,0 39.62964090775012,24.44455556105183,0 39.62964600278104,24.44452210940956,0 39.62965119218013,24.44449981762233,0 39.62966173958266,24.44447689702523,0 39.62967758709404,24.444448235914,0 39.62969346812389,24.44442538180376,0 39.62970916266196,24.44439124596093,0 39.62972494841429,24.44436844136717,0 39.62972996860453,24.44434556459944,0 39.62976196684868,24.44433387089177,0 39.6297832988296,24.44432781995348,0 39.62980995237993,24.44432169416699,0 39.62984207721119,24.44432131419537,0 39.62986349069045,24.44432106070259,0 39.62988503333273,24.44432649889648,0 39.62990136819771,24.44433770173575,0 39.62991800280292,24.44436033454903,0 39.62993988653363,24.44437717436503,0 39.62995642151455,24.44439395957945,0 39.62997819504101,24.4444049491046,0 39.62999966594874,24.44440451829211,0 39.63003688476779,24.44439234946865,0 39.63005279431074,24.44438632490429,0 39.63006886925735,24.44438588728674,0 39.63008473208582,24.44437964544003,0 39.63010613679021,24.44437907538635,0 39.63012732120859,24.44437275791669,0 39.63014850311462,24.4443664584107,0 39.63016943405104,24.44435440056506,0 39.63019060577312,24.44434811881126,0 39.63021170574405,24.44434176456698,0 39.63023837619691,24.44434103421771,0 39.63025921609566,24.44432896063104,0 39.63028506888597,24.44431084054993,0 39.63028987358301,24.44429920219926,0 39.63028354173836,24.4442765106794,0 39.63028202076301,24.4442422927216,0 39.63027093364497,24.44423133893894,0 39.63025409026846,24.44420929882171,0 39.63023750589527,24.44419287225868,0 39.630215660422,24.44417659239524,0 39.63020440617114,24.44416001712104,0 39.63018787193348,24.44414349969063,0 39.63017111833905,24.44412126348539,0 39.63015459013491,24.44410434727033,0 39.63013784260111,24.44408186752551,0 39.63012137785114,24.44406513529994,0 39.63010495984457,24.4440485245731,0 39.63008836901935,24.4440263749069,0 39.63007710588818,24.4440043964446,0 39.63008145418493,24.44397694241348,0 39.63008594557219,24.44395487747655,0 39.63009567584052,24.44393275696377,0 39.63010537201448,24.44391066829585,0 39.6301152277112,24.44389401825122,0 39.63012489255813,24.44387207124944,0 39.63014515497255,24.44385542516306,0 39.63015977039692,24.44382811835763,0 39.63015936590726,24.44381733780186,0 39.63014814203661,24.44379579952437,0 39.63013667065117,24.44376854464567,0 39.63012068589985,24.4437578839451,0 39.63010432243306,24.44373632397976,0 39.63009318265291,24.44371484167351,0 39.63008744384228,24.44369881682126,0 39.63008669715451,24.44367743149814,0 39.63008086277905,24.4436565871798,0 39.63008014576342,24.44363539652887,0 39.63007416103159,24.44360944325934,0 39.63007327835953,24.44358315265632,0 39.63006744739992,24.44356229038776,0 39.63006634794503,24.44353049175927,0 39.63007071404279,24.44350906990272,0 39.63008012481302,24.44348735722551,0 39.63008444529315,24.44346594953948,0 39.63008876679165,24.44344471107142,0 39.63009291965268,24.44341849281555,0 39.63009163431161,24.44338221787644,0 39.63009124663722,24.44337173265452,0 39.63008536606429,24.44335071860689,0 39.63007445246718,24.4433299655236,0 39.63005868178996,24.44331451949957,0 39.63003788723542,24.44329925101846,0 39.63001205365428,24.44328395653878,0 39.6299913185371,24.44326870359918,0 39.62996594464476,24.4432643206644,0 39.62994051311293,24.44325948081267,0 39.62991491770912,24.44324920640802,0 39.629889433001,24.4432436808058,0 39.62987406726937,24.44323802098808,0 39.62985369054876,24.44323264807766,0 39.62983318661369,24.44322191615022,0 39.62980766714073,24.44321125660316,0 39.62978719155329,24.44320017347633,0 39.62976170814183,24.44318919289721,0 39.62974143487776,24.44318381743135,0 39.62972607779403,24.44317272194267,0 39.62970564577018,24.44315676901374,0 39.62968538339992,24.44314667246038,0 39.62966506234708,24.44313132599448,0 39.62965472375114,24.44311053793696,0 39.62963947878763,24.44309514586661,0 39.62961920842086,24.44307495062953,0 39.62960905841499,24.44306023075567,0 39.62959888096071,24.44304066033187,0 39.62958865932311,24.44301573035094,0 39.62957845542105,24.44299061982718,0 39.62957334447676,24.44297563169979,0 39.62956323729769,24.44295593874489,0 39.6295580880189,24.44293148221925,0 39.62955301930767,24.44291683776971,0 39.62954293737287,24.44289250441092,0 39.62953777521279,24.44285862463909,0 39.6295376682662,24.44283957816407,0 39.62955735691423,24.44282539629746,0 39.62957710428139,24.44282110131282,0 39.62960151695895,24.44279184213693,0 39.62961600495401,24.44276275811588,0 39.62962558714246,24.44273865886235,0 39.62964489414104,24.44270955676165,0 39.62965928096663,24.4426851230762,0 39.62967844789097,24.44265587940978,0 39.62968797207355,24.44263698687832,0 39.62970239458696,24.44261849937346,0 39.62972172549893,24.4426045111014,0 39.62975073127503,24.44259003237103,0 39.62977009402909,24.44258472841232,0 39.62978449842293,24.44257494313436,0 39.62980364862229,24.44256039549517,0 39.62982263237728,24.44254092231566,0 39.6298463027094,24.44252058064197,0 39.62986513852329,24.44250091857214,0 39.62987459187069,24.44249148796979,0 39.62988880466955,24.44247770829676,0 39.62990784208488,24.44246397878591,0 39.62992190592167,24.44244570726855,0 39.62992619632312,24.4424269646852,0 39.62993036499812,24.4424075444296,0 39.62994415999711,24.44238820084889,0 39.6299530577039,24.44236861450634,0 39.62996677712196,24.44234932326269,0 39.62997085087898,24.44232999969462,0 39.62997474818501,24.44230600524753,0 39.62998377152711,24.44228781576651,0 39.62999741139724,24.44226510945396,0 39.63000659922622,24.44225180869384,0 39.63002061382961,24.44223883097887,0 39.63003475448951,24.44223037428459,0 39.63005354076627,24.4422176693738,0 39.63007251230851,24.44220949606026,0 39.63009135276095,24.44220095654389,0 39.63011046111804,24.44220108790575,0 39.63012955222298,24.44220117099328,0 39.630153436099,24.4422013635924,0 39.63017734784362,24.44220163458651,0 39.63019666988195,24.44220635593441,0 39.63021600460743,24.4422110803649,0 39.63024033780309,24.44222036772984,0 39.63026510455324,24.44223868741377,0 39.63027535175005,24.4422524611485,0 39.6302903567526,24.44226612737889,0 39.63030057200753,24.44227972386318,0 39.63032063046479,24.44229795516619,0 39.63033548895773,24.44230713919048,0 39.6303547045045,24.44230721500677,0 39.63037865421128,24.44230708876572,0 39.63039758774376,24.44230247990262,0 39.63041651090194,24.44229787361432,0 39.63043523872521,24.44228891571391,0 39.63045441256575,24.44228891789421,0 39.63047358641546,24.44228892008217,0 39.63049251668747,24.44228443763991,0 39.63051642512829,24.44228430161838,0 39.63053558463773,24.44228428314438,0 39.63055445079639,24.44227966484024,0 39.63057340307673,24.44227911842411,0 39.63059724255646,24.44227885073687,0 39.63062086971865,24.44227806157322,0 39.63064024314329,24.44228621518331,0 39.63065936548638,24.44229374141464,0 39.63068292756509,24.44229664079291,0 39.63070181342093,24.44229982458358,0 39.63072050379122,24.44229876106478,0 39.63074385796937,24.44229745812493,0 39.63076235319217,24.44229603124668,0 39.63079000802655,24.44228999048801,0 39.63080874181017,24.44228917304265,0 39.63082298171403,24.44228898611333,0 39.63084259611205,24.44229007835915,0 39.63086219030041,24.44228729974729,0 39.6308817274793,24.44228437601247,0 39.63090127938307,24.44228525119109,0 39.63092545985928,24.44228580517481,0 39.63094965891973,24.44228637619115,0 39.63096892636733,24.44228664175244,0 39.63099278058393,24.44228652574973,0 39.63101222111124,24.44229090709961,0 39.63103140038897,24.44229478648794,0 39.63105137805736,24.44230395004625,0 39.6310714647891,24.44231328155536,0 39.63109665996733,24.44232316413785,0 39.63111166878524,24.44232810785515,0 39.63113135230921,24.44233281789705,0 39.63115093278725,24.44233732858774,0 39.63117487970895,24.44233726166324,0 39.6311988882772,24.44233729399974,0 39.63121830940428,24.44233769014706,0 39.63123793555811,24.44234223528932,0 39.6312575713259,24.44234678272375,0 39.63127391974161,24.44236909426114,0 39.63128035634248,24.44238709058444,0 39.63129731112458,24.44241041627039,0 39.63130851496759,24.44242452271965,0 39.63131142739635,24.44244854083405,0 39.63129296968553,24.44245381849593,0 39.63127355484935,24.4424536566178,0 39.63125482183699,24.44245850830237,0 39.63123141441263,24.44246366808603,0 39.6312139519967,24.44247467228557,0 39.63119578650994,24.44248450402548,0 39.63117846871253,24.44250363218662,0 39.6311604761248,24.44251778480649,0 39.63114672352808,24.44252699999939,0 39.63112796117773,24.44253594704372,0 39.63110902564289,24.4425445928617,0 39.63108961378687,24.44254847836164,0 39.63107024855292,24.44255245971478,0 39.63104017217828,24.44255055917693,0 39.63102221287168,24.44256511343016,0 39.63101421947448,24.44258412622914,0 39.63101181925182,24.44260859906906,0 39.63100949854827,24.44263332845838,0 39.63100643253114,24.44265269076655,0 39.63099885456533,24.44267681071952,0 39.63100024519333,24.44269147278564,0 39.63100210248912,24.44271106146483,0 39.63100486981375,24.44274047355676,0 39.63100753746307,24.44276974652922,0 39.63101499600268,24.4427948870143,0 39.63101805043798,24.4428251508587,0 39.63102454952067,24.44284038731377,0 39.6310316076998,24.44286079754808,0 39.63104422493615,24.44288649902434,0 39.63105076713602,24.44290183910646,0 39.63106833798109,24.44292750269593,0 39.6310808352795,24.44295290758197,0 39.63109271700713,24.44297298552572,0 39.63109913023222,24.44298802311816,0 39.63112131353268,24.44301274788977,0 39.63113258597989,24.44302746702601,0 39.63114867908303,24.44304178268082,0 39.63116478617361,24.44305610120349,0 39.6311859076221,24.44307041202723,0 39.63119706256095,24.4430847933303,0 39.63122269457392,24.44309399766439,0 39.63123920442205,24.4431130392603,0 39.63124169606688,24.44313823834434,0 39.63123417307041,24.44316358103285,0 39.63123274931116,24.44319534542472,0 39.6312252038798,24.44321687734566,0 39.63121780150381,24.44323883803532,0 39.63121037718899,24.4432608644858,0 39.63119726828705,24.44327759587502,0 39.63118441984086,24.44329905950384,0 39.63116619013108,24.44331995429621,0 39.63115247854854,24.44333563638998,0 39.63114433811464,24.44335659164537,0 39.63113107233938,24.44337756889643,0 39.63111814075258,24.44340351724338,0 39.6311093022933,24.44341904340841,0 39.63109565733865,24.44343943550955,0 39.63108721573637,24.44346015721719,0 39.63107366509606,24.4434809916915,0 39.63106512207261,24.44350165622215,0 39.63105184133524,24.44352751309184,0 39.63111671786032,24.44338790689403,0 
						</coordinates>
					</LinearRing>
				</outerBoundaryIs>
			</Polygon>
		</Placemark>
	</Folder>
</Document>
</kml>
